,备注,序号,招考人数,招考单位,职位,职位代码,试卷类型,资格条件专业要求,资格条件其他条件,资格条件基层工作最低年限,资格条件学位要求,资格条件学历要求,资格条件政治面貌,部门,gsr_f,gsr_f_no,gsr_m,gsr_m_no,job_no
0,参照公务员法管理事业单位,1.0,2,自治区党委办公厅,计算机管理,1001.0,A卷,计算机科学与技术、网络工程、通信工程,,两年,学士及以上,本科及以上,不限,自治区党委信息化建设管理办公室,False,0,False,0,2
1,参照公务员法管理事业单位,2.0,1,自治区党委办公厅,综合服务,1002.0,A卷,不限,,两年,学士及以上,本科及以上,不限,自治区党委机关事务管理局,False,0,False,0,1
2,参照公务员法管理事业单位,3.0,1,自治区国家保密局,科员,2001.0,A卷,计算机类,,两年,学士及以上,本科及以上,不限,自治区保密技术检查中心,False,0,False,0,1
3,参照公务员法管理事业单位,4.0,1,自治区党校,科员,3001.0,A卷,会计专业,具有会计从业资格证及中级以上会计专业技术职称,两年,学士及以上,本科及以上,中共党员,计财处,False,0,False,0,1
4,参照公务员法管理事业单位,5.0,1,自治区党校,科员,3002.0,A卷,高等教育相关专业,,两年,硕士及以上,研究生及以上,中共党员,教务处,False,0,False,0,1
5,参照公务员法管理事业单位,6.0,1,自治区党校,科员,3003.0,A卷,教育类,,两年,硕士及以上,研究生及以上,中共党员,进修部,False,0,False,0,1
6,参照公务员法管理事业单位,7.0,1,自治区党校,科员,3004.0,A卷,高等教育相关专业,,两年,硕士及以上,研究生及以上,中共党员,研究生部,False,0,False,0,1
7,参照公务员法管理事业单位,8.0,1,自治区党校,科员,3005.0,A卷,政治与基础理论类,,两年,硕士及以上,研究生及以上,中共党员,机关党委,False,0,False,0,1
8,符合《公务员录用体检特殊标准(试行)》，单侧矫正视力低于5.0，不合格；报名时进行心理测试，笔试加试专业知识考试；不参加体能测评。,9.0,1,自治区公安厅,DNA检验鉴定,4001.0,B卷,生物科学,35周岁以下,无限制,不限,本科及以上,不限,刑侦总队,False,0,False,0,1
9,符合《公务员录用体检特殊标准(试行)》，单侧矫正视力低于5.0，不合格；报名时须体能测评合格。,10.0,1,自治区公安厅,理化检验,4002.0,A卷,化学,35周岁以下，限男性,两年,不限,本科及以上,不限,刑侦总队,False,0,True,1,1
10,工作地点在固原地区；符合《公务员录用体检特殊标准(试行)》，单侧矫正视力低于5.0，不合格；报名时须体能测评合格。,11.0,4,自治区公安厅,交通事故处理,4003.0,B卷,法律类、中国语言文学类、公安类,30周岁以下，限男性,无限制,不限,大专及以上,不限,高速公路交警支队,False,0,True,4,4
11,工作地点在吴忠市；符合《公务员录用体检特殊标准(试行)》，单侧矫正视力低于5.0，不合格；笔试加试专业知识考试；不参加体能测评。,12.0,4,自治区司法厅,狱医,5001.0,B卷,临床医学,35周岁以下，限男性,无限制,不限,大专及以上,不限,自治区第一强制隔离戒毒所,False,0,True,4,4
12,工作地点在吴忠市；符合《公务员录用体检特殊标准(试行)》，单侧矫正视力低于5.0，不合格；报名时须体能测评合格。,13.0,1,自治区司法厅,信息通信,5002.0,B卷,计算机类,30周岁以下，限男性,无限制,不限,本科及以上,不限,自治区第一强制隔离戒毒所,False,0,True,1,1
13,工作地点在吴忠市；符合《公务员录用体检特殊标准(试行)》，单侧裸眼视力低于4.8，不合格；报名时须体能测评合格。,14.0,1,自治区司法厅,文秘,5003.0,B卷,中国语言文学类,30周岁以下，限男性,无限制,不限,本科及以上,不限,自治区第一强制隔离戒毒所,False,0,True,1,1
14,符合《公务员录用体检特殊标准(试行)》，单侧矫正视力低于5.0，不合格；笔试加试专业知识考试；不参加体能测评。,15.0,2,自治区司法厅,狱医,5004.0,B卷,临床医学,35岁周以下，限女性，具有2年以上临床经验，具有医师及以上资格证,两年,不限,大专及以上,不限,自治区第三强制隔离戒毒所,True,2,False,0,2
15,符合《公务员录用体检特殊标准(试行)》，单侧裸眼视力低于4.8，不合格；报名时须体能测评合格。,16.0,1,自治区司法厅,文秘,5005.0,B卷,中国语言文学类、新闻传播类,30周岁以下，限男性,无限制,不限,大专及以上,不限,银川监狱,False,0,True,1,1
16,符合《公务员录用体检特殊标准(试行)》，单侧裸眼视力低于4.8，不合格；笔试加试专业知识考试；不参加体能测评。,17.0,1,自治区司法厅,狱内侦查,5006.0,B卷,公安类专业（治安管理、侦查、警察管理、安全保卫、安全防范技术、警察指挥与战术、刑事侦查技术等相关专业）,30周岁以下，限男性,无限制,不限,大专及以上,不限,银川监狱,False,0,True,1,1
17,符合《公务员录用体检特殊标准(试行)》，单侧裸眼视力低于4.8，不合格；报名时须体能测评合格。,18.0,1,自治区司法厅,基建管理,5007.0,B卷,建筑类,30周岁以下，限男性,无限制,不限,大专及以上,不限,银川监狱,False,0,True,1,1
18,符合《公务员录用体检特殊标准(试行)》，单侧矫正视力低于5.0，不合格；笔试加试专业知识考试；不参加体能测评。,19.0,1,自治区司法厅,狱医,5008.0,B卷,医学类,35周岁以下，限男性,无限制,不限,大专及以上,不限,银川监狱,False,0,True,1,1
19,符合《公务员录用体检特殊标准(试行)》，单侧裸眼视力低于4.8，不合格；报名时须体能测评合格。,20.0,1,自治区司法厅,罪犯教育,5009.0,B卷,艺术类,30周岁以下，限男性,无限制,不限,大专及以上,不限,银川监狱,False,0,True,1,1
20,符合《公务员录用体检特殊标准(试行)》，单侧矫正视力低于5.0，不合格；报名时须体能测评合格。,21.0,1,自治区司法厅,信息管理,5010.0,B卷,计算机类,30周岁以下,无限制,不限,大专及以上,不限,石嘴山监狱,False,0,False,0,1
21,符合《公务员录用体检特殊标准(试行)》，单侧裸眼视力低于4.8，不合格；笔试加试专业知识考试；不参加体能测评。,22.0,1,自治区司法厅,狱内侦查,5011.0,B卷,公安类专业（治安管理、侦查、警察管理、安全保卫、安全防范技术、警察指挥与战术、刑事侦查技术等相关专业）,30周岁以下，限男性,无限制,不限,大专及以上,不限,石嘴山监狱,False,0,True,1,1
22,符合《公务员录用体检特殊标准(试行)》，单侧矫正视力低于5.0，不合格；笔试加试专业知识考试；不参加体能测评。,23.0,4,自治区司法厅,狱医,5012.0,B卷,医学类,35周岁以下,无限制,不限,大专及以上,不限,石嘴山监狱,False,0,False,0,4
23,符合《公务员录用体检特殊标准(试行)》，单侧裸眼视力低于4.8，不合格；报名时须体能测评合格。,24.0,1,自治区司法厅,文秘,5013.0,B卷,中国语言文学类、新闻传播类,30周岁以下，限男性,无限制,不限,大专及以上,不限,吴忠监狱,False,0,True,1,1
24,符合《公务员录用体检特殊标准(试行)》，单侧矫正视力低于5.0，不合格；笔试加试专业知识考试；不参加体能测评。,25.0,3,自治区司法厅,狱医,5014.0,B卷,医学类,35周岁以下，限男性,无限制,不限,大专及以上,不限,吴忠监狱,False,0,True,3,3
25,符合《公务员录用体检特殊标准(试行)》，单侧裸眼视力低于4.8，不合格；报名时须体能测评合格。,26.0,2,自治区司法厅,罪犯管理,5015.0,B卷,法律类、司法类,30周岁以下，限男性,无限制,不限,大专及以上,不限,吴忠监狱,False,0,True,2,2
26,符合《公务员录用体检特殊标准(试行)》，单侧矫正视力低于5.0，不合格；笔试加试专业知识考试；不参加体能测评。,27.0,2,自治区司法厅,狱医,5016.0,B卷,医学类,35周岁以下，限男性,无限制,不限,大专及以上,不限,固原监狱,False,0,True,2,2
27,符合《公务员录用体检特殊标准(试行)》，单侧裸眼视力低于4.8，不合格；报名时须体能测评合格。,28.0,1,自治区司法厅,文秘,5017.0,B卷,中国语言文学类、新闻传播类,30周岁以下,无限制,不限,大专及以上,不限,女子监狱,False,0,False,0,1
28,符合《公务员录用体检特殊标准(试行)》，单侧矫正视力低于5.0，不合格；报名时须体能测评合格。,29.0,1,自治区司法厅,信息管理,5018.0,B卷,计算机类,30周岁以下,无限制,不限,大专及以上,不限,女子监狱,False,0,False,0,1
29,符合《公务员录用体检特殊标准(试行)》，单侧裸眼视力低于4.8，不合格；笔试加试专业知识考试；不参加体能测评。,30.0,1,自治区司法厅,狱内侦查,5019.0,B卷,公安类专业（治安管理、侦查、警察管理、安全保卫、安全防范技术、警察指挥与战术、刑事侦查技术等相关专业）,30周岁以下,无限制,不限,大专及以上,不限,女子监狱,False,0,False,0,1
30,符合《公务员录用体检特殊标准(试行)》，单侧矫正视力低于5.0，不合格；报名时须体能测评合格。,31.0,1,自治区司法厅,会计,5020.0,B卷,财政类,30周岁以下,无限制,不限,大专及以上,不限,女子监狱,False,0,False,0,1
31,符合《公务员录用体检特殊标准(试行)》，单侧矫正视力低于5.0，不合格；笔试加试专业知识考试；不参加体能测评。,32.0,1,自治区司法厅,狱医,5021.0,B卷,医学类,"35周岁以下,限女性",无限制,不限,大专及以上,不限,女子监狱,True,1,False,0,1
32,,33.0,2,自治区高级人民法院,执行人员,6001.0,A卷,法律类,限男性,两年,学士及以上,本科及以上,不限,自治区高级人民法院,False,0,True,2,2
33,"自治区高级人民法院1人，兴庆区人民法院2人；符合《公务员录用体检特殊标准(试行)》，单侧裸眼视力低于4.8，不合格；报名时须体能测评合格。
",34.0,3,自治区高级人民法院,司法警察,6002.0,B卷,法律类,30周岁以下，限男性,无限制,学士及以上,本科及以上,不限,法院系统,False,0,True,3,3
34,免笔试,35.0,5,自治区高级人民法院,法官,6003.0,,法律类,具有法律职业资格证书A证,无限制,学士及以上,本科及以上,不限,银川市兴庆区人民法院,False,0,False,0,5
35,免笔试,36.0,5,自治区高级人民法院,执行法官,6004.0,,法律类,具有法律职业资格证书A证，限男性,无限制,学士及以上,本科及以上,不限,银川市兴庆区人民法院,False,0,True,5,5
36,免笔试,37.0,2,自治区高级人民法院,执行法官,6005.0,,法律类,具有法律职业资格证书A证，限男性,无限制,学士及以上,本科及以上,不限,银川市金凤区人民法院,False,0,True,2,2
37,免笔试,38.0,1,自治区高级人民法院,法官,6006.0,,法律类,具有法律职业资格证书A证,无限制,学士及以上,本科及以上,不限,银川市西夏区人民法院,False,0,False,0,1
38,,39.0,1,自治区高级人民法院,网络管理员,6007.0,B卷,计算机类,,无限制,学士及以上,本科及以上,不限,银川市西夏区人民法院,False,0,False,0,1
39,免笔试,40.0,1,自治区高级人民法院,执行法官,6008.0,,法律类,具有法律职业资格证书，限男性,无限制,学士及以上,本科及以上,不限,永宁县人民法院,False,0,True,1,1
40,符合《公务员录用体检特殊标准(试行)》，单侧裸眼视力低于4.8，不合格；报名时须体能测评合格。,41.0,1,自治区高级人民法院,司法警察,6009.0,B卷,不限,30周岁以下，限男性,无限制,不限,本科及以上,不限,灵武市人民法院,False,0,True,1,1
41,免笔试,42.0,3,自治区高级人民法院,法官,6010.0,,法律类,具有法律职业资格证书A证,无限制,不限,本科及以上,不限,石嘴山市大武口区人民法院,False,0,False,0,3
42,免笔试,43.0,2,自治区高级人民法院,法官,6011.0,,法律类,具有法律职业资格证书A证,无限制,不限,本科及以上,不限,石嘴山市惠农区人民法院,False,0,False,0,2
43,,44.0,1,自治区高级人民法院,会计,6012.0,B卷,财政类,具有会计从业资格证书,无限制,不限,本科及以上,不限,石嘴山市大武口区人民法院,False,0,False,0,1
44,,45.0,2,自治区高级人民法院,书记员,6013.0,B卷,法律类,,无限制,不限,本科及以上,不限,石嘴山市中级人民法院,False,0,False,0,2
45,,46.0,2,自治区高级人民法院,文秘,6014.0,B卷,中国语言文学类、新闻传播类,,无限制,不限,本科及以上,不限,石嘴山市中级人民法院,False,0,False,0,2
46,石嘴山市中级人民法院3人，石嘴山市大武口区人民法院4人，石嘴山市惠农区人民法院3人，平罗县人民法院2人,47.0,12,自治区高级人民法院,执行人员,6015.0,B卷,法律类,限男性,无限制,不限,本科及以上,不限,石嘴山市法院系统,False,0,True,12,12
47,免笔试,48.0,1,自治区高级人民法院,法官,6016.0,,法律类,具有法律职业资格证书A证,无限制,学士及以上,本科及以上,不限,吴忠市中级人民法院,False,0,False,0,1
48,免笔试,49.0,2,自治区高级人民法院,执行法官,6017.0,,法律类,具有法律职业资格证书A证，限男性,无限制,学士及以上,本科及以上,不限,吴忠市中级人民法院,False,0,True,2,2
49,,50.0,1,自治区高级人民法院,网络管理员,6018.0,B卷,计算机类,,无限制,学士及以上,本科及以上,不限,吴忠市中级人民法院,False,0,False,0,1
50,免笔试,51.0,2,自治区高级人民法院,执行法官,6019.0,,法律类,具有法律职业资格证书A证，限男性,无限制,学士及以上,本科及以上,不限,吴忠市利通区人民法院,False,0,True,2,2
51,免笔试,52.0,2,自治区高级人民法院,执行法官,6020.0,,法律类,具有法律职业资格证书A证，限男性,无限制,不限,本科及以上,不限,青铜峡市人民法院,False,0,True,2,2
52,,53.0,1,自治区高级人民法院,法官助理,6021.0,B卷,法律类,,无限制,不限,本科及以上,不限,青铜峡市人民法院,False,0,False,0,1
53,,54.0,1,自治区高级人民法院,文秘,6022.0,B卷,中国语言文学类、新闻传播类,,无限制,学士及以上,本科及以上,不限,盐池县人民法院,False,0,False,0,1
54,,55.0,1,自治区高级人民法院,会计,6023.0,B卷,财政类,具有会计从业资格证书,无限制,不限,本科及以上,不限,同心县人民法院,False,0,False,0,1
55,免笔试,56.0,1,自治区高级人民法院,执行法官,6024.0,,法律类,具有法律职业资格证书A证，限男性,无限制,不限,本科及以上,不限,固原市中级人民法院,False,0,True,1,1
56,,57.0,4,自治区高级人民法院,书记员,6025.0,B卷,法律类,面向固原市五县区户籍人员和固原市五县区生源应往届高校毕业生招录,无限制,学士及以上,本科及以上,不限,西吉县人民法院,False,0,False,0,4
57,免笔试,58.0,2,自治区高级人民法院,执行法官,6026.0,,法律类,具有法律职业资格证书，限男性，面向泾源县户籍人员或泾源县生源应往届高校毕业生招录,无限制,学士及以上,本科及以上,不限,泾源县人民法院,False,0,True,2,2
58,,59.0,1,自治区高级人民法院,网络管理员,6027.0,B卷,计算机类,限男性,无限制,学士及以上,本科及以上,不限,泾源县人民法院,False,0,True,1,1
59,,60.0,2,自治区高级人民法院,执行人员,6028.0,B卷,法律类,限男性，面向固原市五县区户籍人员和固原市五县区生源应往届高校毕业生招录,无限制,不限,大专及以上,不限,彭阳县人民法院,False,0,True,2,2
60,,61.0,3,自治区高级人民法院,书记员,6029.0,B卷,法律类,,无限制,学士及以上,本科及以上,不限,中卫市中级人民法院,False,0,False,0,3
61,免笔试,62.0,1,自治区高级人民法院,法官,6030.0,,法律类,具有法律职业资格证书A证,无限制,不限,本科及以上,不限,中卫市沙坡头区人民法院,False,0,False,0,1
62,,63.0,1,自治区高级人民法院,文秘,6031.0,B卷,中国语言文学类、新闻传播类,,无限制,学士及以上,本科及以上,不限,中卫市沙坡头区人民法院,False,0,False,0,1
63,,64.0,1,自治区高级人民法院,网络管理员,6032.0,B卷,计算机类,,无限制,不限,本科及以上,不限,中卫市沙坡头区人民法院,False,0,False,0,1
64,,65.0,1,自治区高级人民法院,法官助理,6033.0,B卷,法律类,具有法律职业资格证书,无限制,不限,本科及以上,不限,中宁县人民法院,False,0,False,0,1
65,,66.0,1,自治区高级人民法院,执行人员,6034.0,B卷,法律类,限男性,无限制,不限,大专及以上,不限,中宁县人民法院,False,0,True,1,1
66,,67.0,1,自治区高级人民法院,文秘,6035.0,B卷,中国语言文学类、新闻传播类,,无限制,不限,本科及以上,不限,中宁县人民法院,False,0,False,0,1
67,免笔试,68.0,3,自治区高级人民法院,法官,6036.0,,法律类,具有法律职业资格证书A证,无限制,学士及以上,本科及以上,不限,银川铁路运输法院,False,0,False,0,3
68,免笔试,69.0,2,自治区检察院,检察官,7001.0,,法律类,具有法律职业资格证书,无限制,不限,本科及以上,不限,灵武市检察院,False,0,False,0,2
69,免笔试,70.0,2,自治区检察院,检察官,7002.0,,法律类,具有法律职业资格证书A证,无限制,学士及以上,本科及以上,不限,大武口区检察院,False,0,False,0,2
70,免笔试,71.0,1,自治区检察院,自侦部门检察官,7003.0,,法律类,限男性，取得法律职业资格证书A证,无限制,不限,本科及以上,不限,红果子地区检察院,False,0,True,1,1
71,免笔试,72.0,1,自治区检察院,检察官,7004.0,,法律类,具有法律职业资格证书A证,无限制,不限,本科及以上,不限,红果子地区检察院,False,0,False,0,1
72,,73.0,1,自治区检察院,网络管理员,7005.0,B卷,计算机类,,无限制,学士及以上,本科及以上,不限,惠农区检察院,False,0,False,0,1
73,免笔试,74.0,1,自治区检察院,检察官,7006.0,,法律类,具有法律职业资格证书,无限制,不限,本科及以上,不限,红寺堡区检察院,False,0,False,0,1
74,,75.0,1,自治区检察院,侦查人员,7007.0,B卷,法律类,限男性，面向同心县、红寺堡区户籍人员或同心县、红寺堡区生源应往届高校毕业生招录,无限制,学士及以上,本科及以上,不限,红寺堡区检察院,False,0,True,1,1
75,免笔试,76.0,2,自治区检察院,检察官,7008.0,,法律类,具有法律职业资格证书A证,无限制,学士及以上,本科及以上,不限,利通区检察院,False,0,False,0,2
76,免笔试,77.0,4,自治区检察院,检察官,7009.0,,法律类,具有法律职业资格证书A证,无限制,不限,本科及以上,不限,青铜峡市检察院,False,0,False,0,4
77,免笔试,78.0,1,自治区检察院,自侦部门检察官,7010.0,,法律类,限男性，取得法律职业资格证书,无限制,不限,本科及以上,不限,盐池县检察院,False,0,True,1,1
78,,79.0,1,自治区检察院,网络管理员,7011.0,B卷,计算机类,限男性,无限制,学士及以上,本科及以上,不限,盐池县检察院,False,0,True,1,1
79,,80.0,1,自治区检察院,书记员,7012.0,B卷,法律类,面向同心县、红寺堡区户籍人员或同心县、红寺堡区生源应往届高校毕业生招录,无限制,学士及以上,本科及以上,不限,同心县检察院,False,0,False,0,1
80,,81.0,1,自治区检察院,侦查人员,7013.0,B卷,法律类,限男性，面向同心县、红寺堡区户籍人员或同心县、红寺堡区生源应往届高校毕业生招录,无限制,学士及以上,本科及以上,不限,同心县检察院,False,0,True,1,1
81,免笔试,82.0,1,自治区检察院,检察官,7014.0,,法律类,具有法律职业资格证书A证,无限制,硕士及以上,研究生及以上,不限,固原市检察院,False,0,False,0,1
82,,83.0,2,自治区检察院,书记员,7015.0,B卷,法律类,面向固原市五县区户籍人员和固原市五县区生源应往届高校毕业生招录,无限制,学士及以上,本科及以上,不限,西吉县检察院,False,0,False,0,2
83,西吉县检察院1人、隆德县检察院1人,84.0,2,自治区检察院,文秘,7016.0,B卷,中国语言文学类、新闻传播类,面向固原市五县区户籍人员和固原市五县区生源应往届高校毕业生招录,无限制,学士及以上,本科及以上,不限,固原市检察院系统,False,0,False,0,2
84,,85.0,1,自治区检察院,侦查人员,7017.0,B卷,法律类,限男性，面向固原五县区户籍人员或固原五县区生源应往届高校毕业生招录,无限制,学士及以上,本科及以上,不限,隆德县检察院,False,0,True,1,1
85,,86.0,1,自治区检察院,侦查人员,7018.0,B卷,法律类,限男性，面向固原五县区户籍人员或固原五县区生源应往届高校毕业生招录,无限制,学士及以上,本科及以上,不限,泾源县检察院,False,0,True,1,1
86,,87.0,2,自治区检察院,侦查人员,7019.0,B卷,法律类,限男性,无限制,学士及以上,本科及以上,不限,中卫市检察院,False,0,True,2,2
87,免笔试,88.0,3,自治区检察院,检察官,7020.0,,法律类,具有法律职业资格证书A证,无限制,不限,本科及以上,不限,沙坡头区检察院,False,0,False,0,3
88,免笔试,89.0,1,自治区检察院,检察官,7021.0,,法律类,具有法律职业资格证书,无限制,不限,本科及以上,不限,海原县检察院,False,0,False,0,1
89,,90.0,1,银川市,科员,8001.0,B卷,中国语言文学类、新闻传播类,,无限制,学士及以上,本科及以上,中共党员,银川市委宣传部,False,0,False,0,1
90,参照公务员法管理事业单位,91.0,1,银川市,征研科科员,8002.0,B卷,历史学类,,无限制,学士及以上,本科及以上,不限,银川市委党史研究室,False,0,False,0,1
91,参照公务员法管理事业单位,92.0,1,银川市,业务指导处科员,8003.0,B卷,图书档案学类、计算机类、电气信息类,,无限制,不限,本科及以上,不限,银川市档案局,False,0,False,0,1
92,参照公务员法管理事业单位,93.0,2,银川市,科员,8004.0,B卷,中国语言文学类、新闻传播类,,无限制,学士及以上,本科及以上,中共党员,兴庆区委组织部党员电化教育中心,False,0,False,0,2
93,参照公务员法管理事业单位,94.0,1,银川市,科员,8005.0,B卷,不限,,无限制,学士及以上,本科及以上,不限,兴庆区委老干部局关心下一代工作委员会办公室,False,0,False,0,1
94,,95.0,1,银川市,科员,8006.0,B卷,中国语言文学类、新闻传播类,,无限制,不限,大专及以上,中共党员,金凤区委宣传部,False,0,False,0,1
95,丰登镇3人、良田镇1人,96.0,4,银川市,科员,8007.0,B卷,不限,,无限制,不限,大专及以上,不限,金凤区乡镇,False,0,False,0,4
96,望洪镇2人、杨和镇2人、李俊镇1人,97.0,5,银川市,科员一,8008.0,A卷,不限,面向“三支一扶”、“西部计划志愿者”项目服务期满两年、考核合格人员定向招录,无限制,不限,大专及以上,不限,永宁县乡镇,False,0,False,0,5
97,李俊镇2人、望洪镇2人、胜利乡1人、杨和镇1人、闽宁镇1人,98.0,7,银川市,科员二,8009.0,B卷,不限,,无限制,不限,大专及以上,不限,永宁县乡镇,False,0,False,0,7
98,,99.0,1,银川市,科员,8010.0,A卷,不限,面向服务期满两年、考核合格大学生村官定向招录,无限制,不限,大专及以上,不限,永宁县望洪镇,False,0,False,0,1
99,金贵镇1人、立岗镇1人、常信乡1人、习岗镇1人,100.0,4,银川市,科员一,8011.0,A卷,不限,面向服务期满两年、考核合格大学生村官定向招录,无限制,不限,大专及以上,不限,贺兰县乡镇,False,0,False,0,4
100,金贵镇3人、洪广镇1人、习岗镇1人,101.0,5,银川市,科员二,8012.0,B卷,不限,,无限制,不限,大专及以上,不限,贺兰县乡镇,False,0,False,0,5
101,洪广镇1人、常信乡1人,102.0,2,银川市,科员三,8013.0,B卷,农业类、林业类、水利类,,无限制,不限,大专及以上,不限,贺兰县乡镇,False,0,False,0,2
102,参照公务员法管理事业单位,103.0,1,银川市,文学编辑兼文秘,8014.0,B卷,中国语言文学类、教育类,,无限制,不限,大专及以上,不限,贺兰县文联,False,0,False,0,1
103,,104.0,1,银川市,文秘,8015.0,B卷,不限,,无限制,不限,大专及以上,中共党员,灵武市委办公室,False,0,False,0,1
104,,105.0,1,银川市,科员,8016.0,B卷,不限,,无限制,不限,大专及以上,中共党员,灵武市委政法委,False,0,False,0,1
105,符合《公务员录用体检特殊标准(试行)》，单侧裸眼视力低于4.8，不合格；报名时须体能测评合格。,106.0,2,银川市,警员一,8017.0,B卷,不限,30周岁以下,无限制,不限,大专及以上,不限,灵武市公安局,False,0,False,0,2
106,符合《公务员录用体检特殊标准(试行)》，单侧裸眼视力低于4.8，不合格；报名时须体能测评合格。,107.0,2,银川市,警员二,8018.0,A卷,不限,30周岁以下，面向“三支一扶”、“西部计划志愿者”项目服务期满两年、考核合格人员定向招录,无限制,不限,大专及以上,不限,灵武市公安局,False,0,False,0,2
107,符合《公务员录用体检特殊标准(试行)》，单侧矫正视力低于5.0，不合格；报名时须体能测评合格。,108.0,2,银川市,信息通信,8019.0,B卷,计算机类、电气信息类,30周岁以下,无限制,不限,大专及以上,不限,灵武市公安局,False,0,False,0,2
108,符合《公务员录用体检特殊标准(试行)》，单侧矫正视力低于5.0，不合格；报名时进行心理测试，笔试加试专业知识考试；不参加体能测评。,109.0,1,银川市,法医,8020.0,B卷,临床医学、法医学、医学检验,35周岁以下,无限制,不限,大专及以上,不限,灵武市公安局,False,0,False,0,1
109,,110.0,1,石嘴山市,科员,9001.0,B卷,法律类,,无限制,不限,本科及以上,不限,石嘴山市司法局,False,0,False,0,1
110,,111.0,1,石嘴山市,科员,9002.0,B卷,不限,,无限制,不限,大专及以上,民盟盟员或群众,民主同盟石嘴山市委员会,False,0,False,0,1
111,参照公务员法管理事业单位,112.0,1,石嘴山市,科员,9003.0,B卷,行政管理、文秘、秘书、秘书学、法律,,无限制,不限,大专及以上,不限,石嘴山市事业单位登记管理局,False,0,False,0,1
112,,113.0,1,石嘴山市,文秘,9004.0,B卷,不限,,无限制,不限,大专及以上,不限,大武口区人大办公室,False,0,False,0,1
113,,114.0,1,石嘴山市,科员,9005.0,B卷,不限,,无限制,不限,大专及以上,中共党员,大武口区委组织部,False,0,False,0,1
114,,115.0,1,石嘴山市,文秘,9006.0,B卷,不限,,无限制,不限,大专及以上,不限,大武口区委办公室,False,0,False,0,1
115,,116.0,1,石嘴山市,科员一,9007.0,B卷,不限,,无限制,不限,大专及以上,不限,大武口区星海镇,False,0,False,0,1
116,,117.0,1,石嘴山市,科员二,9008.0,A卷,不限,面向服务期满两年、考核合格大学生村官定向招录,无限制,不限,大专及以上,不限,大武口区星海镇,False,0,False,0,1
117,,118.0,1,石嘴山市,法律援助,9009.0,B卷,法律类,,无限制,不限,大专及以上,不限,大武口区司法局,False,0,False,0,1
118,参照公务员法管理事业单位,119.0,1,石嘴山市,文秘,9010.0,A卷,不限,面向服务期满两年、考核合格大学生村官定向招录,无限制,不限,大专及以上,中共党员,平罗县党员电化教育中心,False,0,False,0,1
119,符合《公务员录用体检特殊标准(试行)》，单侧裸眼视力低于4.8，不合格；报名时须体能测评合格。,120.0,6,石嘴山市,乡镇派出所警员,9011.0,B卷,不限,限男性,无限制,不限,大专及以上,不限,平罗县公安局,False,0,True,6,6
120,,121.0,1,石嘴山市,局属司法所司法助理员,9012.0,B卷,法律类,,无限制,不限,大专及以上,不限,平罗县司法局,False,0,False,0,1
121,,122.0,2,石嘴山市,科员,9013.0,B卷,不限,,无限制,不限,大专及以上,不限,平罗县城关镇,False,0,False,0,2
122,,123.0,1,石嘴山市,科员,9014.0,A卷,不限,面向服务期满两年、考核合格大学生村官定向招录,无限制,不限,大专及以上,不限,平罗县渠口乡,False,0,False,0,1
123,,124.0,1,吴忠市,综合业务科员,10001.0,B卷,法律类或财政类,,无限制,不限,本科及以上,中共党员,吴忠市纪检委,False,0,False,0,1
124,符合《公务员录用体检特殊标准(试行)》，单侧裸眼视力低于4.8，不合格；报名时须体能测评合格。,125.0,2,吴忠市,刑事侦查警员,10002.0,B卷,刑事科学技术（交通事故处理、公安图像技术、文件检验、痕迹检验）、物证技术学,30周岁以下,无限制,不限,本科及以上,不限,吴忠市公安局,False,0,False,0,2
125,符合《公务员录用体检特殊标准(试行)》，单侧矫正视力低于5.0，不合格；报名时须体能测评合格。,126.0,7,吴忠市,网络安全管理,10003.0,B卷,计算机科学与技术、计算机应用、电子与计算机工程、计算机软件、软件工程、网络工程,30周岁以下,无限制,不限,本科及以上,不限,吴忠市公安局,False,0,False,0,7
126,金积镇1人、板桥乡1人、金银滩镇2人、上桥镇1人,127.0,5,吴忠市,科员,10004.0,B卷,不限,,无限制,不限,大专及以上,不限,利通区乡镇,False,0,False,0,5
127,古城镇1人、板桥乡1人,128.0,2,吴忠市,宣传干事,10005.0,B卷,不限,,无限制,不限,大专及以上,中共党员,利通区乡镇,False,0,False,0,2
128,,129.0,1,吴忠市,组织干事,10006.0,A卷,不限,面向“三支一扶”、“西部计划志愿者”项目服务期满两年、考核合格人员定向招录,无限制,不限,大专及以上,中共党员,利通区板桥乡,False,0,False,0,1
129,,130.0,1,吴忠市,宣传干事,10007.0,A卷,不限,面向服务期满两年、考核合格大学生村官定向招录,无限制,不限,大专及以上,中共党员,利通区高闸镇,False,0,False,0,1
130,,131.0,1,吴忠市,组织干事,10008.0,A卷,不限,面向服务期满两年、考核合格大学生村官定向招录,无限制,不限,大专及以上,中共党员,红寺堡区太阳山镇,False,0,False,0,1
131,太阳山镇1人、新庄集乡1人,132.0,2,吴忠市,民政干事,10009.0,B卷,不限,面向红寺堡区户籍或红寺堡区生源应往届高校毕业生招录,无限制,不限,大专及以上,不限,红寺堡区乡镇,False,0,False,0,2
132,,133.0,1,吴忠市,纪检干事,10010.0,A卷,不限,面向“三支一扶”、“西部计划志愿者”项目服务期满两年、考核合格人员定向招录,无限制,不限,大专及以上,中共党员,红寺堡区新庄集乡,False,0,False,0,1
133,,134.0,1,吴忠市,办公室纪检员,10011.0,B卷,法学,,无限制,学士及以上,本科及以上,中共党员,青铜峡市纪检委,False,0,False,0,1
134,,135.0,1,吴忠市,宣传,10012.0,A卷,不限,面向服务期满两年、考核合格大学生村官定向招录,无限制,学士及以上,本科及以上,中共党员,青铜峡市机关工委,False,0,False,0,1
135,,136.0,1,吴忠市,社会经济管理办公室综合服务,10013.0,A卷,不限,面向服务期满两年、考核合格大学生村官定向招录,无限制,不限,大专及以上,不限,青铜峡市叶盛镇,False,0,False,0,1
136,青铜峡镇1人、陈袁滩镇1人、瞿靖镇1人、邵岗镇1人、峡口镇1人、大坝镇1人、小坝镇1人,137.0,7,吴忠市,科员,10014.0,B卷,不限,,无限制,不限,大专及以上,不限,青铜峡市乡镇,False,0,False,0,7
137,开城镇2人、黄铎堡镇2人,138.0,4,固原市,科员,11001.0,B卷,不限,,无限制,不限,大专及以上,不限,原州区乡镇,False,0,False,0,4
138,,139.0,1,固原市,科员,11002.0,A卷,不限,面向服务期满两年、考核合格大学生村官定向招录,无限制,不限,大专及以上,不限,原州区头营镇,False,0,False,0,1
139,符合《公务员录用体检特殊标准(试行)》，单侧裸眼视力低于4.8，不合格；报名时须体能测评合格。,140.0,2,固原市,警员,11003.0,B卷,公安类、法律类,30周岁以下，限男性,无限制,不限,大专及以上,不限,隆德县公安局,False,0,True,2,2
140,符合《公务员录用体检特殊标准(试行)》，单侧矫正视力低于5.0，不合格；报名时进行心理测试，笔试加试专业知识考试；不参加体能测评。,141.0,1,固原市,法医,11004.0,B卷,医学类,30周岁以下，限男性,无限制,不限,大专及以上,不限,隆德县公安局,False,0,True,1,1
141,符合《公务员录用体检特殊标准(试行)》，单侧裸眼视力低于4.8，不合格；报名时须体能测评合格。,142.0,1,固原市,文秘,11005.0,B卷,中国语言文学类,30周岁以下,无限制,不限,大专及以上,不限,隆德县公安局,False,0,False,0,1
142,,143.0,1,固原市,司法助理员一,11006.0,B卷,司法类、法律类,,无限制,不限,大专及以上,不限,隆德县司法局,False,0,False,0,1
143,,144.0,2,固原市,司法助理员二,11007.0,B卷,司法类、法律类,面向隆德县户籍人员或隆德县生源应往届高校毕业生招录,无限制,不限,大专及以上,不限,隆德县司法局,False,0,False,0,2
144,,145.0,1,固原市,工青专干,11008.0,A卷,不限,面向服务期满两年、考核合格大学生村官定向招录,无限制,不限,大专及以上,不限,隆德县神林乡,False,0,False,0,1
145,,146.0,1,固原市,计生专干,11009.0,A卷,不限,面向“三支一扶”、“西部计划志愿者”项目服务期满两年、考核合格人员定向招录,无限制,不限,大专及以上,不限,隆德县温堡乡,False,0,False,0,1
146,联财镇2人，神林乡2人，杨河乡1人，张程乡3人,147.0,8,固原市,科员,11010.0,B卷,不限,面向隆德县户籍人员或隆德县生源应往届高校毕业生招录,无限制,不限,大专及以上,不限,隆德县乡镇,False,0,False,0,8
147,符合《公务员录用体检特殊标准(试行)》，单侧裸眼视力低于4.8，不合格；报名时须体能测评合格。,148.0,8,固原市,警员,11011.0,B卷,不限,30周岁以下，限男性；面向西吉县户籍人员或者西吉县生源应往届高校毕业生招录,无限制,不限,大专及以上,不限,西吉县公安局,False,0,True,8,8
148,,149.0,2,固原市,文秘,11012.0,A卷,不限,面向“三支一扶”、“西部计划志愿者”项目服务期满两年、考核合格人员定向招录,无限制,不限,大专及以上,不限,西吉县兴隆镇,False,0,False,0,2
149,,150.0,2,固原市,文秘,11013.0,A卷,不限,面向服务期满两年、考核合格大学生村官定向招录,无限制,不限,大专及以上,不限,西吉县震湖乡,False,0,False,0,2
150,什字乡2人，硝河2人，沙沟乡2人，红耀乡2人，王民乡2人,151.0,10,固原市,科员一,11014.0,B卷,不限,面向西吉户籍人员或者西吉县生源应往届高校毕业生招录,无限制,不限,大专及以上,不限,西吉县乡镇,False,0,False,0,10
151,兴平乡1人，平峰乡1人，白崖乡1人，马建乡1人，田坪乡1人，偏城乡2人,152.0,7,固原市,科员二,11015.0,B卷,不限,,无限制,不限,大专及以上,不限,西吉县乡镇,False,0,False,0,7
152,,153.0,9,固原市,司法助理员,11016.0,B卷,不限,,无限制,不限,大专及以上,不限,彭阳县司法局,False,0,False,0,9
153,新集乡2人，小岔乡2人，古城镇4人，孟塬乡1人，交岔乡1人，罗洼乡1人，王洼镇1人,154.0,12,固原市,科员一,11017.0,B卷,不限,面向彭阳县户籍人员或彭阳县生源应往届高校毕业生招录,无限制,不限,大专及以上,不限,彭阳县乡镇,False,0,False,0,12
154,交岔乡、小岔乡各1人,155.0,2,固原市,科员二,11018.0,A卷,不限,面向“三支一扶”、“西部计划志愿者”项目服务期满两年、考核合格人员定向招录,无限制,不限,大专及以上,不限,彭阳县乡镇,False,0,False,0,2
155,,156.0,1,固原市,科员,11019.0,A卷,不限,面向服务期满两年、考核合格大学生村官定向招录,无限制,不限,大专及以上,不限,彭阳县新集乡,False,0,False,0,1
156,,157.0,1,中卫市,科员,12001.0,B卷,政治与基础理论类、中国语言文学类、新闻传播类、历史学类,,无限制,学士及以上,本科及以上,中共党员,市委宣传部,False,0,False,0,1
157,参照公务员法管理事业单位,158.0,1,中卫市,文秘,12002.0,B卷,不限,,无限制,不限,大专及以上,不限,事业单位登记管理局,False,0,False,0,1
158,宁安镇1人、恩和镇1人、余丁乡1人,159.0,3,中卫市,科员一,12003.0,A卷,不限,面向服务期满两年、考核合格大学生村官定向招录,无限制,不限,大专及以上,不限,中宁县乡镇,False,0,False,0,3
159,鸣沙镇1人、大战场镇1人、舟塔乡1人,160.0,3,中卫市,科员二,12004.0,A卷,不限,面向“三支一扶”、“西部计划志愿者”项目服务期满两年、考核合格人员定向招录,无限制,不限,大专及以上,不限,中宁县乡镇,False,0,False,0,3
160,宁安镇1人、鸣沙镇2人、大战场镇2人、白马乡1人,161.0,6,中卫市,科员三,12005.0,B卷,不限,,无限制,不限,大专及以上,不限,中宁县乡镇,False,0,False,0,6
161,符合《公务员录用体检特殊标准(试行)》，单侧裸眼视力低于4.8，不合格；报名时须体能测评合格。,162.0,4,中卫市,警员,12006.0,B卷,公安类,30周岁以下,无限制,不限,大专及以上,不限,中宁县公安局,False,0,False,0,4
162,符合《公务员录用体检特殊标准(试行)》，单侧矫正视力低于5.0，不合格；报名时进行心理测试，笔试加试专业知识考试；不参加体能测评。,163.0,1,中卫市,法医,12007.0,B卷,医学类,35周岁以下,无限制,不限,大专及以上,不限,中宁县公安局,False,0,False,0,1
163,符合《公务员录用体检特殊标准(试行)》，单侧矫正视力低于5.0，不合格；报名时须体能测评合格。,164.0,1,中卫市,会计,12008.0,B卷,财政类,30周岁以下,无限制,不限,大专及以上,不限,中宁县公安局,False,0,False,0,1
164,,165.0,3,中卫市,司法助理员,12009.0,B卷,法律类,,无限制,不限,大专及以上,不限,中宁县司法局,False,0,False,0,3
165,,166.0,1,中卫市,文秘,12010.0,B卷,中国语言文学类,,无限制,不限,大专及以上,不限,中宁县司法局,False,0,False,0,1
166,符合《公务员录用体检特殊标准(试行)》，单侧裸眼视力低于4.8，不合格；报名时须体能测评合格。,167.0,12,中卫市,警员一,12011.0,B卷,不限,30周岁以下，限男性，面向海原县户籍人员或海原县生源应往届高校毕业生招录,无限制,不限,大专及以上,不限,海原县公安局,False,0,True,12,12
167,符合《公务员录用体检特殊标准(试行)》，单侧裸眼视力低于4.8，不合格；报名时须体能测评合格。,168.0,4,中卫市,警员二,12012.0,B卷,不限,30周岁以下，限男性,无限制,不限,大专及以上,不限,海原县公安局,False,0,True,4,4
168,符合《公务员录用体检特殊标准(试行)》，单侧裸眼视力低于4.8，不合格；报名时须体能测评合格。,169.0,4,中卫市,警员三,12013.0,B卷,不限,30周岁以下,无限制,不限,大专及以上,不限,海原县公安局,False,0,False,0,4
169,,170.0,4,中卫市,司法助理员一,12014.0,B卷,不限,,无限制,不限,大专及以上,不限,海原县司法局,False,0,False,0,4
170,,171.0,1,中卫市,司法助理员二,12015.0,A卷,不限,面向“三支一扶”、“西部计划志愿者”项目服务期满两年、考核合格人员定向招录,无限制,不限,大专及以上,不限,海原县司法局,False,0,False,0,1
171,参照公务员法管理事业单位,172.0,1,中卫市,科员,12016.0,B卷,新闻传播类、计算机类、中国语言文学类,面向海原县户籍人员或海原县生源应往届高校毕业生招录,无限制,不限,本科及以上,不限,海原县委组织部党员电化教育中心,False,0,False,0,1
172,参照公务员法管理事业单位,173.0,1,中卫市,科员,12017.0,B卷,计算机类,面向海原县户籍人员或海原县生源应往届高校毕业生招录,无限制,不限,大专及以上,不限,海原县事业单位登记管理局,False,0,False,0,1
173,贾塘乡1人、郑旗乡3人、九彩乡1人、关庄乡2人,174.0,7,中卫市,科员一,12018.0,B卷,不限,面向海原县户籍人员或海原县生源应往届高校毕业生招录,无限制,不限,大专及以上,不限,海原县乡镇,False,0,False,0,7
174,红羊乡1人、甘城乡1人,175.0,2,中卫市,科员二,12019.0,A卷,不限,面向服务期满两年、考核合格大学生村官定向招录,无限制,不限,大专及以上,不限,海原县乡镇,False,0,False,0,2
175,,176.0,1,中卫市,科员,12020.0,A卷,不限,面向“三支一扶”、“西部计划志愿者”项目服务期满两年、考核合格人员定向招录,无限制,不限,大专及以上,不限,海原县关桥乡,False,0,False,0,1
176,,177.0,1,同心县,司法助理员一,13001.0,B卷,不限,面向同心县户籍人员或同心县生源应往届高校毕业生招录,无限制,不限,本科及以上,不限,同心县司法局,False,0,False,0,1
177,,178.0,1,同心县,司法助理员二,13002.0,A卷,不限,面向服务期满两年、考核合格大学生村官定向招录,无限制,不限,本科及以上,不限,同心县司法局,False,0,False,0,1
178,符合《公务员录用体检特殊标准(试行)》，单侧矫正视力低于5.0，不合格；报名时须体能测评合格。,179.0,1,盐池县,会计,14001.0,B卷,财政类,30周岁以下，面向盐池县户籍人员或盐池县生源应往届高校毕业生招录,无限制,不限,大专及以上,不限,盐池县公安局,False,0,False,0,1
179,符合《公务员录用体检特殊标准(试行)》，单侧矫正视力低于5.0，不合格；报名时须体能测评合格。,180.0,1,盐池县,网络管理,14002.0,B卷,计算机类,30周岁以下，面向盐池县户籍人员或盐池县生源应往届高校毕业生招录,无限制,不限,大专及以上,不限,盐池县公安局,False,0,False,0,1
180,符合《公务员录用体检特殊标准(试行)》，单侧矫正视力低于5.0，不合格；报名时进行心理测试，笔试加试专业知识考试；不参加体能测评。,181.0,1,盐池县,法医,14003.0,B卷,医学类,35周岁以下,无限制,不限,大专及以上,不限,盐池县公安局,False,0,False,0,1
181,符合《公务员录用体检特殊标准(试行)》，单侧裸眼视力低于4.8，不合格；报名时须体能测评合格。,182.0,3,盐池县,侦查员,14004.0,B卷,不限,30周岁以下，限男性，面向盐池县户籍人员或盐池县生源应往届高校毕业生招录,无限制,不限,大专及以上,不限,盐池县公安局,False,0,True,3,3
182,符合《公务员录用体检特殊标准(试行)》，单侧裸眼视力低于4.8，不合格；报名时须体能测评合格。,183.0,2,盐池县,交巡警,14005.0,B卷,不限,30周岁以下，限男性,无限制,不限,大专及以上,不限,盐池县公安局,False,0,True,2,2
183,,184.0,1,盐池县,文秘,14006.0,B卷,不限,,无限制,不限,大专及以上,不限,大水坑镇,False,0,False,0,1
184,大水坑镇1人、惠安堡镇1人、高沙窝镇1人、冯记沟乡1人、麻黄山乡2人,185.0,6,盐池县,科员一,14007.0,B卷,不限,面向盐池县户籍人员或盐池县生源应往届高校毕业生招录,无限制,不限,大专及以上,不限,乡镇,False,0,False,0,6
185,冯记沟乡2人、麻黄山乡1人,186.0,3,盐池县,科员二,14008.0,A卷,不限,面向服务期满两年、考核合格大学生村官定向招录,无限制,不限,大专及以上,不限,乡镇,False,0,False,0,3
186,,187.0,1,盐池县,工业经济管理,14009.0,A卷,不限,面向“三支一扶”、“西部计划志愿者”项目服务期满两年、考核合格人员定向招录,无限制,不限,大专及以上,不限,高沙窝镇,False,0,False,0,1
187,,188.0,1,盐池县,文秘,14010.0,B卷,不限,限男性，面向盐池县户籍人员或盐池县生源应往届高校毕业生招录,无限制,不限,大专及以上,不限,青山乡,False,0,True,1,1
188,,189.0,1,盐池县,文秘,14011.0,B卷,不限,限男性,无限制,不限,大专及以上,不限,麻黄山乡,False,0,True,1,1
189,,,412,合计,,,,,,,,,,,False,0,False,0,412
190,,1.0,1,自治区党委统战部,科员,1001.0,,计算机类,有网络维护工作经验,两年,不限,本科及以上,不限,办公室,False,0,False,0,1
191,,2.0,1,自治区民政厅,秘书,2001.0,,中国语言文学类,,两年,学士及以上,本科及以上,不限,办公室,False,0,False,0,1
192,,3.0,1,自治区人力资源和社会保障厅,综合管理一,3001.0,,经济学类、财政类、统计类、人力资源社会保障类,,两年,学士及以上,本科及以上,不限,机关处室,False,0,False,0,1
193,,4.0,1,自治区人力资源和社会保障厅,综合管理二,3002.0,,法律类,,两年,学士及以上,本科及以上,不限,机关处室,False,0,False,0,1
194,,5.0,2,自治区国土资源厅,科员,4001.0,,土地资源管理、资源环境与城乡规划管理、土地规划与管理、土地利用与规划,,两年,学士及以上,本科及以上,不限,土地管理业务处室,False,0,False,0,2
195,,6.0,2,自治区国土资源厅,科员,4002.0,,地质学、采矿工程、区域地质调查及矿产普查、煤田地质与勘查技术、非金属矿产地质与勘查技术、构造地质学、地质工程、勘查技术与工程、资源勘查工程、水文与工程地质、工程地质勘查、环境地质工程、矿山地质、矿山资源开发与管理、矿产普查与勘探、地质灾害与防治技术,,两年,学士及以上,本科及以上,不限,地质矿产业务处室,False,0,False,0,2
196,,7.0,1,自治区食品药品监督管理局,科员一,5001.0,,医疗器械工程,,两年,学士及以上,本科及以上,不限,机关处室,False,0,False,0,1
197,,8.0,1,自治区食品药品监督管理局,科员二,5002.0,,食品科学与工程、食品质量与安全,,两年,学士及以上,本科及以上,不限,机关处室,False,0,False,0,1
198,安全生产事故现场处置,9.0,1,自治区安全生产监督管理局,科员,6001.0,,化学工程与工艺或应用化工技术类专业,限男性,两年,学士及以上,本科及以上,不限,机关处室,False,0,True,1,1
199,,10.0,1,自治区科协,科员,7001.0,,不限,,两年,学士及以上,本科及以上,不限,机关部室,False,0,False,0,1
200,,11.0,1,自治区物价局,科员,8001.0,,会计学、审计学、财务管理,,两年,硕士及以上,研究生及以上,不限,价格监督检查与反垄断局,False,0,False,0,1
201,,12.0,1,自治区物价局,科员,8002.0,,会计学、审计学、财务管理,,两年,硕士及以上,研究生及以上,不限,价格成本调查监审局,False,0,False,0,1
202,参照公务员法管理事业单位，一线执法工作,13.0,1,自治区国土资源执法监察局,科员,9001.0,,土地资源管理、资源环境与城乡规划管理、土地规划与管理、土地利用与规划,限男性,不限,学士及以上,本科及以上,不限,石嘴山市国土资源执法监察支队,False,0,True,1,1
203,参照公务员法管理事业单位，一线执法工作,14.0,1,自治区国土资源执法监察局,科员,9002.0,,土地资源管理、资源环境与城乡规划管理、土地规划与管理、土地利用与规划,限男性,不限,学士及以上,本科及以上,不限,固原市国土资源执法监察支队,False,0,True,1,1
204,参照公务员法管理事业单位，一线执法工作,15.0,1,自治区国土资源执法监察局,科员,9003.0,,土地资源管理、资源环境与城乡规划管理、土地规划与管理、土地利用与规划,限男性,不限,学士及以上,本科及以上,不限,农垦国土资源执法监察支队,False,0,True,1,1
205,符合《公务员录用体检特殊标准（试行）》；通过上半年公务员招考体能测评，取得体能测评合格通知单。,16.0,1,自治区森林公安局,警员,10001.0,,法律类,30周岁以下,不限,学士及以上,本科及以上,不限,哈巴湖分局,False,0,False,0,1
206,,17.0,1,银川市粮食局,科员,11001.0,,经济学类、财会学类,财政学类需具有会计资格证,不限,学士及以上,本科及以上,不限,综合业务科,False,0,False,0,1
207,,18.0,1,石嘴山市粮食局,科员,12001.0,,财政学类,具有会计资格证,不限,学士及以上,本科及以上,不限,综合业务科,False,0,False,0,1
208,其中银川市兴庆区南区地税局1人，银川市西夏区南区地税局1人，永宁县地税局1人，灵武市地税局1人，石嘴山市惠农区地税局1人，平罗县地税局1人，中宁县地税局1人,19.0,7,自治区地税局,办公室文秘,13001.0,,汉语言文学,,不限,学士及以上,本科及以上,不限,地税系统,False,0,False,0,7
209,其中贺兰县地税局1人，灵武市地税局1人，石嘴山市惠农区地税局1人，平罗县地税局1人，青铜峡市地税局1人，中卫市地税直属局1人,20.0,6,自治区地税局,计财科科员,13002.0,,计算机科学与技术、计算机应用、计算机软件、计算机网络与软件应用、软件工程、信息管理与信息安全、信息管理与信息系统、信息安全,,不限,学士及以上,本科及以上,不限,地税系统,False,0,False,0,6
210,其中银川市金凤区地税局1人，永宁县地税局2人，灵武市地税局2人，石嘴山市惠农区地税局2人，平罗县地税局3人，青铜峡市地税局4人，中宁县地税局2人,21.0,16,自治区地税局,税务所稽查科员,13003.0,,会计学、财务管理、审计（学）、税务（学）,限男性,不限,学士及以上,本科及以上,不限,地税系统,False,0,True,16,16
211,其中灵武市地税局1人，平罗县地税局1人，青铜峡市地税局1人，中宁县地税局3人,22.0,6,自治区地税局,税务所科员,13004.0,,不限,面向“三支一扶”、“西部计划志愿者”、“大学生村官”项目服务期满两年、考核合格人员定向招录,两年,学士及以上,本科及以上,不限,地税系统,False,0,False,0,6
212,其中银川市兴庆区南区地税局1人，银川市金凤区地税局1人，青铜峡市地税局1人，中宁县地税局1人,23.0,4,自治区地税局,税政法规科科员,13005.0,,法律类,,不限,学士及以上,本科及以上,不限,地税系统,False,0,False,0,4
213,,24.0,1,自治区地税局,办公室文秘,13006.0,,不限,面向“三支一扶”、“西部计划志愿者”、“大学生村官”项目服务期满两年、考核合格人员定向招录,两年,学士及以上,本科及以上,不限,贺兰县地税局,False,0,False,0,1
214,,25.0,1,自治区高级人民法院,会计,14001.0,,财政类,具有会计从业资格证，从事财务工作两年以上,不限,学士及以上,本科及以上,不限,银川市西夏区人民法院,False,0,False,0,1
215,,26.0,4,自治区高级人民法院,执行人员,14002.0,,法律类,限男性,不限,不限,本科及以上,不限,石嘴山市大武口区人民法院,False,0,True,4,4
216,,27.0,2,自治区高级人民法院,执行人员,14003.0,,法律类,限男性,不限,不限,本科及以上,不限,石嘴山市惠农区人民法院,False,0,True,2,2
217,,28.0,1,自治区高级人民法院,会计,14004.0,,财政类,具有会计从业资格证,不限,不限,本科及以上,不限,石嘴山市惠农区人民法院,False,0,False,0,1
218,,29.0,1,自治区高级人民法院,网络管理员,14005.0,,计算机类,限男性,不限,不限,本科及以上,不限,石嘴山市惠农区人民法院,False,0,True,1,1
219,,30.0,2,自治区高级人民法院,执行人员,14006.0,,法律类,限男性,不限,不限,本科及以上,不限,平罗县人民法院,False,0,True,2,2
220,,31.0,1,自治区高级人民法院,档案管理员,14007.0,,不限,,不限,不限,本科及以上,不限,平罗县人民法院,False,0,False,0,1
221,,32.0,2,自治区高级人民法院,书记员,14008.0,,法律类,,不限,学士及以上,本科及以上,不限,吴忠市利通区人民法院,False,0,False,0,2
222,,33.0,1,自治区高级人民法院,书记员,14009.0,,法律类,,不限,不限,本科及以上,不限,固原市中级人民法院,False,0,False,0,1
223,,34.0,1,自治区高级人民法院,书记员,14010.0,,法律类,面向固原五县区户籍人员或固原五县区生源应往届高校毕业生招录,不限,学士及以上,本科及以上,不限,泾源县人民法院,False,0,False,0,1
224,,35.0,1,自治区高级人民法院,执行人员,14011.0,,法律类,限男性，面向固原五县区户籍人员或固原五县区生源应往届高校毕业生招录,不限,不限,本科及以上,不限,彭阳县人民法院,False,0,True,1,1
225,,36.0,1,自治区高级人民法院,书记员,14012.0,,法律类,,不限,学士及以上,本科及以上,不限,隆德县人民法院,False,0,False,0,1
226,,37.0,2,自治区高级人民法院,执行人员,14013.0,,法律类,限男性,不限,不限,大专及以上,不限,中宁县人民法院,False,0,True,2,2
227,符合《公务员录用体检特殊标准（试行）》；通过上半年公务员招考体能测评，取得体能测评合格通知单。,38.0,1,自治区检察院,司法警察,15001.0,,不限,30周岁以下，限男性,不限,学士及以上,本科及以上,不限,灵武市检察院,False,0,True,1,1
228,符合《公务员录用体检特殊标准（试行）》；通过上半年公务员招考体能测评，取得体能测评合格通知单。,39.0,1,自治区检察院,司法警察,15002.0,,不限,30周岁以下，限男性,不限,学士及以上,本科及以上,不限,石嘴山市检察院,False,0,True,1,1
229,,40.0,2,自治区检察院,侦查人员,15003.0,,法律类,限男性,不限,学士及以上,本科及以上,不限,惠农区检察院,False,0,True,2,2
230,,41.0,1,自治区检察院,书记员,15004.0,,法律类,,不限,学士及以上,本科及以上,不限,惠农区检察院,False,0,False,0,1
231,,42.0,1,自治区检察院,侦查人员,15005.0,,法律类,限男性,不限,学士及以上,本科及以上,不限,利通区检察院,False,0,True,1,1
232,,43.0,1,自治区检察院,文秘,15006.0,,中国语言文学类、新闻传播类,从事文字工作两年以上,不限,学士及以上,本科及以上,不限,利通区检察院,False,0,False,0,1
233,,44.0,1,自治区检察院,侦查人员,15007.0,,法律类,限男性，面向同心县、红寺堡区户籍人员或同心县、红寺堡区生源应往届高校毕业生招录,不限,学士及以上,本科及以上,不限,同心县检察院,False,0,True,1,1
234,符合《公务员录用体检特殊标准（试行）》；通过上半年公务员招考体能测评，取得体能测评合格通知单。,45.0,1,自治区检察院,司法警察,15008.0,,不限,30周岁以下，限女性，面向同心县、红寺堡区户籍人员或同心县、红寺堡区生源应往届高校毕业生招录,不限,学士及以上,本科及以上,不限,同心县检察院,True,1,False,0,1
235,,46.0,1,自治区检察院,财务人员,15009.0,,财政类,取得会计从业资格证,不限,学士及以上,本科及以上,不限,固原市检察院,False,0,False,0,1
236,,47.0,1,自治区检察院,侦查人员,15010.0,,法律类,限男性，面向固原五县区户籍人员或固原五县区生源应往届高校毕业生招录,不限,学士及以上,本科及以上,不限,泾源县检察院,False,0,True,1,1
237,,48.0,1,自治区检察院,侦查人员,15011.0,,法律类,限男性，面向固原五县区户籍人员或固原五县区生源应往届高校毕业生招录,不限,学士及以上,本科及以上,不限,彭阳县检察院,False,0,True,1,1
238,,49.0,1,自治区检察院,司法会计,15012.0,,财政类,限男性，具有会计从业资格证书,不限,学士及以上,本科及以上,不限,中宁县检察院,False,0,True,1,1
239,,50.0,1,自治区检察院,侦查人员,15013.0,,法律类,限男性，面向中卫市三县区户籍或生源,不限,学士及以上,本科及以上,不限,海原县检察院,False,0,True,1,1
240,,51.0,1,石嘴山市,科员,16001.0,,经济学类,限男性,不限,不限,本科及以上,不限,石嘴山市发改委,False,0,True,1,1
241,,52.0,1,石嘴山市,科员,16002.0,,财政类,,不限,学士及以上,本科及以上,不限,石嘴山市财政局,False,0,False,0,1
242,,53.0,1,石嘴山市,科员一,16003.0,,不限,面向“三支一扶”、“西部计划志愿者”、“大学生村官”项目服务期满两年、考核合格人员定向招录,两年,不限,本科及以上,不限,石嘴山市人力资源和社会保障局,False,0,False,0,1
243,,54.0,1,石嘴山市,科员二,16004.0,,不限,,不限,不限,本科及以上,不限,石嘴山市人力资源和社会保障局,False,0,False,0,1
244,,55.0,2,石嘴山市,科员三,16005.0,,法律类,,不限,学士及以上,本科及以上,不限,石嘴山市人力资源和社会保障局,False,0,False,0,2
245,参照公务员法管理事业单位(长期从事乡镇实地考察等外勤工作）,56.0,1,石嘴山市,科员,16006.0,,不限,限男性,不限,不限,本科及以上,不限,石嘴山市就业创业贷款担保中心,False,0,True,1,1
246,参照公务员法管理事业单位,57.0,1,石嘴山市,科员,16007.0,,不限,限男性,不限,不限,本科及以上,不限,石嘴山市劳动保障监察支队,False,0,True,1,1
247,长期从事外业勘测工作,58.0,2,石嘴山市,科员,16008.0,,国土管理类、地矿工程类,限男性,不限,学士及以上,本科及以上,不限,石嘴山市国土资源局,False,0,True,2,2
248,参照公务员法管理事业单位,59.0,3,石嘴山市,科员,16009.0,,环境化工类,,不限,不限,大专及以上,不限,石嘴山市环境监察支队,False,0,False,0,3
249,,60.0,2,石嘴山市,科员,16010.0,,水利类,,不限,不限,大专及以上,不限,石嘴山市水务局,False,0,False,0,2
250,,61.0,1,石嘴山市,科员一,16011.0,,农业类,,不限,不限,本科及以上,不限,石嘴山市农牧局,False,0,False,0,1
251,,62.0,1,石嘴山市,科员二,16012.0,,农业类、畜牧兽医类,,不限,不限,本科及以上,不限,石嘴山市农牧局,False,0,False,0,1
252,,63.0,2,石嘴山市,科员,16013.0,,会计学、审计学、财政学,,不限,不限,本科及以上,不限,石嘴山市审计局,False,0,False,0,2
253,参照公务员法管理事业单位,64.0,2,石嘴山市,科员,16014.0,,计算机类、法律类，金融学、电子商务、电子商务及管理、会计学、财务管理,,不限,学士及以上,本科及以上,不限,石嘴山市委党校,False,0,False,0,2
254,参照公务员法管理事业单位,65.0,1,石嘴山市,科员,16015.0,,图书档案学类、计算机类,,不限,不限,本科及以上,中共党员,石嘴山市档案局,False,0,False,0,1
255,,66.0,1,石嘴山市,科员,16016.0,,林学、森林资源保护与游憩,,不限,不限,本科及以上,不限,大武口区园林和农牧水务局,False,0,False,0,1
256,,67.0,1,石嘴山市,文秘,16017.0,,不限,,不限,不限,大专及以上,不限,大武口区民政局,False,0,False,0,1
257,,68.0,1,石嘴山市,科员,16018.0,,会计学、审计学,,不限,不限,大专及以上,不限,大武口区审计局,False,0,False,0,1
258,其中朝阳街道办事处1人，青山街道办事处1人,69.0,2,石嘴山市,科员,16019.0,,城市管理与监察、城市管理，城乡规划类,,不限,不限,大专及以上,不限,大武口区街道办事处,False,0,False,0,2
259,,70.0,1,石嘴山市,科员,16020.0,,不限,,不限,不限,大专及以上,不限,大武口区石炭井街道办事处,False,0,False,0,1
260,,71.0,2,石嘴山市,科员,16021.0,,不限,,不限,不限,大专及以上,不限,大武口区星海镇,False,0,False,0,2
261,参照公务员法管理事业单位,72.0,1,石嘴山市,科员,16022.0,,不限,面向“三支一扶”、“西部计划志愿者”、“大学生村官”项目服务期满两年、考核合格人员定向招录,两年,不限,大专及以上,不限,大武口区就业创业服务局,False,0,False,0,1
262,,73.0,1,石嘴山市,党政办秘书,16023.0,,不限,面向“三支一扶”、“西部计划志愿者”、“大学生村官”项目服务期满两年、考核合格人员定向招录,两年,不限,大专及以上,不限,惠农区尾闸镇,False,0,False,0,1
263,其中红果子镇1人、礼和乡1人,74.0,2,石嘴山市,科员,16024.0,,不限,,不限,不限,大专及以上,不限,惠农区乡镇,False,0,False,0,2
264,,75.0,1,石嘴山市,办公室文秘,16025.0,,中国语言文学类,,不限,不限,大专及以上,不限,惠农区红果子镇,False,0,False,0,1
265,参照公务员法管理事业单位,76.0,1,石嘴山市,综合管理,16026.0,,计算机类,,不限,不限,本科及以上,不限,惠农区政务服务中心,False,0,False,0,1
266,参照公务员法管理事业单位,77.0,1,石嘴山市,文秘,16027.0,,中国语言文学类,,不限,不限,本科及以上,不限,惠农区政务服务中心,False,0,False,0,1
267,参照公务员法管理事业单位,78.0,1,石嘴山市,科员,16028.0,,不限,面向“三支一扶”、“西部计划志愿者”、“大学生村官”项目服务期满两年、考核合格人员定向招录,两年,不限,大专及以上,中共党员,平罗县党员电化教育中心,False,0,False,0,1
268,,79.0,1,石嘴山市,文秘,16029.0,,汉语言文学、文秘、秘书、秘书学,,不限,不限,大专及以上,不限,平罗县人力资源和社会保障局,False,0,False,0,1
269,参照公务员法管理事业单位,80.0,1,石嘴山市,劳动监察,16030.0,,法律类,限男性,不限,不限,大专及以上,不限,平罗县劳动监察大队,False,0,True,1,1
270,,81.0,1,石嘴山市,科员,16031.0,,不限,,不限,不限,大专及以上,不限,平罗县民政局,False,0,False,0,1
271,,82.0,1,石嘴山市,会计,16032.0,,会计电算化、会计、会计学、财务管理、财政学,具有会计从业资格证,不限,不限,本科及以上,不限,平罗县财政局,False,0,False,0,1
272,,83.0,1,石嘴山市,文秘,16033.0,,汉语言文学、文秘、秘书、秘书学,,不限,不限,大专及以上,不限,平罗县国土资源局,False,0,False,0,1
273,,84.0,1,石嘴山市,乡镇国土资源所科员,16034.0,,不限,面向“三支一扶”、“西部计划志愿者”、“大学生村官”项目服务期满两年、考核合格人员定向招录,两年,不限,大专及以上,不限,平罗县国土资源局,False,0,False,0,1
274,,85.0,1,石嘴山市,投资审计,16035.0,,工程造价,,不限,不限,大专及以上,不限,平罗县审计局,False,0,False,0,1
275,参照公务员法管理事业单位（兼应急办工作，需昼夜值守）,86.0,1,吴忠市,工作人员一,17001.0,,汉语言文学,限男性,不限,不限,本科及以上,不限,"利通区政务服务
中心",False,0,True,1,1
276,参照公务员法管理事业单位（兼应急办工作，需昼夜值守）,87.0,1,吴忠市,工作人员二,17002.0,,法律类,限男性,不限,不限,本科及以上,不限,"利通区政务服务
中心",False,0,True,1,1
277,,88.0,2,吴忠市,司法助理员,17003.0,,不限,面向“三支一扶”、“西部计划志愿者”、“大学生村官”项目服务期满两年、考核合格人员定向招录,两年,不限,大专及以上,不限,利通区司法局,False,0,False,0,2
278,,89.0,2,吴忠市,司法助理员,17004.0,,司法类、法律类,,不限,不限,大专及以上,不限,利通区司法局,False,0,False,0,2
279,其中马莲渠乡2人，郭家桥乡1人,90.0,3,吴忠市,科员,17005.0,,不限,,不限,不限,大专及以上,不限,利通区乡镇,False,0,False,0,3
280,,91.0,1,吴忠市,综治管理,17006.0,,不限,,不限,不限,大专及以上,不限,红寺堡区柳泉乡,False,0,False,0,1
281,参照公务员法管理事业单位,92.0,4,吴忠市,劳动监察,17007.0,,不限,,不限,不限,大专及以上,不限,红寺堡区劳动保障监察大队,False,0,False,0,4
282,参照公务员法管理事业单位,93.0,3,吴忠市,就业服务,17008.0,,不限,,不限,不限,大专及以上,不限,红寺堡区劳动就业服务局,False,0,False,0,3
283,符合《公务员录用体检特殊标准（试行）》。,94.0,1,吴忠市,法医,17009.0,,法医学、临床医学,30周岁以下，限男性,不限,不限,本科及以上,不限,青铜峡市公安局,False,0,True,1,1
284,符合《公务员录用体检特殊标准（试行）》；通过上半年公务员招考体能测评，取得体能测评合格通知单。,95.0,4,吴忠市,警员,17010.0,,法律类,30周岁以下，限男性,不限,不限,本科及以上,不限,青铜峡市公安局,False,0,True,4,4
285,,96.0,3,吴忠市,财务审计,17011.0,,审计学、会计学、财政学,,不限,不限,本科及以上,不限,青铜峡市审计局,False,0,False,0,3
286,,97.0,1,吴忠市,会计,17012.0,,财政类,,不限,不限,本科及以上,不限,青铜峡市司法局,False,0,False,0,1
287,,98.0,1,吴忠市,司法助理员,17013.0,,法律类,,不限,不限,本科及以上,不限,青铜峡市司法局,False,0,False,0,1
288,,99.0,1,吴忠市,劳动保障管理,17014.0,,法律类、计算机类,,不限,不限,本科及以上,不限,青铜峡市人力资源和社会保障局,False,0,False,0,1
289,,100.0,2,吴忠市,科员,17015.0,,城乡规划类,,不限,不限,本科及以上,不限,青铜峡市住建局,False,0,False,0,2
290,,101.0,1,吴忠市,科员,17016.0,,中国语言文学类,面向“三支一扶”、“西部计划志愿者”、“大学生村官”项目服务期满两年、考核合格人员定向招录,两年,不限,本科及以上,不限,青铜峡市住建局,False,0,False,0,1
291,参照公务员法管理事业单位,102.0,2,吴忠市,科员,17017.0,,不限,面向“三支一扶”、“西部计划志愿者”、“大学生村官”项目服务期满两年、考核合格人员定向招录,两年,不限,大专及以上,不限,青铜峡市招商局,False,0,False,0,2
292,其中陈袁滩镇1人、邵岗镇1人,103.0,2,吴忠市,科员,17018.0,,不限,,不限,不限,大专及以上,不限,青铜峡乡镇,False,0,False,0,2
293,,104.0,1,吴忠市,科员,17019.0,,不限,面向“三支一扶”、“西部计划志愿者”、“大学生村官”项目服务期满两年、考核合格人员定向招录,两年,不限,大专及以上,不限,青铜峡瞿靖镇,False,0,False,0,1
294,其中中河乡司法所1人、寨科乡司法所1人、炭山乡司法所1人,105.0,3,固原市,司法助理员,18001.0,,司法类、法律类,社区矫正，限男性,不限,不限,大专及以上,不限,原州区司法局,False,0,True,3,3
295,,106.0,1,固原市,三营司法所司法助理员,18002.0,,司法类、法律类,面向原州区户籍人员或原州区生源应往届高校毕业生招录,不限,不限,大专及以上,不限,原州区司法局,False,0,False,0,1
296,,107.0,1,固原市,河川乡司法所司法助理员,18003.0,,不限,面向“三支一扶”、“西部计划志愿者”、“大学生村官”项目服务期满两年、考核合格人员定向招录,两年,不限,大专及以上,不限,原州区司法局,False,0,False,0,1
297,参照公务员法管理事业单位,108.0,1,固原市,档案管理员,18004.0,,图书档案管理、档案学,,不限,不限,大专及以上,不限,原州区档案局,False,0,False,0,1
298,,109.0,1,固原市,文秘,18005.0,,不限,面向“三支一扶”、“西部计划志愿者”、“大学生村官”项目服务期满两年、考核合格人员定向招录,两年,不限,大专及以上,不限,西吉县平峰镇,False,0,False,0,1
299,,110.0,1,固原市,文秘,18006.0,,不限,,不限,不限,大专及以上,不限,西吉县偏城乡,False,0,False,0,1
300,,111.0,1,固原市,文秘,18007.0,,不限,面向西吉户籍人员或西吉县生源应往届高校毕业生招录,不限,不限,大专及以上,不限,西吉县沙沟乡,False,0,False,0,1
301,参照公务员法管理事业单位,112.0,1,固原市,文秘,18008.0,,中国语言文学类、历史学类,面向西吉户籍人员或西吉县生源应往届高校毕业生招录,不限,不限,大专及以上,不限,西吉县县志办,False,0,False,0,1
302,其中大湾乡1人，新民乡1人    ,113.0,2,固原市,科员一,18009.0,,不限,面向“三支一扶”、“西部计划志愿者”、“大学生村官”项目服务期满两年、考核合格人员定向招录,两年,不限,大专及以上,不限,泾源县乡镇,False,0,False,0,2
303,"其中香水镇2人，新民乡1人,黄花乡1人，泾河源镇2人,六盘山镇1人，大湾乡1人",114.0,8,固原市,科员二,18010.0,,不限,面向泾源县户籍或泾源县生源的应往届高校毕业生招录,不限,不限,大专及以上,不限,泾源县乡镇,False,0,False,0,8
304,其中香水镇1人，大湾乡1人，兴盛乡1人  ,115.0,3,固原市,科员三,18011.0,,不限,,不限,不限,大专及以上,不限,泾源县乡镇,False,0,False,0,3
305,,116.0,1,固原市,信息网络,18012.0,,计算机类,,不限,不限,大专及以上,不限,泾源县司法局,False,0,False,0,1
306,,117.0,1,中卫市,机关会计,19001.0,,会计,,不限,不限,大专及以上,不限,司法局,False,0,False,0,1
307,,118.0,1,中卫市,社区矫正管理人员,19002.0,,不限,面向“三支一扶”、“西部计划志愿者”、“大学生村官”项目服务期满两年、考核合格人员定向招录,两年,不限,大专及以上,不限,司法局基层司法所,False,0,False,0,1
308,,119.0,1,中卫市,司法助理员,19003.0,,司法类、法律类,,不限,不限,大专及以上,不限,司法局基层司法所,False,0,False,0,1
309,参照公务员法管理事业单位,120.0,1,中卫市,科员,19004.0,,城乡规划类,,不限,学士及以上,本科及以上,不限,规划局,False,0,False,0,1
310,参照公务员法管理事业单位,121.0,2,中卫市,科员,19005.0,,人力资源管理、中国语言文学类,,不限,不限,本科及以上,不限,劳动就业服务局,False,0,False,0,2
311,参照公务员法管理事业单位,122.0,3,中卫市,仲裁员,19006.0,,法律类、人力资源和社会保障类,,不限,不限,本科及以上,不限,人力资源和社会保障局仲裁院,False,0,False,0,3
312,参照公务员法管理事业单位,123.0,1,中卫市,科员,19007.0,,不限,面向“三支一扶”、“西部计划志愿者”、“大学生村官”项目服务期满两年、考核合格人员定向招录,两年,不限,本科及以上,不限,人力资源和社会保障局仲裁院,False,0,False,0,1
313,参照公务员法管理事业单位,124.0,1,中卫市,科员,19008.0,,法律类,限男性,不限,学士及以上,本科及以上,不限,劳动监察支队,False,0,True,1,1
314,参照公务员法管理事业单位,125.0,1,中卫市,科员,19009.0,,环境化工类,,不限,不限,本科及以上,不限,环境保护局环境监察支队,False,0,False,0,1
315,参照公务员法管理事业单位,126.0,1,中卫市,工作人员,19010.0,,中国语言文学类、历史学类,,不限,不限,本科及以上,不限,地方志编篡委员会办公室,False,0,False,0,1
316,参照公务员法管理事业单位,127.0,1,中卫市,工作人员,19011.0,,统计类、经济学类、计算机类,,不限,不限,本科及以上,不限,统计局普查中心,False,0,False,0,1
317,参照公务员法管理事业单位,128.0,2,中卫市,科员,19012.0,,政治与基础理论类,,不限,不限,大专及以上,中共党员,中宁县委党校,False,0,False,0,2
318,参照公务员法管理事业单位,129.0,2,中卫市,科员,19013.0,,中国语言文学类、新闻传播类,,不限,不限,大专及以上,中共党员,中宁县委组织部电教中心,False,0,False,0,2
319,,,217,合计,,,,,,,,,,,False,0,False,0,217
320,免笔试,1.0,3,自治区高级人民法院,执行法官,14014.0,,法律类,限男性，具有法律职业资格证书A证,不限,学士及以上,本科及以上,不限,银川市西夏区人民法院,False,0,True,3,3
321,免笔试,2.0,3,自治区高级人民法院,执行法官,14015.0,,法律类,限男性，具有法律职业资格证书,不限,学士及以上,本科及以上,不限,永宁县人民法院,False,0,True,3,3
322,免笔试,3.0,2,自治区高级人民法院,法官,14016.0,,法律类,具有法律职业资格证书A证,不限,不限,本科及以上,不限,石嘴山市中级人民法院,False,0,False,0,2
323,免笔试,4.0,2,自治区高级人民法院,法官,14017.0,,法律类,具有法律职业资格证书A证,不限,不限,本科及以上,不限,石嘴山市大武口区人民法院,False,0,False,0,2
324,免笔试,5.0,2,自治区高级人民法院,执行法官,14018.0,,法律类,限男性，具有法律职业资格证书A证,不限,学士及以上,本科及以上,不限,吴忠市利通区人民法院,False,0,True,2,2
325,免笔试,6.0,1,自治区高级人民法院,执行法官,14019.0,,法律类,限男性，具有法律职业资格证书A证,不限,不限,本科及以上,不限,固原市中级人民法院,False,0,True,1,1
326,免笔试,7.0,2,自治区高级人民法院,执行法官,14020.0,,法律类,限男性，具有法律职业资格证书，面向固原五县区户籍人员或固原五县区生源应往届高校毕业生招录,不限,学士及以上,本科及以上,不限,泾源县人民法院,False,0,True,2,2
327,免笔试,8.0,2,自治区检察院,自侦部门检察官,15014.0,,法律类,限男性，取得法律职业资格A证,不限,学士及以上,本科及以上,不限,兴庆区检察院,False,0,True,2,2
328,免笔试,9.0,1,自治区检察院,检察官,15015.0,,法律类,取得法律职业资格证书,不限,学士及以上,本科及以上,不限,灵武市检察院,False,0,False,0,1
329,免笔试,10.0,1,自治区检察院,自侦部门检察官,15016.0,,法律类,限男性，取得法律职业资格A证,不限,学士及以上,本科及以上,不限,灵武市检察院,False,0,True,1,1
330,免笔试,11.0,2,自治区检察院,检察官,15017.0,,法律类,取得法律职业资格A证,不限,学士及以上,本科及以上,不限,石嘴山市检察院,False,0,False,0,2
331,免笔试,12.0,1,自治区检察院,自侦部门检察官,15018.0,,法律类,限男性，取得法律职业资格A证,不限,学士及以上,本科及以上,不限,石嘴山市检察院,False,0,True,1,1
332,免笔试,13.0,6,自治区检察院,检察官,15019.0,,法律类,取得法律职业资格A证,不限,学士及以上,本科及以上,不限,大武口区检察院,False,0,False,0,6
333,免笔试,14.0,1,自治区检察院,检察官,15020.0,,法律类,取得法律职业资格A证,不限,学士及以上,本科及以上,不限,惠农区检察院,False,0,False,0,1
334,免笔试,15.0,1,自治区检察院,自侦部门检察官,15021.0,,法律类,限男性，取得法律职业资格A证,不限,学士及以上,本科及以上,不限,红果子地区检察院,False,0,True,1,1
335,免笔试,16.0,2,自治区检察院,检察官,15022.0,,法律类,取得法律职业资格A证,不限,学士及以上,本科及以上,不限,利通区检察院,False,0,False,0,2
336,免笔试,17.0,1,自治区检察院,检察官,15023.0,,法律类,取得法律职业资格A证,不限,学士及以上,本科及以上,不限,青铜峡市检察院,False,0,False,0,1
337,免笔试,18.0,1,自治区检察院,自侦部门检察官,15024.0,,法律类,限男性，取得法律职业资格A证,不限,不限,本科及以上,不限,青铜峡市检察院,False,0,True,1,1
338,免笔试,19.0,1,自治区检察院,自侦部门检察官,15025.0,,法律类,限男性，取得法律职业资格证书,不限,学士及以上,本科及以上,不限,中宁县检察院,False,0,True,1,1
339,免笔试,20.0,1,自治区检察院,检察官,15026.0,,法律类,取得法律职业资格证书,不限,学士及以上,本科及以上,不限,中宁县检察院,False,0,False,0,1
340,,,36,合计,,,,,,,,,,,False,0,False,0,36
