,职位编码,招考单位,招考人数,性别,族别,年龄,学历,专业,基层工作最低年限,其他条件,备注
0,15001,兵团机关事务管理局,2,男,不限,35周岁以下,全日制普通高校本科,中文、文秘类，新闻传播类，法律类,2年,,
1,15002,兵团机关事务管理局,2,不限,不限,35周岁以下,全日制普通高校本科,财务财会类,2年,,
2,15003,兵团机关事务管理局,1,男,不限,35周岁以下,全日制普通高校本科,行政管理类,2年,,
3,15004,兵团纪委监察局,1,男,不限,35周岁以下,全日制普通高校本科,法律类，中文、文秘类,2年,,
4,15005,兵团老干部活动中心,1,不限,不限,35周岁以下,全日制普通高校本科,音乐学,2年,,参公管理
5,15006,兵团老干部活动中心,1,不限,不限,35周岁以下,全日制普通高校本科,舞蹈学,2年,,参公管理
6,15007,兵团党委宣传部,1,男,不限,35周岁以下,全日制普通高校本科,考古、文博,2年,,
7,15008,兵团党委宣传部,1,男,不限,35周岁以下,全日制普通高校本科,文化产业,2年,,
8,15009,兵团党委宣传部,1,不限,不限,35周岁以下,全日制普通高校本科,中文,2年,,
9,15010,兵团党委党校,1,男,不限,35周岁以下,全日制普通高校本科,公共管理、行政管理,2年,学士学位,参公管理
10,15011,兵团党委党校,1,男,不限,35周岁以下,全日制普通高校本科,计算机（网络管理）类,2年,学士学位,参公管理
11,15012,兵团党委党校,1,男,不限,35周岁以下,全日制普通高校本科,中文、文秘,2年,学士学位,参公管理
12,15013,兵团党委党校,1,不限,不限,35周岁以下,全日制普通高校本科,档案学,2年,学士学位,参公管理
13,15014,兵团发展和改革委员会,1,男,不限,35周岁以下,全日制普通高校本科,机电类,2年,学士学位,
14,15015,兵团发展和改革委员会,1,男,不限,35周岁以下,全日制普通高校硕士研究生,财务财会类,2年,硕士学位,
15,15016,兵团国资委,1,男,不限,35周岁以下,全日制普通高校本科,审计学,2年,学士学位,
16,15017,兵团国资委,1,男,不限,35周岁以下,全日制普通高校本科,会计学,2年,学士学位,
17,15018,兵团组织机构代码管理中心,1,男,不限,35周岁以下,全日制普通高校本科,计算机（网络管理）类,2年,,参公管理
18,15019,兵团教育局,2,男,不限,35周岁以下,全日制普通高校本科,中文、文秘类,2年,学士学位,
19,15020,兵团老龄办,1,不限,不限,35周岁以下,全日制普通高校本科,中文、文秘类，行政管理类,2年,,参公管理
20,15021,兵团劳动保障监察总队,1,男,不限,35周岁以下,全日制普通高校本科,法律、人力资源管理,2年,,参公管理
21,15022,兵团社会保险基金管理中心,2,男,不限,35周岁以下,全日制普通高校本科,计算机（大类）类、计算机（软件）类、计算机（网络管理）类,2年,,参公管理
22,15023,兵团社会保险基金管理中心,2,不限,不限,35周岁以下,全日制普通高校本科,不限,2年,,参公管理
23,15024,兵团农业局,1,男,不限,35周岁以下,全日制普通高校本科,经济管理类,2年,,
24,15025,兵团农业局,1,不限,不限,35周岁以下,全日制普通高校本科,市场营销,2年,,
25,15026,兵团商务局贸促会办公室,1,男,不限,35周岁以下,全日制普通高校本科,俄语,2年,全日制一本以上院校，俄语水平专业八级以上,
26,15027,兵团卫生局卫生监督所,1,男,不限,35周岁以下,全日制普通高校本科,公共卫生与预防医学、卫生事业管理,2年,,参公管理
27,15028,兵团食品药品监督管理局,1,男,不限,35周岁以下,全日制普通高校本科,法律类,2年,全国计算机二级合格证书,
28,15029,兵团对口援疆办（经协办）,1,不限,不限,35周岁以下,全日制普通高校本科,中文,2年,中共党员,
29,15030,兵团统计局,2,男,不限,35周岁以下,全日制普通高校硕士研究生,统计类、财务财会类、经济管理类、计算机（软件）类、计算机（网络管理）类,2年,,
30,15031,兵团工业和信息化委员会,1,男,不限,35周岁以下,全日制普通高校本科,电气工程、电气自动化技术,2年,,
31,15032,兵团工会,1,男,不限,35周岁以下,全日制普通高校本科,财务财会类,2年,,
32,15033,兵团希望工程办公室,1,男,不限,28周岁以下,全日制普通高校本科,不限,2年,,参公管理
33,15034,兵团公安局机关,1,男,不限,30周岁以下,全日制普通高校本科,新闻学、新闻与文秘,2年,,符合人民警察录用条件
34,15035,兵团公安局机关,1,男,不限,30周岁以下,全日制普通高校本科,俄语、波斯语、阿拉伯语,不限,,符合人民警察录用条件
35,15036,兵团公安局机关,1,男,汉,30周岁以下,全日制普通高校本科,维吾尔语言,不限,,符合人民警察录用条件
36,15037,兵团公安局机关,1,女,不限,30周岁以下,全日制普通高校本科,企业管理,2年,硕士研究生以上学历基层工作经历不限,符合人民警察录用条件
37,15038,兵团公安局机关,1,男,不限,30周岁以下,全日制普通高校本科,计算机（软件）类、计算机（网络管理）类,2年,,符合人民警察录用条件
38,15039,兵团公安局机关,1,男,不限,30周岁以下,全日制普通高校本科,精密模具制造技术、机制工艺及模具,2年,,符合人民警察录用条件
39,15040,兵团公安局机关,1,男,不限,30周岁以下,全日制普通高校本科,模具设计与制造,2年,,符合人民警察录用条件
40,15041,兵团公安局直属公安局,1,男,不限,30周岁以下,全日制普通高校本科,法律类,2年,,符合人民警察录用条件
41,15042,兵团公安局直属公安局,2,男,不限,30周岁以下,全日制普通高校本科,公安类,2年,,符合人民警察录用条件
42,15043,兵团检察院,3,男,不限,35周岁以下,全日制普通高校本科,法学、法律,2年,取得法律职业资格Ａ类证书,
43,15044,兵团检察院,1,女,不限,35周岁以下,全日制普通高校本科,法学、法律,2年,取得法律职业资格Ａ类证书,
44,15045,兵团检察院,1,男,不限,30周岁以下,全日制普通高校本科,法学、法律,2年,,法警，符合人民警察录用条件
45,15046,兵团检察院,1,女,不限,30周岁以下,全日制普通高校本科,法学、法律,2年,,法警，符合人民警察录用条件
46,15047,兵团检察院,1,男,不限,35周岁以下,全日制普通高校本科,汉语言文学、新闻、文秘,2年,,
47,15048,兵团检察院,1,女,不限,35周岁以下,全日制普通高校本科,汉语言文学、新闻、文秘,2年,,
48,15049,兵团检察院,1,男,不限,35周岁以下,全日制普通高校本科,计算机(软件)类,2年,,
49,15050,兵团检察院,1,男,不限,35周岁以下,全日制普通高校本科,计算机(网络管理)类,2年,,
50,15051,兵团司法局,1,男,不限,35周岁以下,全日制普通高校本科,财务财会类,2年,,
51,15052,兵团司法局,1,男,不限,35周岁以下,全日制普通高校本科,中文文秘类,2年,,
52,15053,兵团司法局劳教局,1,不限,汉,30周岁以下,全日制普通高校本科,维吾尔语言,2年,具有维、汉双语读写能力,符合人民警察录用条件
53,15054,兵团妇联,1,女,不限,35周岁以下,全日制普通高校本科,中文、文秘类,2年,,
54,15055,兵团妇联,1,男,不限,35周岁以下,全日制普通高校本科,新闻传播学类,2年,,
55,15056,兵团国土资源局,1,男,不限,35周岁以下,全日制普通高校本科,地质工程,2年,,
56,15057,兵团国土资源局,1,不限,不限,35周岁以下,全日制普通高校本科,水文与水资源工程、地下水科学工程,2年,,
57,15058,兵团国土资源局,1,不限,不限,35周岁以下,全日制普通高校本科,地理信息系统,2年,,
58,1001,阿拉尔市人大,1,不限,不限,35周岁以下,全日制普通高校本科,财务财会类,2年,,
59,1002,阿拉尔市人大,1,不限,不限,35周岁以下,全日制普通高校本科,法律类,2年,,
60,1003,阿拉尔市政协,1,不限,不限,35周岁以下,全日制普通高校本科,中文、文秘类,2年,,
61,1004,第一师党委办公室,1,不限,不限,35周岁以下,全日制普通高校本科,中文、文秘类,不限,定向在农牧团场工作的各类高校毕业生和在疆服务的“四项目人员”,
62,1005,第一师党委办公室,1,不限,不限,35周岁以下,全日制普通高校本科,新闻传播类,不限,,
63,1006,第一师党委办公室,1,不限,不限,35周岁以下,全日制普通高校本科,法律类,2年,,
64,1007,第一师党委统战部,1,不限,不限,35周岁以下,全日制普通高校本科,中文、文秘类，社会工作类,2年,,
65,1008,第一师党委统战部,1,不限,不限,35周岁以下,全日制普通高校本科,中文、文秘类，社会工作类,2年,具有维、汉双语读写能力,
66,1009,第一师编制委员会办公室,1,不限,不限,35周岁以下,全日制普通高校本科,中文、文秘类，计算机类,2年,,
67,1010,第一师审计局,2,不限,不限,35周岁以下,全日制普通高校大专,审计类,2年,,
68,1011,第一师审计局,2,不限,不限,35周岁以下,全日制普通高校大专,财务财会类,2年,,
69,1012,第一师审计局,1,不限,不限,35周岁以下,全日制普通高校大专,工程管理、造价管理,2年,,
70,1013,第一师教育局,3,不限,不限,35周岁以下,全日制普通高校本科,教育学类,2年,,
71,1014,第一师环境保护局,2,不限,不限,35周岁以下,全日制普通高校本科,环境保护类、化学工程类、生物工程类、药学类,2年,,
72,1015,第一师人口与计生委,1,不限,不限,35周岁以下,全日制普通高校本科,中文、文秘类,不限,,
73,1016,第一师科技局,1,不限,不限,35周岁以下,全日制普通高校本科,不限,不限,定向在农牧团场工作的各类高校毕业生和在疆服务的“四项目人员”,
74,1017,第一师科技局,2,不限,不限,35周岁以下,全日制普通高校本科,不限,2年,,
75,1018,第一师民政局,1,不限,不限,35周岁以下,全日制普通高校本科,中文、文秘类,1年,,
76,1019,第一师旅游局,1,不限,不限,35周岁以下,全日制普通高校本科,英语,2年,英语专业4级证书,
77,1020,第一师旅游局,1,不限,不限,35周岁以下,全日制普通高校大专,旅游管理,不限,,
78,1021,第一师建设局,1,不限,不限,35周岁以下,全日制普通高校本科,建筑工程类,2年,工程师职称,
79,1022,第一师建设局,1,不限,不限,35周岁以下,全日制普通高校本科,园林,2年,助理工程师职称,
80,1023,第一师建设局,1,不限,不限,35周岁以下,全日制普通高校本科,法律类,2年,,
81,1024,第一师建设局,1,不限,不限,35周岁以下,全日制普通高校本科,城市规划、城镇规划,2年,,
82,1025,第一师食品药品监督管理局,2,不限,不限,35周岁以下,全日制普通高校本科,食品工程类,不限,,
83,1026,第一师食品药品监督管理局,2,不限,不限,35周岁以下,全日制普通高校本科,药学类,不限,,
84,1027,第一师交通局,1,不限,不限,35周岁以下,全日制普通高校大专,交通工程类,不限,,
85,1028,第一师商务局,1,不限,不限,35周岁以下,全日制普通高校本科,中文、文秘类,2年,中共党员,
86,1029,第一师商务局,2,不限,不限,35周岁以下,全日制普通高校本科,商务贸易类,2年,,
87,1030,第一师发改委,3,不限,不限,35周岁以下,全日制普通高校本科,经济管理类,2年,,
88,1031,第一师发改委,1,不限,不限,35周岁以下,全日制普通高校大专,化学工程类、建筑工程类,不限,,
89,1032,第一师发改委,1,不限,不限,35周岁以下,全日制普通高校本科,水利工程类,2年,,
90,1033,第一师农业局,1,不限,不限,35周岁以下,全日制普通高校本科,农林经济管理、农产品加工工程,不限,,
91,1034,第一师农业局,1,不限,不限,35周岁以下,全日制普通高校本科,动物医学,2年,兽医师职称,
92,1035,第一师农业局,1,不限,不限,35周岁以下,全日制普通高校本科,动物科学,2年,助理畜牧师职称,
93,1036,第一师农业局,1,不限,不限,35周岁以下,全日制普通高校本科,园艺,2年,,
94,1037,第一师水利局,1,不限,不限,35周岁以下,全日制普通高校大专,水利工程类,2年,,
95,1038,第一师森林公安局,1,不限,不限,35周岁以下,全日制普通高校大专,畜牧类,不限,定向在农牧团场工作的各类高校毕业生和在疆服务的“四项目人员”,符合人民警察录用条件
96,1039,第一师安监局,1,不限,不限,35周岁以下,全日制普通高校大专,安全工程、安全技术管理、安全技术、安全管理与监督、安全技术与工程、安全生产、安全防范,不限,,
97,1040,第一师政研室,1,不限,不限,35周岁以下,全日制普通高校本科,农业经济管理、企业管理,2年,,
98,1041,第一师国资委,1,不限,不限,35周岁以下,全日制普通高校本科,经济管理类，财务财会类，审计类，中文、文秘类,不限,,
99,1042,第一师财政（务）局,2,不限,不限,35周岁以下,全日制普通高校大专,财务财会类,2年,,
100,1043,第一师财政（务）局,1,不限,不限,35周岁以下,全日制普通高校本科,水利工程类,2年,,
101,1044,第一师财政（务）局,1,不限,不限,35周岁以下,全日制普通高校本科,财务财会类,不限,定向在农牧团场工作的各类高校毕业生和在疆服务的“四项目人员”,
102,1045,第一师卫生局,1,不限,不限,35周岁以下,全日制普通高校本科,临床医学、公共卫生,不限,,
103,1046,第一师公安局特警队,24,男,汉,25周岁以下,全日制普通高校大专,法律类，公安类，中文、文秘类，财务审计，计算机类，建筑工程类，法医类，体育类,不限,南疆户籍。优秀退役士兵不限专业，不限户籍。,符合人民警察录用条件
104,1047,第一师公安局特警队,6,男,维,25周岁以下,全日制普通高校大专,法律类、公安类、计算机类、体育类,不限,南疆户籍。优秀退役士兵不限专业，不限户籍。,符合人民警察录用条件
105,1048,第一师法院,4,不限,不限,35周岁以下,全日制普通高校本科,法律类,不限,,
106,1049,第一师法院,1,不限,不限,35周岁以下,全日制普通高校本科,中文、文秘类,不限,,
107,1050,第一师金银川劳教所,4,男,不限,30周岁以下,全日制普通高校大专,监所管理类,不限,,符合人民警察录用条件
108,1051,第一师金银川劳教所,1,男,不限,30周岁以下,全日制普通高校大专,林业类,不限,,符合人民警察录用条件
109,1052,第一师金银川劳教所,2,男,不限,35周岁以下,全日制普通高校本科,医学类,不限,,符合人民警察录用条件
110,1053,第一师金银川劳教所,1,男,不限,30周岁以下,全日制普通高校本科,法律类,2年,阿克苏地区户籍,符合人民警察录用条件
111,1054,第一师金银川劳教所,2,女,不限,30周岁以下,全日制普通高校本科,法律类,2年,阿克苏地区户籍,符合人民警察录用条件
112,1055,第一师金银川劳教所,1,不限,不限,30周岁以下,全日制普通高校本科,经济管理类,2年,会计从业资格证，阿克苏地区户籍,符合人民警察录用条件
113,1056,第一师金银川劳教所,1,男,不限,30周岁以下,全日制普通高校大专,机电类,2年,阿克苏地区户籍,符合人民警察录用条件
114,1057,第一师社区建设指导委员会办公室,1,不限,不限,35周岁以下,全日制普通高校本科,行政管理类，社会工作类，中文、文秘类,1年,,
115,1058,第一师工会,1,不限,不限,35周岁以下,全日制普通高校本科,中文、文秘类,不限,定向在农牧团场工作的各类高校毕业生和在疆服务的“四项目人员”,
116,1059,第一师工会,1,不限,不限,35周岁以下,全日制普通高校本科,财务财会类,不限,定向在农牧团场工作的各类高校毕业生和在疆服务的“四项目人员”,
117,1060,第一师工会,1,不限,不限,35周岁以下,全日制普通高校本科,新闻传播学类,2年,,
118,1061,第一师妇联,1,不限,不限,35周岁以下,全日制普通高校本科,中文、文秘类,2年,,
119,1062,第一师环境监察支队,2,不限,不限,35周岁以下,全日制普通高校大专,环境保护类、化学工程类、生物工程类、药学类,2年,,参公管理
120,1063,第一师阿拉尔市气象局,1,男,不限,35周岁以下,全日制普通高校本科,不限,不限,,参公管理
121,1064,第一师第二审计中心,1,不限,不限,35周岁以下,全日制普通高校本科,审计类,2年,,参公管理
122,1065,第一师第二审计中心,1,不限,不限,35周岁以下,全日制普通高校本科,建筑工程类,2年,,参公管理
123,1066,第一师阿拉尔市社会经济调查队,3,不限,不限,35周岁以下,全日制普通高校本科,财务财会类,2年,,参公管理
124,1067,第一师阿拉尔市社会经济调查队,1,不限,不限,35周岁以下,全日制普通高校本科,经济管理类,2年,,参公管理
125,1068,第一师路政管理局,1,不限,不限,35周岁以下,全日制普通高校大专,财务财会类,不限,,参公管理
126,1069,第一师阿拉尔市党员电化教育中心,1,不限,不限,35周岁以下,全日制普通高校本科,计算机类,1年,,参公管理
127,1070,第一师阿拉尔市城市管理行政执法局,1,不限,不限,35周岁以下,全日制普通高校大专,法律类,2年,,参公管理
128,1071,第一师阿拉尔市城市管理行政执法局,4,不限,不限,35周岁以下,全日制普通高校大专,法律类,不限,,参公管理
129,1072,第一师阿拉尔市城市管理行政执法局,2,不限,不限,35周岁以下,全日制普通高校本科,经济管理类,不限,,参公管理
130,1073,第一师阿拉尔市城市管理行政执法局,4,不限,不限,35周岁以下,全日制普通高校大专,城建规划类,不限,,参公管理
131,1074,第一师阿拉尔市城市管理行政执法局,2,不限,不限,35周岁以下,全日制普通高校本科,中文、文秘类,不限,,参公管理
132,1075,第一师阿拉尔市贸易执法大队,3,不限,不限,35周岁以下,全日制普通高校本科,法律类、商务贸易类,2年,,参公管理
133,1076,第一师国土资源执法监察大队,1,不限,不限,35周岁以下,全日制普通高校本科,土地管理、地籍测量与土地信息学、地理信息系统、地理信息管理、地理信息与地图学,2年,,参公管理
134,1077,第一师卫生监督所,6,不限,不限,35周岁以下,全日制普通高校本科,公共卫生类、食品工程类、医学类、药学类,不限,,参公管理
135,1078,第一师卫生监督所,1,不限,不限,35周岁以下,全日制普通高校本科,法律类,不限,,参公管理
136,1079,第一师劳动保障监察支队,1,不限,不限,35周岁以下,全日制普通高校大专,法律类,1年,,参公管理
137,2001,第二师办公室,1,男,不限,35周岁以下,全日制普通高校本科,计算机（大类）类、计算机（网络管理）类,不限,,
138,2002,第二师国资委,1,不限,不限,35周岁以下,本科,财务财会类,不限,,
139,2003,第二师统计局,1,男,不限,35周岁以下,本科,计算机（大类）类、统计类,2年,,
140,2004,第二师财务局,2,不限,不限,35周岁以下,大专,财务财会类、经济管理类,2年,中级会计职称,
141,2005,第二师妇联,1,女,不限,35周岁以下,本科,中文,不限,,
142,2006,第二师残联,1,不限,不限,35周岁以下,大专,中文、文秘类、教育学类、公共卫生类、社会工作类,不限,,参公管理
143,2007,第二师档案局,1,女,不限,35周岁以下,全日制普通高校本科,不限,不限,定向在农牧团场工作的各类高校毕业生和在疆服务的“四项目人员”,参公管理
144,2008,第二师审计中心,1,不限,不限,35周岁以下,全日制普通高校本科,计算机（软件）类,2年,计算机三级资格证,参公管理
145,2009,第二师审计中心,1,不限,不限,35周岁以下,全日制普通高校本科,工程造价及管理、建筑概预算、工程预算与管理、基建预算管理、建筑工程造价,2年,造价员资格证,参公管理
146,2010,第二师劳动监察支队,1,不限,不限,35周岁以下,本科,法学,1年,,参公管理
147,2011,第二师农机安全监理所,1,男,不限,35周岁以下,大专,农业机械化、机电类,不限,,参公管理
148,2012,第二师国土资源分局,1,男,不限,35周岁以下,大专,采矿技术、土地规划与管理、地籍测量、土地利用,不限,,
149,2013,第二师国土资源分局,1,不限,不限,35周岁以下,大专,采矿技术、土地规划与管理、地籍测量、土地利用,不限,定向在农牧团场工作的各类高校毕业生和在疆服务的“四项目人员”,
150,2014,第二师土地执法监察大队,1,男,不限,35周岁以下,本科,中文、文秘、新闻传播,不限,,参公管理
151,2015,第二师土地执法监察大队,1,男,不限,35周岁以下,大专,采矿技术、土地规划与管理、地籍测量、土地利用、化学工程与工艺,不限,,参公管理
152,2016,第二师社会经济调查队,1,不限,不限,35周岁以下,本科,财务财会类、经济管理类,2年,,参公管理
153,2017,第二师33团森林公安派出所,1,男,维,30周岁以下,本科,不限,不限,具有维、汉双语读写能力,符合人民警察录用条件
154,2018,第二师38团森林公安派出所,1,男,不限,30周岁以下,本科,不限,不限,,符合人民警察录用条件
155,2019,第二师焉耆垦区公安局,1,男,不限,30周岁以下,全日制普通高校本科,财务财会类,不限,南疆户籍,符合人民警察录用条件
156,2020,第二师焉耆垦区公安局,1,不限,不限,30周岁以下,全日制普通高校本科,计算机（网络管理）类,不限,南疆户籍,符合人民警察录用条件
157,2021,第二师焉耆垦区公安局,1,男,不限,30周岁以下,全日制普通高校本科,电子信息工程、通信工程,不限,南疆户籍,符合人民警察录用条件
158,2022,第二师焉耆垦区公安局,1,男,不限,30周岁以下,本科,中文、文秘类,不限,定向在农牧团场工作的各类高校毕业生和在疆服务的“四项目人员”,符合人民警察录用条件
159,2023,第二师乌鲁克垦区公安局,1,女,不限,30周岁以下,大专,法律、法学,不限,南疆户籍,符合人民警察录用条件
160,2024,第二师乌鲁克垦区公安局,1,男,不限,30周岁以下,全日制普通高校本科,体育学类,不限,南疆户籍,符合人民警察录用条件
161,2025,第二师乌鲁克垦区公安局,1,不限,不限,30周岁以下,全日制普通高校本科,计算机（网络管理）类,不限,南疆户籍,符合人民警察录用条件
162,2026,第二师乌鲁克垦区公安局,1,男,不限,30周岁以下,全日制普通高校本科,电子信息工程、通信工程,不限,南疆户籍,符合人民警察录用条件
163,2027,第二师乌鲁克垦区公安局,1,男,不限,30周岁以下,本科,中文、文秘类,不限,定向在农牧团场工作的各类高校毕业生和在疆服务的“四项目人员”,符合人民警察录用条件
164,2028,第二师乌鲁克垦区公安局,1,男,不限,30周岁以下,全日制普通高校本科,新闻传播学类,不限,南疆户籍,符合人民警察录用条件
165,2029,第二师乌鲁克垦区公安局,1,男,不限,30周岁以下,全日制普通高校本科,计算机（软件）类,不限,南疆户籍,符合人民警察录用条件
166,2030,第二师乌鲁克垦区公安局,1,不限,不限,30周岁以下,本科,财务财会类,不限,定向在农牧团场工作的各类高校毕业生和在疆服务的“四项目人员”,符合人民警察录用条件
167,2031,第二师焉耆垦区检察院,1,男,不限,35周岁以下,本科,中文、文秘类,不限,,
168,2032,第二师焉耆垦区检察院,1,男,不限,35周岁以下,本科,新闻传播学类、计算机（大类）类,不限,定向在农牧团场工作的各类高校毕业生和在疆服务的“四项目人员”,
169,2033,第二师焉耆垦区检察院,1,男,不限,35周岁以下,硕士研究生,法律,不限,,
170,2034,第二师乌鲁克垦区检察院,1,不限,不限,35周岁以下,本科,中文、文秘,不限,,
171,2035,第二师乌鲁克垦区检察院,1,男,不限,35周岁以下,本科,新闻传播学类、计算机(大类)类,不限,,
172,2036,第二师库尔勒垦区人民法院,2,男,不限,35周岁以下,全日制普通高校本科,法学、法律、法制学、宪法学、行政法学、刑法学、民法学、诉讼法学、法学理论、经济法、劳动法学、民商法学、商法,不限,,
173,2037,第二师库尔勒垦区人民法院,1,不限,不限,35周岁以下,全日制普通高校本科,法学、法律、法制学、宪法学、行政法学、刑法学、民法学、诉讼法学、法学理论、经济法、劳动法学、民商法学、商法,不限,,
174,2038,第二师库尔勒垦区人民法院,1,男,不限,30周岁以下,全日制普通高校本科,公安类,不限,,法警，符合人民警察录用条件
175,2039,第二师焉耆垦区人民法院,1,男,不限,30周岁以下,全日制普通高校本科,公安类,不限,,法警，符合人民警察录用条件
176,2040,第二师乌鲁克垦区人民法院,1,男,不限,35周岁以下,全日制普通高校本科,计算机（网络管理）类,不限,定向在农牧团场工作的各类高校毕业生和在疆服务的“四项目人员”,
177,2041,第二师司法局团场司法所,9,男,不限,35周岁以下,全日制普通高校本科,不限,不限,,
178,2042,第二师司法局团场司法所,2,女,不限,35周岁以下,本科,法律类,不限,,
179,2043,第二师司法局团场司法所,1,女,不限,35周岁以下,大专,法律类,不限,,
180,3001,第三师机关事务管理局,1,男,不限,35周岁以下,本科,经济管理类、行政管理类,不限,定向在农牧团场工作的各类高校毕业生和在疆服务的“四项目人员”。,
181,3002,第三师党委宣传部,1,男,不限,35周岁以下,全日制普通高校本科,中文、文秘类，新闻传播学类,不限,,
182,3003,第三师劳动和社会保障局,1,男,不限,35周岁以下,本科,中文、文秘类,不限,,
183,3004,第三师劳动保障监察支队,1,不限,不限,35周岁以下,大专,不限,不限,,参公管理
184,3005,第三师国土资源局45团分局,2,不限,不限,35周岁以下,全日制普通高校大专,土地管理类、计算机(大类）类,不限,定向在农牧团场工作的各类高校毕业生和在疆服务的“四项目人员”。,
185,3006,第三师国土资源局44团、小海子水管处分局,2,不限,不限,35周岁以下,全日制普通高校大专,城建规划类、建筑工程类、水利工程类、法律类,1年,,
186,3007,第三师水利工程质量监督站,2,男,不限,35周岁以下,本科,水利工程类,2年,,参公管理
187,3008,第三师水利工程质量监督站,1,女,不限,35周岁以下,本科,水利工程类,2年,,参公管理
188,3009,第三师节水灌溉建设办公室,1,男,不限,35周岁以下,全日制普通高校本科,农业水利工程,不限,,参公管理
189,3010,第三师计生委,1,男,不限,35周岁以下,本科,计算机（大类）类,不限,,
190,3011,第三师妇联,1,女,不限,35周岁以下,本科,不限,2年,,
191,3012,第三师工会,1,男,不限,35周岁以下,本科,不限,2年,,
192,3013,第三师工会,1,女,不限,35周岁以下,本科,不限,2年,,
193,3014,第三师卫生监督所、食品药品监督所,1,不限,不限,35周岁以下,大专,医学类,不限,,参公管理
194,3015,第三师卫生监督所、食品药品监督所,2,不限,不限,35周岁以下,大专,食品工程类、医学类,不限,,参公管理
195,3016,第三师党委组织部党员干部现代远程教育管理中心,1,不限,不限,35周岁以下,本科,中文、文秘类,2年,,参公管理
196,3017,图木舒克市监察局,1,不限,不限,35周岁以下,全日制普通高校大专,计算机（大类）类、中文、文秘类,不限,,参公管理
197,3018,图木舒克市委统战部,1,不限,不限,35周岁以下,本科,不限,不限,,
198,3019,图木舒克市政府办公室,1,不限,不限,35周岁以下,全日制普通高校本科,中文、文秘类,1年,,
199,3020,图木舒克市信访局,1,不限,不限,35周岁以下,本科,中文、文秘类，法律类,1年,,
200,3021,图木舒克市教育局,1,男,不限,35周岁以下,全日制普通高校本科,中文、文秘类,不限,,
201,3022,图木舒克市政府采购中心,1,男,不限,35周岁以下,全日制普通高校本科,财务财会类,2年,,参公管理
202,3023,图木舒克市劳动保障监察大队,1,男,不限,35周岁以下,本科,不限,不限,,参公管理
203,3024,图木舒克市劳动保障监察大队,1,不限,不限,35周岁以下,大专,不限,不限,定向在农牧团场工作的各类高校毕业生和在疆服务的“四项目人员”。,参公管理
204,3025,图木舒克市委编办,1,男,不限,35周岁以下,全日制普通高校本科,中文、文秘类,不限,,
205,3026,图木舒克市食品药品监督管理局,1,男,不限,35周岁以下,本科,食品工程类,不限,,
206,3027,图木舒克市食品药品监督管理局,1,不限,不限,35周岁以下,本科,药学类、公共卫生类,不限,定向在农牧团场工作的各类高校毕业生和在疆服务的“四项目人员”。,
207,3028,图木舒克市卫生监督所,1,女,不限,35周岁以下,大专,法律类,1年,,参公管理
208,3029,图木舒克市文化稽查大队,1,男,不限,35周岁以下,本科,中文、文秘类，法律类,不限,定向在农牧团场工作的各类高校毕业生和在疆服务的“四项目人员”。,参公管理
209,3030,第三师农牧团场第二审计中心,1,男,不限,35周岁以下,全日制普通高校本科,审计类,2年,具有初级以上职称,参公管理
210,3031,第三师社保中心,1,男,不限,35周岁以下,大专,不限,不限,,参公管理
211,3032,第三师社保中心,1,女,不限,35周岁以下,全日制普通高校本科,不限,不限,,参公管理
212,3033,第三师社保中心,1,男,不限,35周岁以下,全日制普通高校本科,中文、文秘类,不限,,参公管理
213,3034,第三师社保中心,1,男,不限,35周岁以下,本科,计算机（网络管理）类,不限,,参公管理
214,3035,第三师社保中心,1,男,不限,35周岁以下,大专,不限,不限,定向在农牧团场工作的各类高校毕业生和在疆服务的“四项目人员”。,参公管理
215,3036,第三师社保中心,1,男,不限,35周岁以下,本科,医学类,不限,,参公管理
216,3037,第三师社保中心,1,男,不限,35周岁以下,全日制普通高校本科,经济管理类、劳动与社会保障,不限,定向在农牧团场工作的各类高校毕业生和在疆服务的“四项目人员”。,参公管理
217,3038,第三师社保中心,1,男,不限,35周岁以下,本科,财务财会类,不限,具有会计从业资格证,参公管理
218,3039,第三师社保中心,1,女,不限,35周岁以下,大专,财务财会类,不限,具有会计从业资格证,参公管理
219,3040,第三师社保中心,1,不限,不限,35周岁以下,本科,财务财会类、审计类,不限,,参公管理
220,3041,图木舒克市社保中心,3,不限,不限,35周岁以下,大专,财务财会类,1年,限南疆户籍,参公管理
221,3042,图木舒克市社保中心,2,不限,不限,35周岁以下,大专,不限,不限,限南疆户籍,参公管理
222,3043,图木舒克市社保中心,1,不限,不限,35周岁以下,大专,医学类,不限,限南疆户籍,参公管理
223,3044,图木舒克市社保中心,2,不限,不限,35周岁以下,大专,不限,不限,定向在农牧团场工作的各类高校毕业生和在疆服务的“四项目人员”。,参公管理
224,3045,图木舒克市社保中心,1,不限,不限,35周岁以下,大专,中文、文秘类,不限,限南疆户籍,参公管理
225,3046,图木舒克市社保中心,1,男,不限,35周岁以下,大专,计算机（网络管理）类,不限,限南疆户籍,参公管理
226,3047,第三师社保中心团场社保所,2,男,不限,35周岁以下,大专,财务财会类,不限,定向在农牧团场工作的各类高校毕业生和在疆服务的“四项目人员”。,参公管理
227,3048,第三师社保中心团场社保所,5,男,不限,35周岁以下,大专,财务财会类,不限,限南疆户籍,参公管理
228,3049,第三师社保中心团场社保所,5,女,不限,35周岁以下,大专,财务财会类,不限,限南疆户籍,参公管理
229,3050,第三师社保中心团场社保所,5,男,不限,35周岁以下,大专,经济管理类、劳动与社会保障,不限,限南疆户籍,参公管理
230,3051,第三师社保中心团场社保所,5,女,不限,35周岁以下,大专,经济管理类、劳动与社会保障,不限,限南疆户籍,参公管理
231,3052,第三师公安局特警队,25,男,汉,25周岁以下,大专,不限,不限,限南疆户籍，退役士兵限新疆户籍。,符合人民警察录用条件
232,3053,第三师公安局特警队,1,女,汉,25周岁以下,大专,不限,不限,限南疆户籍，退役士兵限新疆户籍。,符合人民警察录用条件
233,3054,第三师公安局特警队,23,男,维,25周岁以下,大专,不限,不限,限南疆户籍，退役士兵限新疆户籍。,符合人民警察录用条件
234,3055,第三师公安局特警队,1,女,维,25周岁以下,大专,不限,不限,限南疆户籍，退役士兵限新疆户籍。,符合人民警察录用条件
235,3056,第三师司法局团场司法所,2,男,不限,35周岁以下,大专,法律,不限,,
236,3057,第三师司法局团场司法所,2,男,维,35周岁以下,大专,法律,不限,本科不限专业，具有维、汉双语读写能力。,
237,3058,第三师司法局团场司法所,1,女,不限,35周岁以下,大专,法律,不限,,
238,3059,第三师图木休克垦区检察院,1,不限,不限,35周岁以下,本科,计算机（网络管理）类,2年,,
239,3060,第三师图木休克垦区检察院,1,不限,不限,35周岁以下,本科,计算机（软件）类,2年,,
240,3061,第三师喀什垦区检察院,1,不限,不限,35周岁以下,本科,法学,不限,具有司法资格证,
241,3062,第三师中级人民法院,2,男,不限,35周岁以下,本科,法律类,不限,限新疆户籍，具有司法资格证。,
242,3063,第三师喀什垦区人民法院,1,男,不限,35周岁以下,本科,法律类,不限,具有司法资格证,
243,3064,第三师喀什垦区人民法院,1,男,维,35周岁以下,大专,法律类,不限,具有司法资格证,
244,3065,第三师图木休克垦区人民法院,1,不限,不限,35周岁以下,本科,财会,2年,限新疆户籍，具有会计从业资格证,
245,4001,第四师两办室,1,男,不限,35周岁以下,全日制普通高校本科,中文、文秘类,不限,定向在农牧团场工作的各类高校毕业生和在疆服务的“四项目人员”。,
246,4002,第四师发改委,1,男,不限,35周岁以下,全日制普通高校本科,中文、文秘类，经济管理类,不限,,
247,4003,第四师财务局,1,不限,不限,35周岁以下,全日制普通高校本科,财务财会类,不限,,
248,4004,第四师劳动和社会保障局,1,不限,不限,35周岁以下,全日制普通高校本科,不限,不限,,
249,4005,第四师国土资源局,1,不限,不限,35周岁以下,全日制普通高校本科,"计算机（网络管理）类,中文、文秘类、新闻传播学类",不限,定向在农牧团场工作的各类高校毕业生和在疆服务的“四项目人员”。,
250,4006,第四师国土资源团场分局,2,不限,不限,35周岁以下,全日制普通高校大专,商务贸易类，计算机（大类）类，计算机（网络管理）类，财务财会类，土地管理类,不限,定向在农牧团场工作的各类高校毕业生和在疆服务的“四项目人员”。,
251,4007,第四师建设（环保）局,1,不限,不限,35周岁以下,全日制普通高校本科,环境保护类,2年,,
252,4008,第四师水利局,1,男,不限,35周岁以下,全日制普通高校本科,水利工程类,2年,,
253,4009,第四师农业局,1,男,不限,35周岁以下,全日制普通高校本科,农学或作物栽培,2年,,
254,4010,第四师卫生局、食品药品监督管理局、红十字会,1,不限,不限,35周岁以下,全日制普通高校本科,医药类，公共卫生类，药学类,不限,定向在农牧团场工作的各类高校毕业生和在疆服务的“四项目人员”。,
255,4011,第四师卫生局、食品药品监督管理局、红十字会,1,不限,不限,35周岁以下,全日制普通高校本科,医药类，公共卫生类，药学类,不限,,
256,4012,第四师党委组织部党员电教中心,1,不限,不限,35周岁以下,全日制普通高校本科,不限,不限,,参公管理
257,4013,第四师煤炭工业管理局,1,男,不限,35周岁以下,全日制普通高校本科,经济管理类，化学工程类，机械工程类、机电类,不限,,参公管理
258,4014,第四师社会保险基金管理中心,1,男,不限,35周岁以下,全日制普通高校本科,不限,2年,,参公管理
259,4015,第四师团委,1,不限,不限,28周岁以下,全日制普通高校本科,中文、文秘类,不限,,
260,4016,第四师妇联,1,不限,不限,35周岁以下,全日制普通高校本科,中文、文秘类,2年,,
261,4017,第四师党委党校,1,不限,不限,35周岁以下,全日制普通高校大专,财务财会类,不限,,参公管理
262,4018,第四师卫生监督所、食品药品监督所,1,男,不限,35周岁以下,全日制普通高校本科,临床医学,不限,,参公管理
263,4019,第四师卫生监督所、食品药品监督所,1,不限,不限,35周岁以下,全日制普通高校本科,药学类,不限,,参公管理
264,4020,第四师统一采购中心,1,不限,不限,35周岁以下,全日制普通高校本科,计算机（大类）类，计算机（软件）类，计算机（网络管理）类,不限,,参公管理
265,4021,第四师61团社保所,1,不限,不限,35周岁以下,全日制普通高校大专,不限,不限,定向在农牧团场工作的各类高校毕业生和在疆服务的“四项目人员”。,参公管理
266,4022,第四师63团社保所,1,不限,不限,35周岁以下,全日制普通高校大专,不限,不限,定向在农牧团场工作的各类高校毕业生和在疆服务的“四项目人员”。,参公管理
267,4023,第四师64团社保所,1,不限,不限,35周岁以下,全日制普通高校大专,不限,不限,定向在农牧团场工作的各类高校毕业生和在疆服务的“四项目人员”。,参公管理
268,4024,第四师73团社保所,1,不限,不限,35周岁以下,全日制普通高校大专,经济管理类,不限,定向在农牧团场工作的各类高校毕业生和在疆服务的“四项目人员”。,参公管理
269,4025,第四师73团社保所,1,不限,不限,35周岁以下,全日制普通高校大专,不限,不限,定向在农牧团场工作的各类高校毕业生和在疆服务的“四项目人员”。,参公管理
270,4026,第四师76团社保所,1,男,不限,35周岁以下,全日制普通高校大专,不限,2年,,参公管理
271,4027,第四师公安局特警支队,2,男,不限,25周岁以下,全日制普通高校大专,公安类,不限,,符合人民警察录用条件
272,4028,第四师垦区公安局一线所队,2,男,不限,30周岁以下,全日制普通高校本科,临床医学,不限,,符合人民警察录用条件
273,4029,第四师垦区公安局一线所队,2,男,不限,30周岁以下,全日制普通高校本科,计算机（大类）类，计算机（软件）类，计算机（网络管理）类,不限,,符合人民警察录用条件
274,4030,第四师昭苏垦区检察院,1,男,不限,35周岁以下,全日制普通高校本科,法律类,不限,,
275,4031,第四师霍城垦区法院,1,男,不限,30周岁以下,全日制普通高校大专,不限,不限,,法警，符合人民警察录用条件
276,4032,第四师霍城垦区法院,1,不限,不限,35周岁以下,全日制普通高校本科,财务财会类,不限,,
277,4033,第四师霍城垦区法院,3,男,不限,35周岁以下,全日制普通高校本科,法律类,不限,,
278,4034,第四师霍城垦区法院,1,女,不限,35周岁以下,全日制普通高校本科,语言文学类,2年,具有全国计算机一级证书,
279,4035,第四师昭苏垦区法院,1,男,不限,35周岁以下,全日制普通高校大专,会计电算化,2年,,
280,4036,第四师昭苏垦区法院,2,男,不限,35周岁以下,全日制普通高校本科,法律类,不限,,
281,4037,第四师霍城垦区司法局,1,男,不限,35周岁以下,全日制普通高校本科,计算机（大类）类，计算机（软件）类，计算机（网络管理）类,不限,,
282,4038,第四师昭苏垦区司法局,1,不限,不限,35周岁以下,全日制普通高校本科,法律类,不限,,
283,4039,第四师昭苏垦区司法局,1,男,不限,35周岁以下,全日制普通高校本科,计算机（大类）类，计算机（软件）类，计算机（网络管理）类,不限,,
284,4040,第四师团场司法所,1,男,不限,35周岁以下,全日制普通高校本科,法律类,不限,,
285,4041,第四师团场司法所,2,女,不限,35周岁以下,全日制普通高校本科,不限,不限,,
286,4042,第四师森林公安局,1,不限,不限,30周岁以下,全日制普通高校本科,林业类，中文、文秘类,不限,,符合人民警察录用条件
287,4043,第四师森林公安局,1,男,不限,30周岁以下,全日制普通高校本科,计算机（网络管理）类,不限,,符合人民警察录用条件
288,4044,第四师森林公安局,1,男,不限,30周岁以下,全日制普通高校本科,公安类，中文、文秘类,不限,,符合人民警察录用条件
289,4045,第四师森林公安局,1,男,不限,30周岁以下,全日制普通高校本科,法律类，公安类,不限,,符合人民警察录用条件
290,6001,第六师党委组织部,1,男,不限,35周岁以下,全日制普通高校本科,行政管理类、经济管理类、计算机（网络管理）类、中文、哲学、思想政治教育,2年,中共党员,
291,6002,第六师安全生产监督管理局,1,男,不限,35周岁以下,全日制普通高校本科,化学工程类、安全生产类,2年,,
292,6003,第六师工业局,1,男,不限,35周岁以下,全日制普通高校本科,煤化工、冶金、非金属、工业经济管理,2年,,
293,6004,第六师教育局,1,不限,不限,35周岁以下,全日制普通高校本科,中文、汉语言文学、哲学、语文教育、政治教育,2年,,
294,6005,第六师建设局,2,不限,不限,35周岁以下,全日制普通高校本科,建筑工程类,2年,助理工程师职称,
295,6006,第六师农业局,1,不限,不限,35周岁以下,全日制普通高校本科,法律类,不限,,
296,6007,第六师妇联,1,不限,不限,35周岁以下,全日制普通高校本科,行政管理类、经济管理类、计算机（网络管理）类、中文、哲学、思想政治教育,不限,定向在农牧团场工作的各类高校毕业生和在疆服务的“四项目人员”,
297,6008,第六师垦区公安局,3,男,不限,30周岁以下,全日制普通高校大专,公安类,不限,限警校毕业生,符合人民警察录用条件
298,6009,第六师垦区公安局,3,不限,不限,30周岁以下,全日制普通高校本科,中文、文秘类、新闻传播学类,不限,定向在农牧团场工作的各类高校毕业生和在疆服务的“四项目人员”,符合人民警察录用条件
299,6010,第六师垦区公安局,3,男,不限,30周岁以下,全日制普通高校本科,法律类,不限,,符合人民警察录用条件
300,6011,第六师垦区公安局,6,男,不限,30周岁以下,全日制普通高校大专,公安类,不限,,符合人民警察录用条件
301,6012,第六师垦区法院,1,男,不限,35周岁以下,全日制普通高校本科,法律类,不限,,
302,6013,第六师垦区法院,1,不限,不限,35周岁以下,全日制普通高校本科,法律类,不限,,
303,6014,第六师垦区司法局,1,男,不限,35周岁以下,全日制普通高校本科,计算机（网络管理）类,不限,,
304,6015,第六师垦区司法局,4,男,不限,35周岁以下,全日制普通高校本科,法律类,不限,,
305,6016,第六师垦区司法局,3,不限,不限,35周岁以下,全日制普通高校本科,法律类,不限,定向在农牧团场工作的各类高校毕业生和在疆服务的“四项目人员”,
306,6017,第六师北塔山牧场司法所,1,不限,不限,35周岁以下,全日制普通高校大专,中文、文秘类、社会工作类、行政管理类、法律类、计算机(大类）类、计算机（网络管理）类,不限,,
307,6018,第六师规划局,1,不限,不限,35周岁以下,全日制普通高校本科,城乡规划管理、工民建、园林景观、市政工程,2年,,参公管理
308,6019,第六师农机监理所,1,男,不限,35周岁以下,全日制普通高校本科,农业机械化,2年,,参公管理
309,6020,第六师审计中心,1,男,不限,35周岁以下,全日制普通高校本科,建筑工程类,2年,,参公管理
310,6021,第六师审计中心,1,男,不限,35周岁以下,全日制普通高校本科,财务财会类、审计类,2年,,参公管理
311,6022,第六师审计中心,1,不限,不限,35周岁以下,全日制普通高校本科,财务财会类、审计类,2年,,参公管理
312,6023,第六师社保中心团场社保所,10,不限,不限,35周岁以下,全日制普通高校本科,计算机(大类）类、计算机（网络管理）类、经济管理类、财务财会类、行政管理类,不限,,参公管理
313,6024,第六师社保中心团场社保所,3,不限,不限,35周岁以下,全日制普通高校本科,医学类、法律类,不限,定向在农牧团场工作的各类高校毕业生和在疆服务的“四项目人员”,参公管理
314,6025,第六师社保中心北塔山牧场社保所,2,不限,不限,35周岁以下,全日制普通高校大专,计算机(大类）类、计算机（网络管理）类、经济管理类、财务财会类、行政管理类,不限,,参公管理
315,7001,第七师档案室,2,男,不限,35周岁以下,全日制普通高校本科,中文、文秘类,2年,,参公管理
316,7002,第七师史志办,1,男,不限,35周岁以下,全日制普通高校本科,财务财会类,2年,,参公管理
317,7003,第七师党委组织部,1,不限,不限,35周岁以下,全日制普通高校本科,中文、文秘类,不限,,
318,7004,第七师党委组织部,1,不限,不限,35周岁以下,全日制普通高校本科,中文、文秘类,不限,定向在农牧团场工作的各类高校毕业生和在疆服务的“四项目人员”,
319,7005,第七师党员电教中心,1,不限,不限,35周岁以下,全日制普通高校本科,新闻传播学类,2年,,参公管理
320,7006,第七师党委宣传部,1,男,不限,35周岁以下,全日制普通高校本科,中文、文秘、新闻传播,2年,,
321,7007,第七师党委宣传部,1,不限,不限,35周岁以下,全日制普通高校本科,中文、文秘、新闻传播,2年,,
322,7008,第七师政法委,1,男,不限,35周岁以下,全日制普通高校本科,法学,2年,,
323,7009,第七师发改委,1,男,不限,35周岁以下,全日制普通高校本科,经济管理类,2年,经济师职称、咨询师资格证,
324,7010,第七师发改委,1,男,不限,35周岁以下,全日制普通高校本科,安全生产类,2年,,
325,7011,第七师工信委,1,男,不限,35周岁以下,全日制普通高校本科,食品工程类,2年,,
326,7012,第七师工信委,1,男,不限,35周岁以下,大专,化学工程类,2年,,
327,7013,第七师安监局,1,男,不限,35周岁以下,全日制普通高校本科,矿山通风与安全、安全管理与监督,2年,,
328,7014,第七师教育局,2,男,不限,35岁周以下,全日制普通高校本科,教育学类,2年,二本以上院校毕业,
329,7015,第七师财务局,1,男,不限,35周岁以下,全日制普通高校本科,税务财会、税收财会、税务会计、税务、税收,不限,,
330,7016,第七师财务局,1,不限,不限,35周岁以下,全日制普通高校本科,财政学、财政与金融,不限,,
331,7017,第七师劳动和社会保障局,1,不限,不限,35周岁以下,全日制普通高校本科,文秘,不限,定向在农牧团场工作的各类高校毕业生和在疆服务的“四项目人员,
332,7018,第七师劳动和社会保障局,1,不限,不限,35周岁以下,全日制普通高校本科,社会工作类,不限,,
333,7019,第七师劳动和社会保障局,1,男,不限,35周岁以下,全日制普通高校本科,行政管理类,不限,,
334,7020,第七师水利局,1,男,不限,35周岁以下,全日制普通高校本科,水利工程,不限,,
335,7021,第七师农业局,1,男,不限,35周岁以下,全日制普通高校本科,农学,2年,,
336,7022,第七师农业局,1,男,不限,35周岁以下,全日制普通高校本科,农业机械化,2年,,
337,7023,第七师农业局,1,男,不限,35周岁以下,全日制普通高校本科,农业类,2年,,
338,7024,第七师森林公安局,1,男,不限,30周岁以下,全日制普通高校本科,林学,2年,,符合人民警察录用条件
339,7025,第七师森林公安局,1,男,不限,30周岁以下,全日制普通高校本科,侦查学、刑事侦查、森林消防,2年,,符合人民警察录用条件
340,7026,第七师商务局,1,男,不限,35周岁以下,全日制普通高校本科,计算机（大类）类、经济管理类,2年,,
341,7027,第七师商务局,1,男,不限,35周岁以下,全日制普通高校本科,商务贸易类、经济管理类、法律类,不限,,
342,7028,第七师卫生局,1,男,不限,35周岁以下,全日制普通高校本科,医学类、公共卫生类,不限,,
343,7029,第七师卫生监督所,1,不限,不限,35周岁以下,全日制普通高校本科,公共卫生类,不限,,参公管理
344,7030,第七师卫生监督所,1,不限,不限,35周岁以下,全日制普通高校本科,药学类,不限,,参公管理
345,7031,第七师人口和计划生育委员会,1,不限,不限,35周岁以下,全日制普通高校本科,中文、文秘类、社会工作类、新闻传播学类、行政管理类、计算机（大类）类,2年,,
346,7032,第七师审计局,1,女,不限,35周岁以下,本科,土木工程,2年,助理工程师职称,
347,7033,第七师审计局,1,男,不限,35周岁以下,全日制普通高校本科,计算机（软件）类,2年,取得二级证书,
348,7034,第七师审计中心,1,男,不限,35周岁以下,全日制普通高校本科,审计类,2年,,参公管理
349,7035,第七师审计中心,1,男,不限,35周岁以下,大专,建筑工程类,1年,,参公管理
350,7036,第七师国土资源分局,3,男,不限,35周岁以下,全日制普通高校本科,土地管理,1年,,
351,7037,第七师国土资源分局,1,不限,不限,35周岁以下,全日制普通高校本科,计算机(大类)类、地理信息管理,不限,定向在农牧团场工作的各类高校毕业生和在疆服务的“四项目人员,
352,7038,第七师国土资源分局,1,不限,不限,35周岁以下,大专,不限,1年,,
353,7039,第七师统计局,1,不限,不限,35周岁以下,本科,统计类、经济管理类、财务财会类、商务贸易类,不限,,
354,7040,第七师妇联,1,女,不限,35周岁以下,全日制普通高校本科,中文、文秘类,2年,具有文艺特长,
355,7041,第七师团委,1,男,不限,28周岁以下,全日制普通高校本科,不限,不限,定向在农牧团场工作的各类高校毕业生和在疆服务的“四项目人员（中共党员）,
356,7042,第七师奎屯垦区检察院,1,男,不限,35周岁以下,本科,法律,不限,,
357,7043,第七师奎屯垦区检察院,1,男,不限,35周岁以下,本科,计算机（大类）类,不限,,
358,7044,第七师车排子垦区检察院,2,不限,不限,35周岁以下,本科,法律,不限,,
359,7045,第七师车排子垦区检察院,1,不限,不限,35周岁以下,本科,文秘,不限,定向在农牧团场工作的各类高校毕业生和在疆服务的“四项目人员,
360,7046,第七师奎屯垦区人民法院,2,不限,不限,35周岁以下,本科,不限,不限,司法资格A证,
361,7047,第七师奎屯垦区人民法院,2,不限,不限,35周岁以下,本科,法律,不限,,
362,7048,第七师车排子垦区人民法院,4,不限,不限,35周岁以下,本科,法律,不限,,
363,7049,第七师车排子垦区人民法院,1,不限,不限,35周岁以下,本科,财务财会类,不限,定向在农牧团场工作的高校毕业生和在疆服务的“四项目人员”,
364,8001,第八师石河子市政府办公室,1,男,不限,35周岁以下,全日制普通高校本科,中文、文秘类,2年,,
365,8002,第八师石河子市政府办公室,1,男,不限,35周岁以下,全日制普通高校本科,法律类,2年,,
366,8003,第八师石河子市国资委,1,男,不限,35周岁以下,全日制普通高校本科,经济管理类,2年,,
367,8004,第八师石河子市国资委,1,男,不限,35周岁以下,全日制普通高校本科,财务财会类,2年,,
368,8005,第八师石河子市价格监督检查局,1,男,不限,35周岁以下,全日制普通高校本科,统计类,2年,,参公管理
369,8006,第八师石河子市商务局,1,男,不限,35周岁以下,全日制普通高校本科,经济管理类、商务贸易类,2年,2年以上专业工作经历,
370,8007,石河子婚姻登记处,1,不限,不限,35周岁以下,全日制普通高校本科,不限,不限,定向在农牧团场工作的各类高校毕业生和在疆服务的“四项目人员”,参公管理
371,8008,第八师石河子市财政局,2,不限,不限,35周岁以下,全日制普通高校本科,财务财会类,2年,,
372,8009,第八师石河子市财政局乡镇财政（务）管理局,2,男,不限,35周岁以下,全日制普通高校本科,财务财会类,2年,,参公管理
373,8010,第八师石河子市审计局,1,不限,不限,35周岁以下,本科,财务财会类、审计类,2年,,
374,8011,第八师石河子市审计局,1,男,不限,35周岁以下,本科,财务财会类、审计类,不限,,
375,8012,石河子市统计局社会经济调查队,1,男,不限,35周岁以下,全日制普通高校本科,统计类,2年,,参公管理
376,8013,石河子市统计局社会经济调查队,1,男,不限,35周岁以下,全日制普通高校本科,财务财会类,2年,,参公管理
377,8014,石河子市统计局社会经济调查队,1,不限,不限,35周岁以下,全日制普通高校本科,商务贸易类,2年,,参公管理
378,8015,第八师石河子市劳动和社会保障局,1,不限,不限,35周岁以下,全日制普通高校本科,法律类,不限,,
379,8016,第八师石河子市社会保险管理局,1,女,不限,35周岁以下,全日制普通高校本科,经济管理类,2年,,参公管理
380,8017,第八师石河子市社会保险管理局,1,女,不限,35周岁以下,全日制普通高校本科,法律类,1年,,参公管理
381,8018,第八师石河子市社会保险管理局,2,男,不限,35周岁以下,全日制普通高校本科,财务财会类,1年,具有会计从业资格证,参公管理
382,8019,第八师石河子市社会保险管理局,1,男,不限,35周岁以下,全日制普通高校本科,医学类,1年,,参公管理
383,8020,第八师石河子市社会保险管理局,2,男,不限,35周岁以下,全日制普通高校本科,计算机（大类）类,不限,定向在农牧团场工作的各类高校毕业生和在疆服务的“四项目人员”,参公管理
384,8021,第八师石河子市建设局,1,男,不限,35周岁以下,全日制普通高校本科,建筑工程类,2年,工程师及以上职称,
385,8022,第八师石河子市建设局,1,男,不限,35周岁以下,全日制普通高校本科,中文、文秘类,不限,,
386,8023,石河子城乡规划管理局,1,女,不限,35周岁以下,全日制普通高校本科,建筑工程类,1年,1年以上专业工作经历,参公管理
387,8024,石河子城乡规划管理局,1,男,不限,35周岁以下,全日制普通高校本科,建筑工程类,2年,2年以上专业工作经历,参公管理
388,8025,石河子城乡规划管理局,1,女,不限,35周岁以下,全日制普通高校本科,城建规划类,1年,1年以上专业工作经历,参公管理
389,8026,第八师石河子市环保局,1,男,不限,35周岁以下,全日制普通高校本科,环境保护类,不限,,
390,8027,第八师石河子市交通局,1,男,不限,35周岁以下,全日制普通高校本科,物流、公路运输与管理、交通运输,2年,,
391,8028,石河子市客运交通管理处,1,男,不限,35周岁以下,全日制普通高校本科,法律类,不限,取得司法资格A证,参公管理
392,8029,第八师石河子市水利局,1,男,不限,35周岁以下,全日制普通高校本科,水资源规划及利用,2年,,
393,8030,第八师石河子市农林牧局,1,女,不限,35周岁以下,全日制普通高校本科,林业类,不限,学士学位；取得林业工程监理资格证,
394,8031,第八师石河子市卫生局,1,不限,不限,35周岁以下,全日制普通高校本科,预防医学、临床医学、卫生事业管理,不限,,
395,8032,第八师石河子市卫生局卫生监督所,1,不限,不限,35周岁以下,全日制普通高校本科,公共卫生类,不限,,参公管理
396,8033,第八师石河子市文体局,1,男,不限,35周岁以下,全日制普通高校本科,中文、文秘类、新闻传播学类、艺术类、经济管理类、行政管理类、法律类,2年,中共党员,
397,8034,第八师石河子市房产局,1,女,不限,35周岁以下,全日制普通高校本科,财务财会类,2年,,参公管理
398,8035,第八师石河子市房产局,1,男,不限,35周岁以下,全日制普通高校本科,中文、文秘类,2年,,参公管理
399,8036,第八师石河子市房产局,1,男,不限,35周岁以下,全日制普通高校本科,建筑工程类,不限,,参公管理
400,8037,石河子市房产执法监察大队,1,不限,不限,35周岁以下,全日制普通高校本科,行政管理类、中文、文秘类、城建规划类,2年,,参公管理
401,8038,第八师石河子市总工会,1,不限,不限,35周岁以下,本科,不限,不限,,
402,8039,第八师检察分院,1,男,不限,35周岁以下,全日制普通高校本科,计算机（大类）类,不限,学士学位,
403,8040,第八师检察分院,2,男,不限,35周岁以下,全日制普通高校本科,法律类,不限,学士学位、取得司法资格A证,
404,8041,第八师下野地垦区人民检察院,1,男,不限,35周岁以下,全日制普通高校本科,法律类,不限,学士学位、取得司法资格A证,
405,8042,第八师下野地垦区人民检察院,1,女,不限,35周岁以下,全日制普通高校本科,法律类,不限,学士学位、取得司法资格A证,
406,8043,石河子市人民检察院,3,男,不限,35周岁以下,本科,法律类,不限,取得司法资格A证,
407,8044,第八师莫索湾垦区人民法院,2,女,不限,35周岁以下,全日制普通高校本科,法律类,不限,取得司法资格A证,
408,8045,第八师莫索湾垦区人民法院,2,男,不限,35周岁以下,全日制普通高校本科,法律类,2年,2年以上专业工作经历、取得司法资格A证,
409,8046,第八师莫索湾垦区人民法院,1,男,不限,30周岁以下,全日制普通高校大专,不限,不限,,法警，符合人民警察录用条件
410,8047,第八师下野地垦区人民法院,4,男,不限,35周岁以下,全日制普通高校本科,法律类,2年,2年以上专业工作经历、取得司法资格A证,
411,8048,第八师下野地垦区人民法院,1,男,不限,30周岁以下,全日制普通高校大专,不限,不限,,法警，符合人民警察录用条件
412,8049,第八师司法局团场司法所司法助理员,6,男,不限,35周岁以下,全日制普通高校本科,法律类、中文、文秘类、教育学类、新闻传播学类、行政管理类,不限,,
413,8050,第八师司法局团场司法所司法助理员,4,不限,不限,35周岁以下,全日制普通高校本科,法律类、中文、文秘类、教育学类、新闻传播学类、行政管理类,不限,定向在农牧团场工作的各类高校毕业生和在疆服务的“四项目人员”,
414,8051,第八师石河子劳教所,1,女,不限,30周岁以下,本科,农业类,不限,,符合人民警察录用条件
415,8052,第八师石河子劳教所,1,男,不限,30周岁以下,大专,建筑工程类,不限,,符合人民警察录用条件
416,8053,石河子市向阳街道办事处,1,不限,不限,35周岁以下,全日制普通高校本科,中文、文秘类、社会工作类、计算机（大类）类,2年,,
417,8054,石河子市向阳街道办事处,1,不限,不限,35周岁以下,全日制普通高校本科,中文、文秘类、社会工作类、计算机（大类）类,2年,,参公管理
418,8055,石河子市新城街道（计生办、劳保所）,1,男,不限,35周岁以下,全日制普通高校本科,中文、文秘类、社会工作类,2年,,参公管理
419,8056,石河子市老街街道办事处劳动保障所,1,不限,不限,35周岁以下,全日制普通高校本科,社会工作类、财务财会类、行政管理类,不限,,参公管理
420,8057,石河子市老街街道办事处劳动保障所,1,不限,维、哈,35周岁以下,全日制普通高校本科,社会工作类、财务财会类、行政管理类,不限,,参公管理
421,9001,第九师办公室,1,不限,不限,35周岁以下,本科,中文、文秘类,2年,中共党员或共青团员,
422,9002,第九师办公室,1,男,不限,35周岁以下,大专,计算机类,2年,中共党员或共青团员,
423,9003,第九师纪律检查委员会,1,不限,不限,35周岁以下,本科,中文、文秘类、法律类、财务财会类,不限,中共党员,
424,9004,第九师宣传部,1,男,不限,35周岁以下,本科,中文、文秘类,不限,,
425,9005,第九师工信委,1,不限,不限,35周岁以下,全日制普通高校本科,机电类、食品工程类、化学工程类,不限,,
426,9006,第九师工信委,1,不限,不限,35周岁以下,全日制普通高校本科,安全生产类,不限,,
427,9007,第九师招商局,1,男,不限,35周岁以下,全日制普通高校本科,经济管理类,1年,,
428,9008,第九师国土资源局167团分局,1,男,不限,35周岁以下,全日制普通高校本科,建筑工程类,不限,定向在农牧团场工作的各类高校毕业生和在疆服务的“四项目人员”,
429,9009,第九师国土资源局168团分局,1,男,不限,35周岁以下,全日制普通高校本科,法律类,不限,定向在农牧团场工作的各类高校毕业生和在疆服务的“四项目人员”,
430,9010,第九师卫生监督所,1,男,不限,35周岁以下,全日制普通高校本科,临床医学,不限,,参公管理
431,9011,第九师卫生监督所,1,男,不限,35周岁以下,全日制普通高校本科,公共卫生事业管理,不限,,参公管理
432,9012,第九师卫生监督所,1,男,不限,35周岁以下,全日制普通高校本科,药学类,不限,,参公管理
433,9013,第九师审计中心,1,不限,不限,35周岁以下,全日制普通高校本科,建筑工程类,不限,,参公管理
434,9014,第九师审计中心,1,不限,不限,35周岁以下,全日制普通高校本科,审计类、财务财会类,不限,,参公管理
435,9015,第九师社保中心,1,女,不限,35周岁以下,大专,计算机（大类）类,2年,,参公管理
436,9016,第九师党校,1,不限,不限,35周岁以下,本科,经济管理类,不限,,参公管理
437,9017,第九师党校,1,不限,不限,35周岁以下,本科,教育学类,不限,,参公管理
438,9018,国家统计局第九师调查队,1,男,不限,35周岁以下,本科,统计类、财务财会类,不限,,参公管理
439,9019,第九师公安局额敏垦区公安局,4,男,不限,30周岁以下,全日制普通高校大专,不限,不限,九师及塔城北四县户籍,符合人民警察录用条件
440,9020,第九师公安局额敏垦区公安局,1,女,不限,30周岁以下,全日制普通高校本科,中文、文秘类,不限,定向在农牧团场工作的各类高校毕业生和在疆服务的“四项目人员”,符合人民警察录用条件
441,9021,第九师公安局额敏垦区公安局,1,男,不限,30周岁以下,全日制普通高校大专,临床医学,不限,九师及塔城北四县户籍,符合人民警察录用条件
442,9022,第九师公安局额敏垦区公安局,1,女,不限,30周岁以下,全日制普通高校本科,医学类,不限,,符合人民警察录用条件
443,9023,第九师公安局塔城垦区公安局,2,男,不限,30周岁以下,全日制普通高校大专,不限,不限,九师及塔城北四县户籍,符合人民警察录用条件
444,9024,第九师公安局塔城垦区公安局,1,女,不限,30周岁以下,全日制普通高校大专,不限,不限,九师及塔城北四县户籍,符合人民警察录用条件
445,9025,第九师法院,1,不限,不限,35周岁以下,本科,财务财会类,不限,,
446,9026,第九师检察院额垦检察院,1,男,不限,35周岁以下,本科,法律类,不限,,
447,9027,第九师检察院叶垦检察院,1,男,不限,35周岁以下,本科,法律类,不限,,
448,9028,第九师司法局162团司法所,1,男,不限,35周岁以下,全日制普通高校本科,不限,不限,定向在农牧团场工作的各类高校毕业生和在疆服务的“四项目人员”,
449,9029,第九师司法局165团司法所,1,女,不限,35周岁以下,全日制普通高校本科,不限,不限,定向在农牧团场工作的各类高校毕业生和在疆服务的“四项目人员”,
450,10001,北屯市人大,1,男,不限,35周岁以下,本科,中文、文秘类,不限,定向在农牧团场工作的各类高校毕业生和在疆服务的“四项目人员”,
451,10002,北屯市人大,1,不限,不限,35周岁以下,本科,经济管理类,1年,,
452,10003,北屯市人大,1,男,不限,35周岁以下,本科,不限,1年,,
453,10004,北屯市政协,1,男,不限,35周岁以下,全日制普通高校本科,财务财会类,不限,,
454,10005,第十师北屯市办公室,1,男,不限,35周岁以下,本科,经济管理类,不限,,
455,10006,第十师北屯市办公室,1,男,不限,35周岁以下,本科,中文、文秘类,不限,,
456,10007,第十师北屯市办公室,1,女,不限,35周岁以下,全日制普通高校本科,农业类、中文、文秘类,2年,中共党员,
457,10008,第十师北屯市办公室,1,男,不限,35周岁以下,大专,计算机（大类）类,2年,,
458,10009,第十师北屯市办公室,1,男,不限,35周岁以下,本科,计算机（大类）类,不限,,
459,10010,第十师北屯市办公室,1,女,不限,35周岁以下,全日制普通高校本科,法律类,不限,定向在农牧团场工作的各类高校毕业生和在疆服务的“四项目人员”,
460,10011,第十师北屯市机关事务管理局,1,男,不限,35周岁以下,本科,建筑工程类,2年,,
461,10012,第十师北屯市史志办,1,不限,不限,35周岁以下,本科,中文、文秘类,2年,,
462,10013,第十师北屯市党委老干局,1,男,不限,35周岁以下,本科,法律类,2年,中共党员,
463,10014,第十师北屯市党委宣传部,1,男,不限,35周岁以下,全日制普通高校本科,不限,2年,,
464,10015,第十师北屯市党委统战部,1,男,不限,35周岁以下,全日制普通高校本科,不限,不限,,
465,10016,第十师北屯市发改委,1,男,不限,35周岁以下,大专,法律类,不限,定向在农牧团场工作的各类高校毕业生和在疆服务的“四项目人员”,
466,10017,第十师北屯市发改委,1,不限,不限,35周岁以下,本科,财务财会类,不限,,
467,10018,第十师北屯市编办,1,男,不限,35周岁以下,全日制普通高校本科,不限,不限,,
468,10019,第十师北屯市民政局,1,男,不限,35周岁以下,本科,不限,1年,,
469,10020,第十师北屯市司法局,2,男,不限,35周岁以下,本科,法律类,2年,限阿勒泰地区户籍,
470,10021,第十师北屯市司法局,1,女,不限,35周岁以下,本科,法律类,不限,定向在农牧团场工作的各类高校毕业生和在疆服务的“四项目人员”,
471,10022,第十师北屯市司法局,1,男,不限,35周岁以下,本科,中文、文秘类,2年,限阿勒泰地区户籍,
472,10023,第十师北屯市司法局,1,女,不限,35周岁以下,本科,中文、文秘类,2年,限阿勒泰地区户籍,
473,10024,第十师北屯市司法局,1,不限,不限,35周岁以下,大专,计算机（网络管理）类,2年,,
474,10025,第十师北屯市卫生局（食品药品监督管理局）,1,不限,不限,35周岁以下,大专,医学类、公共卫生类,不限,定向在农牧团场工作的各类高校毕业生和在疆服务的“四项目人员”,
475,10026,第十师北屯市卫生局（食品药品监督管理局）,1,不限,不限,35周岁以下,大专,药学类、医药器械类,不限,,
476,10027,第十师北屯市审计局,1,男,不限,35周岁以下,本科,计算机（大类）类,不限,,
477,10028,第十师北屯市森林公安局,1,不限,不限,30周岁以下,全日制普通高校本科,经济管理类,1年,,森林公安，符合人民警察录用条件
478,10029,第十师北屯市森林公安局,1,不限,不限,30周岁以下,本科,农业类、林业类、公安类,1年,,森林公安，符合人民警察录用条件
479,10030,第十师北屯市质量技术监督局,1,男,不限,35周岁以下,大专,中文、文秘类,不限,定向在农牧团场工作的各类高校毕业生和在疆服务的“四项目人员”,
480,10031,第十师北屯市质量技术监督局,1,不限,不限,35周岁以下,大专,机电类,2年,,
481,10032,第十师北屯市残联,1,男,不限,35周岁以下,全日制普通高校本科,不限,2年,,
482,10033,第十师北屯市工商联,1,男,不限,35周岁以下,全日制普通高校本科,法律类、经济管理类,不限,,
483,10034,第十师检察分院,1,男,不限,35周岁以下,本科,法律类,不限,定向在农牧团场工作的各类高校毕业生和在疆服务的“四项目人员”,
484,10035,第十师北屯市人民检察院,2,男,不限,35周岁以下,本科,法律类,不限,,
485,10036,第十师巴里巴盖垦区检察院,1,男,不限,35周岁以下,本科,法律类,不限,,
486,10037,第十师北屯市审计一中心,2,不限,不限,35周岁以下,本科,财务财会类、审计类,不限,,参公管理
487,10038,第十师北屯市社保中心181团社保站,1,不限,不限,35周岁以下,全日制普通高校大专,不限,2年,,参公管理
488,10039,第十师北屯市社保中心182团社保站,1,男,不限,35周岁以下,全日制普通高校大专,不限,不限,,参公管理
489,10040,第十师北屯市老干所,1,不限,不限,35周岁以下,大专,财务财会类,1年,,参公管理
490,10041,第十师北屯市统一采购中心,1,不限,不限,35周岁以下,大专,财务财会类,不限,,参公管理
491,10042,第十师北屯市党委党校,1,女,不限,35周岁以下,全日制普通高校本科,马列主义理论、马克思主义中国化,不限,,参公管理
492,10043,第十师北屯市党委党校,1,男,不限,35周岁以下,全日制普通高校本科,政治学与行政学,不限,,参公管理
493,10044,第十师北屯市党委党校,1,男,不限,35周岁以下,全日制普通高校本科,城市规划、城镇规划与绿化,不限,,参公管理
494,11001,建工师纪委,1,男,不限,35周岁以下,全日制普通高校本科,法律类,不限,,
495,11002,建工师党委办公室,1,男,不限,35周岁以下,全日制普通高校本科,中文、文秘类,不限,,
496,11003,建工师党委办公室,1,不限,不限,35周岁以下,全日制普通高校本科,计算机（网络管理）类,不限,中共党员,
497,11004,建工师党委组织部,1,男,不限,35周岁以下,全日制普通高校本科,中文、文秘类、法律类,不限,,
498,11005,建工师国资委,1,男,不限,35周岁以下,全日制普通高校本科,企业财务会计,2年,具有会计从业资格证,
499,11006,建工师发改委,1,男,不限,35周岁以下,全日制普通高校本科,计划统计、国民经济计划与管理,2年,,
500,11007,建工师民政局,1,男,不限,35周岁以下,全日制普通高校本科,社会工作类,不限,,
501,11008,建工师劳动和社会保障局,1,男,不限,35周岁以下,全日制普通高校本科,经济管理类、社会工作类,不限,,
502,11009,建工师建设局,1,男,不限,35周岁以下,全日制普通高校本科,建筑工程类,2年,助理工程师职称,
503,11010,建工师司法局,1,男,不限,35周岁以下,全日制普通高校本科,法律类,不限,,
504,11011,建工师司法局,1,不限,不限,35周岁以下,全日制普通高校本科,中文、文秘类,不限,,
505,11012,建工师基层司法所,3,男,不限,35周岁以下,全日制普通高校本科,法律类,不限,,
506,11013,建工师基层司法所,1,不限,不限,35周岁以下,全日制普通高校本科,法律类,不限,,
507,11014,建工师审计局,1,男,不限,35周岁以下,全日制普通高校本科,基建审计、建筑会计与工程概预算,不限,,
508,11015,建工师卫生监督所,1,不限,不限,35周岁以下,全日制普通高校本科,法律类、公共卫生类,不限,,参公管理
509,11016,建工师社会经济调查队,1,不限,不限,35周岁以下,全日制普通高校本科,经济管理类,2年,,参公管理
510,11017,建工师社保基金管理中心,1,男,不限,35周岁以下,全日制普通高校本科,劳动与社会保障,不限,,参公管理
511,11018,建工师社保基金管理中心,1,不限,不限,35周岁以下,全日制普通高校本科,社会工作类,不限,定向在农牧团场工作的各类高校毕业生和在疆服务的“四项目人员”,参公管理
512,12001,第十二师公安局特警支队,7,男,不限,25周岁以下,本科,公安类、法律类,不限,,符合人民警察录用条件
513,12002,第十二师公安局特警支队,3,男,不限,25周岁以下,本科,公安类、法律类,不限,具有维、汉双语读写能力,符合人民警察录用条件
514,13001,第十三师党委办公室,1,男,不限,35周岁以下,全日制普通高校本科,计算机（大类）类,不限,定向在农牧团场工作的各类高校毕业生和在疆服务的“四项目人员”,
515,13002,第十三师机关事务管理局,1,男,不限,35周岁以下,本科,城建规划类、建筑工程类,不限,,
516,13003,第十三师教育局,1,男,不限,35周岁以下,全日制普通高校本科,中文、数学,不限,,
517,13004,第十三师财务局,1,男,不限,35周岁以下,本科,会计学、审计学、财务管理、会计电算化,不限,,
518,13005,第十三师工业局,1,男,不限,35周岁以下,本科,精细化工、有机化工工艺、化工工艺、化工生产技术与管理、化工机械制造与维修、化学工程与工艺化工装备与控制,不限,,
519,13006,第十三师水利局,1,不限,不限,35周岁以下,本科,水利工程类,2年,,
520,13007,第十三师卫生局,1,男,不限,35周岁以下,全日制普通高校本科,医学、预防医学、法律、卫生事业管理,不限,,
521,13008,第十三师干休所,1,不限,不限,35周岁以下,本科,中文、文秘、法学、法律、社会工作类,不限,定向在农牧团场工作的各类高校毕业生和在疆服务的“四项目人员”,参公管理
522,13009,第十三师水利工程质监站,2,不限,不限,35周岁以下,大专,水利工程类,不限,,参公管理
523,13010,第十三师社会经济调查队,1,男,不限,35周岁以下,本科,计算机(大类)类、财务财会类、统计类,不限,定向在农牧团场工作的各类高校毕业生和在疆服务的“四项目人员”,参公管理
524,13011,第十三师卫生监督所,1,男,不限,35周岁以下,全日制普通高校本科,临床医学,不限,,参公管理
525,13012,第十三师卫生监督所,1,男,不限,35周岁以下,全日制普通高校本科,药学,不限,,参公管理
526,13013,第十三师建设工程质监站,1,不限,不限,35周岁以下,大专,工民建,2年,从事建筑工作2年以上,参公管理
527,13014,第十三师审计中心,1,男,不限,35周岁以下,本科,审计学、财经管理、经济管理,2年,,参公管理
528,13015,第十三师国土资源局团场分局,1,不限,不限,35周岁以下,本科,地理信息系统、测绘工程,不限,,
529,13016,第十三师大营房城管委,1,不限,不限,35周岁以下,大专,城市规划、建筑学、建筑工程、热能与动力,不限,,参公管理
530,13017,第十三师大营房城管委城建监察大队,1,男,不限,35周岁以下,大专,不限,不限,,参公管理
531,13018,第十三师公安局特警支队,10,男,不限,25周岁以下,大专,不限,不限,哈密户籍,符合人民警察录用条件
532,13019,第十三师哈密垦区检察院,1,不限,不限,35周岁以下,硕士研究生,中文,不限,,
533,13020,第十三师哈密垦区法院,2,男,不限,35周岁以下,本科,法律,不限,,
534,13021,第十三师巴里坤垦区法院,1,不限,不限,35周岁以下,本科,法律,不限,,
535,13022,第十三师巴里坤垦区法院,1,男,不限,35周岁以下,本科,文秘,不限,,
536,14001,第十四师党委老干局,1,不限,不限,35周岁以下,全日制普通高校本科,不限,不限,,
537,14002,第十四师皮墨北京工业园区管委会,1,不限,不限,35周岁以下,大专,建筑工程类、商务贸易类,2年,,
538,14003,第十四师人口与计划生育委员会,1,不限,不限,35周岁以下,全日制普通高校大专,不限,不限,定向在农牧团场工作的各类高校毕业生和在疆服务的“四项目人员”。,
539,14004,第十四师建设局,1,男,不限,35周岁以下,全日制普通高校本科,建筑工程类,2年,,
540,14005,第十四师审计局,1,不限,不限,35周岁以下,大专,审计类、工程预决算会计、计算机(大类)类,不限,,
541,14006,第十四师国土资源局224团分局,1,男,不限,35周岁以下,本科,计算机（网络管理）类,1年,,
542,14007,第十四师社会经济调查队,1,不限,不限,35周岁以下,大专,经济管理类、财务财会类、统计类、计算机（大类）类,不限,,参公管理
543,14008,第十四师党史研究室,1,男,不限,35周岁以下,本科,中文、文秘类,不限,,参公管理
544,14009,第十四师社会保险基金管理中心,1,不限,不限,35周岁以下,大专,财务财会类,不限,定向在农牧团场工作的各类高校毕业生和在疆服务的“四项目人员”。,参公管理
545,14010,第十四师社会保险基金管理中心,1,不限,不限,35周岁以下,大专,财务财会类,1年,,参公管理
546,14011,第十四师一牧场社会保险基金管理所,1,不限,不限,35周岁以下,大专,不限,1年,,参公管理
547,14012,第十四师皮山农场社会保险基金管理所,1,不限,不限,35周岁以下,大专,不限,1年,,参公管理
548,14013,第十四师中级人民法院,1,男,汉,35周岁以下,本科,中国语言文化 （维语方向）、维吾尔语言,不限,具有维、汉双语读写能力,
549,14014,第十四师中级人民法院,1,男,不限,35周岁以下,本科,中文、文秘类,不限,,
550,14015,第十四师中级人民法院,1,男,不限,35周岁以下,本科,财务财会类,不限,,
551,14016,和田垦区人民法院,1,不限,不限,35周岁以下,本科,不限,不限,取得司法资格证书,
552,14017,和田垦区人民法院,1,不限,不限,35周岁以下,本科,中文、文秘类,不限,定向在农牧团场工作的各类高校毕业生和在疆服务的“四项目人员”。,
553,14018,和田垦区人民法院,1,不限,维,35周岁以下,本科,汉语言文学,不限,取得HSK9级以上，具有维、汉双语读写能力,
554,14019,和田垦区人民法院,1,男,不限,30周岁以下,大专,公安类,不限,,法警，符合人民警察录用条件
555,14020,和田垦区人民法院,1,男,回、维,30周岁以下,大专,语言文学类,不限,,法警，符合人民警察录用条件
556,14021,第十四师检察分院,1,男,不限,35周岁以下,本科,法律类,不限,,
557,14022,第十四师检察分院,1,男,不限,35周岁以下,本科,法律类,不限,定向在农牧团场工作的各类高校毕业生和在疆服务的“四项目人员”。,
558,14023,第十四师检察分院,1,男,不限,35周岁以下,本科,法律文秘,不限,,
559,14024,第十四师公安局特警支队,5,男,汉,25周岁以下,全日制普通高校大专,公安类,不限,公安类院校,符合人民警察录用条件
560,14025,第十四师公安局特警支队,1,男,维,25周岁以下,全日制普通高校大专,公安类,不限,"公安类院校,民考民，具有维、汉双语读写能力",符合人民警察录用条件
561,14026,和田垦区公安局,1,不限,不限,30周岁以下,本科,财务财会类,不限,,符合人民警察录用条件
562,14027,和田垦区公安局,1,男,汉,30周岁以下,本科,网络工程、网络安全,不限,,符合人民警察录用条件
563,14028,第十四师喀尔塔格孜派出所,1,男,汉,30周岁以下,全日制普通高校大专,不限,不限,,符合人民警察录用条件
564,14029,第十四师喀尔塔格孜派出所,1,男,维,30周岁以下,全日制普通高校大专,不限,不限,民考民，具有维、汉双语读写能力,符合人民警察录用条件
565,14030,第十四师昆仑派出所,1,男,汉,30周岁以下,全日制普通高校大专,不限,不限,,符合人民警察录用条件
566,14031,第十四师昆仑派出所,1,男,维,30周岁以下,全日制普通高校大专,不限,不限,民考民，具有维、汉双语读写能力,符合人民警察录用条件
567,14032,第十四师巴什吐格派出所,2,男,汉,30周岁以下,全日制普通高校大专,不限,不限,,符合人民警察录用条件
568,14033,第十四师阿克兰干派出所,1,男,汉,30周岁以下,全日制普通高校大专,不限,不限,定向在农牧团场工作的各类高校毕业生和在疆服务的“四项目人员”。,符合人民警察录用条件
569,14034,第十四师阿克兰干派出所,1,男,维,30周岁以下,全日制普通高校大专,不限,不限,民考民，具有维、汉双语读写能力,符合人民警察录用条件
570,14035,第十四师司法局,2,男,不限,35周岁以下,大专,法律类,不限,本科以上不限专业,
571,14036,第十四师皮山农场司法所,1,男,不限,35周岁以下,大专,法律类,不限,本科以上不限专业,
572,14037,第十四师皮山农场司法所,1,女,维,35周岁以下,大专,法律类,不限,"本科以上不限专业,具有维、汉双语读写能力。",
573,14038,第十四师224团司法所,1,男,不限,35周岁以下,大专,法律类,不限,"本科以上不限专业,定向在农牧团场工作的各类高校毕业生和在疆服务的“四项目人员”。",
574,16001,第二师库尔勒监狱,2,男,不限,30周岁以下,大专,计算机类,不限,南疆户籍,符合人民警察录用条件
575,16002,第二师库尔勒监狱,1,男,不限,35周岁以下,大专,医学类,不限,,符合人民警察录用条件
576,16003,第二师库尔勒监狱,1,不限,不限,30周岁以下,大专,财务财会类,不限,南疆户籍,符合人民警察录用条件
577,16004,第二师库尔勒监狱,1,男,不限,30周岁以下,大专,经济管理类,不限,南疆户籍,符合人民警察录用条件
578,16005,第二师米兰监狱,3,男,不限,30周岁以下,大专,计算机类,不限,南疆户籍,符合人民警察录用条件
579,16006,第二师米兰监狱,2,男,不限,35周岁以下,大专,医学类,不限,,符合人民警察录用条件
580,16007,第二师米兰监狱,1,男,不限,30周岁以下,大专,经济管理类,不限,南疆户籍,符合人民警察录用条件
581,16008,第二师米兰监狱,1,不限,不限,30周岁以下,大专,财务财会类,不限,南疆户籍,符合人民警察录用条件
582,16009,第二师且末监狱,6,男,不限,30周岁以下,大专,不限,不限,南疆户籍,符合人民警察录用条件
583,16010,第二师且末监狱,2,男,不限,35周岁以下,大专,医学类,不限,,符合人民警察录用条件
584,16011,第三师金墩监狱,2,男,不限,30周岁以下,大专,计算机类,不限,南疆户籍,符合人民警察录用条件
585,16012,第三师金墩监狱,1,男,不限,35周岁以下,大专,医学类,不限,,符合人民警察录用条件
586,16013,第三师金墩监狱,1,男,不限,30周岁以下,大专,建筑工程类,不限,南疆户籍,符合人民警察录用条件
587,16014,第三师金墩监狱,1,不限,不限,30周岁以下,大专,财务财会类,不限,南疆户籍,符合人民警察录用条件
588,16015,第三师金墩监狱,1,不限,不限,30周岁以下,大专,法律类,不限,南疆户籍,符合人民警察录用条件
589,16016,第三师盖米里克监狱,6,男,不限,30周岁以下,大专,不限,不限,南疆户籍,符合人民警察录用条件
590,16017,第三师盖米里克监狱,1,男,不限,35周岁以下,大专,医学类,不限,,符合人民警察录用条件
591,16018,第三师其盖麦旦监狱,3,男,不限,30周岁以下,大专,计算机类,不限,南疆户籍,符合人民警察录用条件
592,16019,第三师其盖麦旦监狱,1,男,不限,35周岁以下,大专,医学类,不限,,符合人民警察录用条件
593,16020,第三师其盖麦旦监狱,1,男,不限,30周岁以下,大专,建筑工程类,不限,南疆户籍,符合人民警察录用条件
594,16021,第三师其盖麦旦监狱,1,不限,不限,30周岁以下,大专,财务财会类,不限,南疆户籍,符合人民警察录用条件
595,16022,第三师其盖麦旦监狱,1,不限,不限,30周岁以下,大专,法律类,不限,南疆户籍,符合人民警察录用条件
596,16023,第三师图木休克监狱,3,男,不限,30周岁以下,大专,计算机类,不限,南疆户籍,符合人民警察录用条件
597,16024,第三师图木休克监狱,1,男,不限,35周岁以下,大专,医学类,不限,,符合人民警察录用条件
598,16025,第三师图木休克监狱,1,男,不限,30周岁以下,大专,建筑工程类,不限,南疆户籍,符合人民警察录用条件
599,16026,第三师图木休克监狱,1,不限,不限,30周岁以下,大专,财务财会类,不限,南疆户籍,符合人民警察录用条件
600,16027,第三师图木休克监狱,1,不限,不限,30周岁以下,大专,法律类,不限,南疆户籍,符合人民警察录用条件
601,16028,第三师监狱管理局医院,3,男,不限,35周岁以下,大专,医学类,不限,,符合人民警察录用条件
602,16029,第六师芳草湖监狱,7,男,不限,30周岁以下,本科,计算机类,不限,,符合人民警察录用条件
603,16030,第六师芳草湖监狱,3,男,不限,35周岁以下,大专,医学类,不限,,符合人民警察录用条件
604,16031,第六师芳草湖监狱,2,男,不限,30周岁以下,本科,建筑工程类,不限,,符合人民警察录用条件
605,16032,第六师芳草湖监狱,1,不限,不限,30周岁以下,本科,财务财会类,不限,,符合人民警察录用条件
606,16033,第六师芳草湖监狱,2,男,不限,30周岁以下,本科,教育学类、法律类,不限,,符合人民警察录用条件
607,16034,第六师芳草湖监狱,5,男,不限,30周岁以下,本科,不限,不限,,符合人民警察录用条件
608,16035,第六师新湖监狱,7,男,不限,30周岁以下,本科,计算机类,不限,,符合人民警察录用条件
609,16036,第六师新湖监狱,3,男,不限,35周岁以下,大专,医学类,不限,,符合人民警察录用条件
610,16037,第六师新湖监狱,2,男,不限,30周岁以下,本科,建筑工程类,不限,,符合人民警察录用条件
611,16038,第六师新湖监狱,2,男,不限,30周岁以下,本科,财务财会类,不限,,符合人民警察录用条件
612,16039,第六师新湖监狱,2,男,不限,30周岁以下,本科,教育学类、法律类,不限,,符合人民警察录用条件
613,16040,第六师新湖监狱,4,男,不限,30周岁以下,本科,不限,不限,,符合人民警察录用条件
614,16041,第六师五家渠监狱,10,男,不限,30周岁以下,本科,计算机类,不限,,符合人民警察录用条件
615,16042,第六师五家渠监狱,4,男,不限,35周岁以下,大专,医学类,不限,,符合人民警察录用条件
616,16043,第六师五家渠监狱,2,男,不限,30周岁以下,本科,建筑工程类,不限,,符合人民警察录用条件
617,16044,第六师五家渠监狱,2,男,不限,30周岁以下,本科,财务财会类,不限,,符合人民警察录用条件
618,16045,第六师五家渠监狱,2,男,不限,30周岁以下,本科,教育学类、法律类,不限,,符合人民警察录用条件
619,16046,第六师五家渠监狱,8,男,不限,30周岁以下,本科,不限,不限,,符合人民警察录用条件
620,16047,第六师五家渠监狱,2,女,不限,30周岁以下,本科,中文、文秘类、语言文学类,不限,,符合人民警察录用条件
621,16048,第七师高泉监狱,10,男,不限,30周岁以下,本科,计算机类,不限,,符合人民警察录用条件
622,16049,第七师高泉监狱,3,男,不限,35周岁以下,大专,医学类,不限,,符合人民警察录用条件
623,16050,第七师高泉监狱,2,男,不限,30周岁以下,本科,建筑工程类,不限,,符合人民警察录用条件
624,16051,第七师高泉监狱,2,男,不限,30周岁以下,本科,财务财会类,不限,,符合人民警察录用条件
625,16052,第七师高泉监狱,12,男,不限,30周岁以下,本科,不限,不限,,符合人民警察录用条件
626,16053,第七师高泉监狱,1,女,不限,30周岁以下,本科,不限,不限,,符合人民警察录用条件
627,16054,第八师石河子监狱,7,男,不限,30周岁以下,本科,计算机类,不限,,符合人民警察录用条件
628,16055,第八师石河子监狱,2,男,不限,35周岁以下,大专,医学类,不限,,符合人民警察录用条件
629,16056,第八师石河子监狱,2,男,不限,30周岁以下,本科,建筑工程类,不限,,符合人民警察录用条件
630,16057,第八师石河子监狱,2,不限,不限,30周岁以下,本科,财务财会类,不限,,符合人民警察录用条件
631,16058,第八师石河子监狱,2,男,不限,30周岁以下,本科,法律类,不限,,符合人民警察录用条件
632,16059,第八师石河子监狱,2,男,不限,30周岁以下,本科,经济管理类,不限,,符合人民警察录用条件
633,16060,第八师北野监狱,10,男,不限,30周岁以下,本科,不限,不限,,符合人民警察录用条件
634,16061,第八师北野监狱,2,男,不限,35周岁以下,大专,医学类,不限,,符合人民警察录用条件
635,16062,第八师北野监狱,2,男,不限,30周岁以下,本科,建筑工程类,不限,,符合人民警察录用条件
636,16063,第八师北野监狱,2,男,不限,30周岁以下,本科,财务财会类,不限,,符合人民警察录用条件
637,16064,第八师北野监狱,2,不限,不限,30周岁以下,本科,法律类,不限,,符合人民警察录用条件
638,16065,第八师北野监狱,2,男,不限,30周岁以下,本科,经济管理类,不限,,符合人民警察录用条件
639,16066,第八师新安监狱,12,男,不限,30周岁以下,本科,不限,不限,,符合人民警察录用条件
640,16067,第八师新安监狱,6,男,不限,35周岁以下,大专,医学类,不限,,符合人民警察录用条件
641,16068,第八师新安监狱,5,男,不限,30周岁以下,本科,建筑工程类,不限,,符合人民警察录用条件
642,16069,第八师新安监狱,5,男,不限,30周岁以下,本科,财务财会类,不限,,符合人民警察录用条件
643,16070,第八师新安监狱,5,男,不限,30周岁以下,本科,法律类,不限,,符合人民警察录用条件
644,16071,第八师新安监狱,5,男,不限,30周岁以下,本科,经济管理类,不限,,符合人民警察录用条件
645,16072,第八师钟家庄监狱,5,男,不限,30周岁以下,本科,计算机类,不限,,符合人民警察录用条件
646,16073,第八师钟家庄监狱,2,男,不限,35周岁以下,大专,医学类,不限,,符合人民警察录用条件
647,16074,第八师钟家庄监狱,2,男,不限,30周岁以下,本科,建筑工程类,不限,,符合人民警察录用条件
648,16075,第八师钟家庄监狱,2,男,不限,30周岁以下,本科,财务财会类,不限,,符合人民警察录用条件
649,16076,第八师钟家庄监狱,2,男,不限,30周岁以下,本科,法律类,不限,,符合人民警察录用条件
650,16077,第八师钟家庄监狱,2,男,不限,30周岁以下,本科,经济管理类,不限,,符合人民警察录用条件
651,16078,警官高等专科学校,3,男,不限,35周岁以下,全日制普通高校硕士研究生,公安类、监所管理类,不限,本科和硕士阶段都要求全日制普通高校学历，本科阶段学历要求为公安类、司法监所类，硕士阶段专业可为法律类。,符合人民警察录用条件
652,16079,警官高等专科学校,2,男,不限,30周岁以下,全日制普通高校本科,体育学类,不限,要求全日制普通高校应届毕业生，具有学士学位，应届硕士学历年龄为35周岁以下,符合人民警察录用条件
