,序号,招考部门,招考人数合计,招考人数小计,招考职位,职位代码,专业要求,性别要求男性,性别要求女性,性别要求性别不限,学历要求硕士研究生及以上,学历要求本科及以上,学历要求大专及以上,备注,备注2,gsr_f,gsr_f_no,gsr_m,gsr_m_no,job_no
1,1,基层行政单位,2954.0,1840.0,拉萨市乡镇公务员,20131001.0,专业不限,0.0,0.0,200.0,0.0,0.0,200.0,,,False,0.0,False,0.0,200.0
2,,基层行政单位,,,日喀则地区乡镇公务员,20131002.0,专业不限,0.0,0.0,500.0,0.0,0.0,500.0,,,False,0.0,False,0.0,500.0
3,,基层行政单位,,,山南地区乡镇公务员,20131003.0,专业不限,0.0,0.0,180.0,0.0,0.0,180.0,,,False,0.0,False,0.0,180.0
4,,基层行政单位,,,林芝地区乡镇公务员,20131004.0,专业不限,0.0,0.0,200.0,0.0,0.0,200.0,,,False,0.0,False,0.0,200.0
5,,基层行政单位,,,昌都地区乡镇公务员,20131005.0,专业不限,0.0,0.0,450.0,0.0,0.0,450.0,,,False,0.0,False,0.0,450.0
6,,基层行政单位,,,那曲地区乡镇公务员,20131006.0,专业不限,0.0,0.0,160.0,0.0,0.0,160.0,,,False,0.0,False,0.0,160.0
7,,基层行政单位,,,阿里地区乡镇公务员,20131007.0,专业不限,0.0,0.0,150.0,0.0,0.0,150.0,,,False,0.0,False,0.0,150.0
8,,基层行政单位,,30.0,拉萨市乡镇公务员（面向期满“三支一扶”人员）,20131008.0,专业不限,0.0,0.0,5.0,0.0,0.0,5.0,仅限3年服务期满“三支一扶”人员报考,,False,0.0,False,0.0,5.0
9,,基层行政单位,,,日喀则地区乡镇公务员（面向期满“三支一扶”人员）,20131009.0,专业不限,0.0,0.0,6.0,0.0,0.0,6.0,仅限3年服务期满“三支一扶”人员报考,,False,0.0,False,0.0,6.0
10,,基层行政单位,,,山南地区乡镇公务员（面向期满“三支一扶”人员）,20131010.0,专业不限,0.0,0.0,3.0,0.0,0.0,3.0,仅限3年服务期满“三支一扶”人员报考,,False,0.0,False,0.0,3.0
11,,基层行政单位,,,林芝地区乡镇公务员（面向期满“三支一扶”人员）,20131011.0,专业不限,0.0,0.0,3.0,0.0,0.0,3.0,仅限3年服务期满“三支一扶”人员报考,,False,0.0,False,0.0,3.0
12,,基层行政单位,,,昌都地区乡镇公务员（面向期满“三支一扶”人员）,20131012.0,专业不限,0.0,0.0,6.0,0.0,0.0,6.0,仅限3年服务期满“三支一扶”人员报考,,False,0.0,False,0.0,6.0
13,,基层行政单位,,,那曲地区乡镇公务员（面向期满“三支一扶”人员）,20131013.0,专业不限,0.0,0.0,4.0,0.0,0.0,4.0,仅限3年服务期满“三支一扶”人员报考,,False,0.0,False,0.0,4.0
14,,基层行政单位,,,阿里地区乡镇公务员（面向期满“三支一扶”人员）,20131014.0,专业不限,0.0,0.0,3.0,0.0,0.0,3.0,仅限3年服务期满“三支一扶”人员报考,,False,0.0,False,0.0,3.0
15,,基层行政单位,,30.0,拉萨市乡镇公务员（面向期满西部计划志愿者）,20131015.0,专业不限,0.0,0.0,5.0,0.0,0.0,5.0,仅限服务期满西部计划志愿者报考,,False,0.0,False,0.0,5.0
16,,基层行政单位,,,日喀则地区乡镇公务员（面向期满西部计划志愿者）,20131016.0,专业不限,0.0,0.0,6.0,0.0,0.0,6.0,仅限服务期满西部计划志愿者报考,,False,0.0,False,0.0,6.0
17,,基层行政单位,,,山南地区乡镇公务员（面向期满西部计划志愿者）,20131017.0,专业不限,0.0,0.0,4.0,0.0,0.0,4.0,仅限服务期满西部计划志愿者报考,,False,0.0,False,0.0,4.0
18,,基层行政单位,,,林芝地区乡镇公务员（面向期满西部计划志愿者）,20131018.0,专业不限,0.0,0.0,4.0,0.0,0.0,4.0,仅限服务期满西部计划志愿者报考,,False,0.0,False,0.0,4.0
19,,基层行政单位,,,昌都地区乡镇公务员（面向期满西部计划志愿者）,20131019.0,专业不限,0.0,0.0,6.0,0.0,0.0,6.0,仅限服务期满西部计划志愿者报考,,False,0.0,False,0.0,6.0
20,,基层行政单位,,,那曲地区乡镇公务员（面向期满西部计划志愿者）,20131020.0,专业不限,0.0,0.0,3.0,0.0,0.0,3.0,仅限服务期满西部计划志愿者报考,,False,0.0,False,0.0,3.0
21,,基层行政单位,,,阿里地区乡镇公务员（面向期满西部计划志愿者）,20131021.0,专业不限,0.0,0.0,2.0,0.0,0.0,2.0,仅限服务期满西部计划志愿者报考,,False,0.0,False,0.0,2.0
22,,基层行政单位,,1054.0,拉萨市大学生“村官”,20131022.0,专业不限,0.0,0.0,104.0,0.0,104.0,0.0,须为中共党员（含预备党员）或优秀团干部、优秀团员、优秀学生干部,,False,0.0,False,0.0,104.0
23,,基层行政单位,,,日喀则地区大学生“村官”,20131023.0,专业不限,0.0,0.0,180.0,0.0,180.0,0.0,须为中共党员（含预备党员）或优秀团干部、优秀团员、优秀学生干部,,False,0.0,False,0.0,180.0
24,,基层行政单位,,,山南地区大学生“村官”,20131024.0,专业不限,0.0,0.0,140.0,0.0,140.0,0.0,须为中共党员（含预备党员）或优秀团干部、优秀团员、优秀学生干部,,False,0.0,False,0.0,140.0
25,,基层行政单位,,,林芝地区大学生“村官”,20131025.0,专业不限,0.0,0.0,140.0,0.0,140.0,0.0,须为中共党员（含预备党员）或优秀团干部、优秀团员、优秀学生干部,,False,0.0,False,0.0,140.0
26,,基层行政单位,,,昌都地区大学生“村官”,20131026.0,专业不限,0.0,0.0,200.0,0.0,200.0,0.0,须为中共党员（含预备党员）或优秀团干部、优秀团员、优秀学生干部,,False,0.0,False,0.0,200.0
27,,基层行政单位,,,那曲地区大学生“村官”,20131027.0,专业不限,0.0,0.0,150.0,0.0,150.0,0.0,须为中共党员（含预备党员）或优秀团干部、优秀团员、优秀学生干部,,False,0.0,False,0.0,150.0
28,,基层行政单位,,,阿里地区大学生“村官”,20131028.0,专业不限,0.0,0.0,140.0,0.0,140.0,0.0,须为中共党员（含预备党员）或优秀团干部、优秀团员、优秀学生干部,,False,0.0,False,0.0,140.0
29,2,全区县委办公室,112.0,112.0,全区县委办公室公务员,20131029.0,计算机类、电子信息类、汉语言文学类、法学类相关专业,0.0,0.0,112.0,0.0,112.0,0.0,需政审、面试。须为中共党员（含预备党员）或共青团员，未婚，适应长期在基层工作，无重大传染病史,北京电子科技学院毕业生专业不限,False,0.0,False,0.0,112.0
30,3,基层法院部门,200.0,15.0,拉萨市基层人民法院审判业务岗位公务员,20131030.0,法学、法律、法律事务,0.0,0.0,7.0,0.0,7.0,0.0,,,False,0.0,False,0.0,7.0
31,,基层法院部门,,,拉萨市基层人民法院审判业务岗位公务员,20131031.0,藏汉翻译、藏语言学,0.0,0.0,1.0,0.0,0.0,1.0,,,False,0.0,False,0.0,1.0
32,,基层法院部门,,,拉萨市基层人民法院司法警察,20131032.0,专业不限,0.0,0.0,1.0,0.0,0.0,1.0,仅限公安（警察）院校毕业生报考,,False,0.0,False,0.0,1.0
33,,基层法院部门,,,拉萨市基层人民法院行政后勤岗位公务员,20131033.0,文秘、汉语言文学,0.0,0.0,1.0,0.0,1.0,0.0,,,False,0.0,False,0.0,1.0
34,,基层法院部门,,,拉萨市基层人民法院行政后勤岗位公务员,20131034.0,财务、会计,0.0,0.0,1.0,0.0,0.0,1.0,,,False,0.0,False,0.0,1.0
35,,基层法院部门,,,拉萨市基层人民法院行政后勤岗位公务员,20131035.0,计算机、电子信息、网络,0.0,0.0,4.0,0.0,4.0,0.0,,,False,0.0,False,0.0,4.0
36,,基层法院部门,,62.0,日喀则地区两级人民法院审判业务岗位公务员,20131036.0,法学、法律、法律事务,0.0,0.0,26.0,0.0,26.0,0.0,,,False,0.0,False,0.0,26.0
37,,基层法院部门,,,日喀则地区两级人民法院审判业务岗位公务员,20131037.0,藏汉翻译、藏语言学,0.0,0.0,5.0,0.0,0.0,5.0,,,False,0.0,False,0.0,5.0
38,,基层法院部门,,,日喀则地区两级人民法院司法警察,20131038.0,专业不限,0.0,0.0,6.0,0.0,0.0,6.0,仅限公安（警察）院校毕业生报考,,False,0.0,False,0.0,6.0
39,,基层法院部门,,,日喀则地区两级人民法院行政后勤岗位公务员,20131039.0,文秘、汉语言文学,0.0,0.0,10.0,0.0,10.0,0.0,,,False,0.0,False,0.0,10.0
40,,基层法院部门,,,日喀则地区两级人民法院行政后勤岗位公务员,20131040.0,财务、会计,0.0,0.0,3.0,0.0,0.0,3.0,,,False,0.0,False,0.0,3.0
41,,基层法院部门,,,日喀则地区两级人民法院行政后勤岗位公务员,20131041.0,计算机、电子信息、网络,0.0,0.0,12.0,0.0,12.0,0.0,,,False,0.0,False,0.0,12.0
42,,基层法院部门,,20.0,山南地区两级人民法院审判业务岗位公务员,20131042.0,法学、法律、法律事务,0.0,0.0,15.0,0.0,15.0,0.0,,,False,0.0,False,0.0,15.0
43,,基层法院部门,,,山南地区两级人民法院审判业务岗位公务员,20131043.0,藏汉翻译、藏语言学,0.0,0.0,4.0,0.0,0.0,4.0,,,False,0.0,False,0.0,4.0
44,,基层法院部门,,,山南地区两级人民法院行政后勤岗位公务员,20131044.0,计算机、电子信息、网络,0.0,0.0,1.0,0.0,1.0,0.0,,,False,0.0,False,0.0,1.0
45,3,基层法院部门,200.0,10.0,林芝地区基层人民法院审判业务岗位公务员,20131045.0,法学、法律、法律事务,0.0,0.0,2.0,0.0,2.0,0.0,,,False,0.0,False,0.0,2.0
46,,基层法院部门,,,林芝地区基层人民法院审判业务岗位公务员,20131046.0,藏汉翻译、藏语言学,0.0,0.0,3.0,0.0,0.0,3.0,,,False,0.0,False,0.0,3.0
47,,基层法院部门,,,林芝地区基层人民法院行政后勤岗位公务员,20131047.0,文秘、汉语言文学,0.0,0.0,2.0,0.0,2.0,0.0,,,False,0.0,False,0.0,2.0
48,,基层法院部门,,,林芝地区基层人民法院行政后勤岗位公务员,20131048.0,计算机、电子信息、网络,0.0,0.0,3.0,0.0,3.0,0.0,,,False,0.0,False,0.0,3.0
49,,基层法院部门,,43.0,昌都地区两级人民法院审判业务岗位公务员,20131049.0,法学、法律、法律事务,0.0,0.0,11.0,0.0,11.0,0.0,,,False,0.0,False,0.0,11.0
50,,基层法院部门,,,昌都地区两级人民法院审判业务岗位公务员,20131050.0,藏汉翻译、藏语言学,0.0,0.0,4.0,0.0,0.0,4.0,,,False,0.0,False,0.0,4.0
51,,基层法院部门,,,昌都地区两级人民法院司法警察,20131051.0,专业不限,0.0,0.0,11.0,0.0,0.0,11.0,仅限公安（警察）院校毕业生报考,,False,0.0,False,0.0,11.0
52,,基层法院部门,,,昌都地区两级人民法院行政后勤岗位公务员,20131052.0,文秘、汉语言文学,0.0,0.0,4.0,0.0,4.0,0.0,,,False,0.0,False,0.0,4.0
53,,基层法院部门,,,昌都地区两级人民法院行政后勤岗位公务员,20131053.0,财务、会计,0.0,0.0,1.0,0.0,0.0,1.0,,,False,0.0,False,0.0,1.0
54,,基层法院部门,,,昌都地区两级人民法院行政后勤岗位公务员,20131054.0,计算机、电子信息、网络,0.0,0.0,10.0,0.0,10.0,0.0,,,False,0.0,False,0.0,10.0
55,,基层法院部门,,,昌都地区两级人民法院行政后勤岗位公务员,20131055.0,档案管理,0.0,0.0,1.0,0.0,1.0,0.0,,,False,0.0,False,0.0,1.0
56,,基层法院部门,,,昌都地区两级人民法院行政后勤岗位公务员,20131056.0,统计,0.0,0.0,1.0,0.0,1.0,0.0,,,False,0.0,False,0.0,1.0
57,,基层法院部门,,25.0,那曲地区基层人民法院审判业务岗位公务员,20131057.0,法学、法律、法律事务,0.0,0.0,12.0,0.0,12.0,0.0,,,False,0.0,False,0.0,12.0
58,,基层法院部门,,,那曲地区基层人民法院审判业务岗位公务员,20131058.0,藏汉翻译、藏语言学,0.0,0.0,2.0,0.0,0.0,2.0,,,False,0.0,False,0.0,2.0
59,,基层法院部门,,,那曲地区基层人民法院行政后勤岗位公务员,20131059.0,文秘、汉语言文学,0.0,0.0,2.0,0.0,2.0,0.0,,,False,0.0,False,0.0,2.0
60,,基层法院部门,,,那曲地区基层人民法院行政后勤岗位公务员,20131060.0,计算机、电子信息、网络,0.0,0.0,9.0,0.0,9.0,0.0,,,False,0.0,False,0.0,9.0
61,,基层法院部门,,25.0,阿里地区两级人民法院审判业务岗位公务员,20131061.0,法学、法律、法律事务,0.0,0.0,16.0,0.0,16.0,0.0,,,False,0.0,False,0.0,16.0
62,,基层法院部门,,,阿里地区两级人民法院审判业务岗位公务员,20131062.0,藏汉翻译、藏语言学,0.0,0.0,1.0,0.0,0.0,1.0,,,False,0.0,False,0.0,1.0
63,,基层法院部门,,,阿里地区两级人民法院司法警察,20131063.0,专业不限,0.0,0.0,6.0,0.0,0.0,6.0,仅限公安（警察）院校毕业生报考,,False,0.0,False,0.0,6.0
64,,基层法院部门,,,阿里地区两级人民法院行政后勤岗位公务员,20131064.0,财务、会计,0.0,0.0,1.0,0.0,0.0,1.0,,,False,0.0,False,0.0,1.0
65,,基层法院部门,,,阿里地区两级人民法院行政后勤岗位公务员,20131065.0,档案管理,0.0,0.0,1.0,0.0,1.0,0.0,,,False,0.0,False,0.0,1.0
66,4,基层检察院部门,100.0,8.0,拉萨市基层检察院公务员,20131066.0,法律相关专业,0.0,0.0,8.0,0.0,8.0,0.0,,,False,0.0,False,0.0,8.0
67,,基层检察院部门,,23.0,日喀则地区基层检察院公务员,20131067.0,法律相关专业,0.0,0.0,17.0,0.0,17.0,0.0,,,False,0.0,False,0.0,17.0
68,,基层检察院部门,,,日喀则地区基层检察院公务员,20131068.0,计算机相关专业,0.0,0.0,3.0,0.0,3.0,0.0,,,False,0.0,False,0.0,3.0
69,,基层检察院部门,,,日喀则地区基层检察院公务员,20131069.0,财会相关专业,0.0,0.0,2.0,0.0,2.0,0.0,,,False,0.0,False,0.0,2.0
70,,基层检察院部门,,,日喀则地区基层检察院公务员,20131070.0,文秘相关专业,0.0,0.0,1.0,0.0,1.0,0.0,,,False,0.0,False,0.0,1.0
71,,基层检察院部门,,15.0,山南地区基层检察院公务员,20131071.0,法律相关专业,0.0,0.0,11.0,0.0,11.0,0.0,,,False,0.0,False,0.0,11.0
72,,基层检察院部门,,,山南地区基层检察院公务员,20131072.0,计算机相关专业,0.0,0.0,1.0,0.0,1.0,0.0,,,False,0.0,False,0.0,1.0
73,,基层检察院部门,,,山南地区基层检察院公务员,20131073.0,财会相关专业,0.0,0.0,1.0,0.0,1.0,0.0,,,False,0.0,False,0.0,1.0
74,,基层检察院部门,,,山南地区基层检察院公务员,20131074.0,文秘相关专业,0.0,0.0,1.0,0.0,1.0,0.0,,,False,0.0,False,0.0,1.0
75,,基层检察院部门,,,山南地区基层检察院公务员,20131075.0,藏汉双语相关专业,0.0,0.0,1.0,0.0,1.0,0.0,,,False,0.0,False,0.0,1.0
76,,基层检察院部门,,4.0,林芝地区基层检察院公务员,20131076.0,法律相关专业,0.0,0.0,4.0,0.0,4.0,0.0,,,False,0.0,False,0.0,4.0
77,,基层检察院部门,,9.0,昌都地区基层检察院公务员,20131077.0,法律相关专业,0.0,0.0,6.0,0.0,6.0,0.0,,,False,0.0,False,0.0,6.0
78,,基层检察院部门,,,昌都地区基层检察院公务员,20131078.0,财会相关专业,0.0,0.0,1.0,0.0,1.0,0.0,,,False,0.0,False,0.0,1.0
79,,基层检察院部门,,,昌都地区基层检察院公务员,20131079.0,藏汉双语相关专业,0.0,0.0,2.0,0.0,2.0,0.0,,,False,0.0,False,0.0,2.0
80,,基层检察院部门,,21.0,那曲地区基层检察院公务员,20131080.0,法律相关专业,0.0,0.0,10.0,0.0,10.0,0.0,,,False,0.0,False,0.0,10.0
81,,基层检察院部门,,,那曲地区基层检察院公务员,20131081.0,计算机相关专业,0.0,0.0,3.0,0.0,3.0,0.0,,,False,0.0,False,0.0,3.0
82,,基层检察院部门,,,那曲地区基层检察院公务员,20131082.0,财会相关专业,0.0,0.0,3.0,0.0,3.0,0.0,,,False,0.0,False,0.0,3.0
83,,基层检察院部门,,,那曲地区基层检察院公务员,20131083.0,文秘相关专业,0.0,0.0,5.0,0.0,5.0,0.0,,,False,0.0,False,0.0,5.0
84,,基层检察院部门,,20.0,阿里地区基层检察院部门公务员,20131084.0,法律相关专业,0.0,0.0,9.0,0.0,9.0,0.0,,,False,0.0,False,0.0,9.0
85,,基层检察院部门,,,阿里地区基层检察院部门公务员,20131085.0,计算机相关专业,0.0,0.0,4.0,0.0,4.0,0.0,,,False,0.0,False,0.0,4.0
86,,基层检察院部门,,,阿里地区基层检察院部门公务员,20131086.0,财会相关专业,0.0,0.0,3.0,0.0,3.0,0.0,,,False,0.0,False,0.0,3.0
87,,基层检察院部门,,,阿里地区基层检察院部门公务员,20131087.0,文秘相关专业,0.0,0.0,4.0,0.0,4.0,0.0,,,False,0.0,False,0.0,4.0
88,5,"基层公安部门
",3000.0,522.0,拉萨市基层公安机关人民警察,20131088.0,专业不限,450.0,24.0,0.0,0.0,0.0,474.0,,,True,24.0,True,450.0,474.0
89,,"基层公安部门
",,,拉萨市基层公安机关人民警察,20131089.0,公安专业,0.0,0.0,48.0,0.0,0.0,48.0,仅限西藏警官高等专科学校、中国人民公安大学、中国刑警学院、浙江警察学院、铁道警官高等专科学校、南京森林警官高等专科学校、四川警察学院7所公安院校毕业生报考，其他院校毕业生不得报考。,,False,0.0,False,0.0,48.0
90,,"基层公安部门
",,642.0,日喀则地区基层公安机关人民警察,20131090.0,专业不限,564.0,30.0,0.0,0.0,0.0,594.0,,,True,30.0,True,564.0,594.0
91,,"基层公安部门
",,,日喀则地区基层公安机关人民警察,20131091.0,公安专业,0.0,0.0,48.0,0.0,0.0,48.0,仅限西藏警官高等专科学校、中国人民公安大学、中国刑警学院、浙江警察学院、铁道警官高等专科学校、南京森林警官高等专科学校、四川警察学院7所公安院校毕业生报考，其他院校毕业生不得报考。,,False,0.0,False,0.0,48.0
92,,"基层公安部门
",,448.0,山南地区基层公安机关人民警察,20131092.0,专业不限,380.0,20.0,0.0,0.0,0.0,400.0,,,True,20.0,True,380.0,400.0
93,,"基层公安部门
",,,山南地区基层公安机关人民警察,20131093.0,公安专业,0.0,0.0,48.0,0.0,0.0,48.0,仅限西藏警官高等专科学校、中国人民公安大学、中国刑警学院、浙江警察学院、铁道警官高等专科学校、南京森林警官高等专科学校、四川警察学院7所公安院校毕业生报考，其他院校毕业生不得报考。,,False,0.0,False,0.0,48.0
94,,"基层公安部门
",,349.0,林芝地区基层公安机关人民警察,20131094.0,专业不限,286.0,15.0,0.0,0.0,0.0,301.0,,,True,15.0,True,286.0,301.0
95,,"基层公安部门
",,,林芝地区基层公安机关人民警察,20131095.0,公安专业,0.0,0.0,48.0,0.0,0.0,48.0,仅限西藏警官高等专科学校、中国人民公安大学、中国刑警学院、浙江警察学院、铁道警官高等专科学校、南京森林警官高等专科学校、四川警察学院7所公安院校毕业生报考，其他院校毕业生不得报考。,,False,0.0,False,0.0,48.0
96,,"基层公安部门
",,655.0,昌都地区基层公安机关人民警察,20131096.0,专业不限,582.0,30.0,0.0,0.0,0.0,612.0,,,True,30.0,True,582.0,612.0
97,,"基层公安部门
",,,昌都地区基层公安机关人民警察,20131097.0,公安专业,0.0,0.0,43.0,0.0,0.0,43.0,仅限西藏警官高等专科学校、中国人民公安大学、中国刑警学院、浙江警察学院、铁道警官高等专科学校、南京森林警官高等专科学校、四川警察学院7所公安院校毕业生报考，其他院校毕业生不得报考。,,False,0.0,False,0.0,43.0
98,,"基层公安部门
",,333.0,那曲地区基层公安机关人民警察,20131098.0,专业不限,271.0,14.0,0.0,0.0,0.0,285.0,,,True,14.0,True,271.0,285.0
99,,"基层公安部门
",,,那曲地区基层公安机关人民警察,20131099.0,公安专业,0.0,0.0,48.0,0.0,0.0,48.0,仅限西藏警官高等专科学校、中国人民公安大学、中国刑警学院、浙江警察学院、铁道警官高等专科学校、南京森林警官高等专科学校、四川警察学院7所公安院校毕业生报考，其他院校毕业生不得报考。,,False,0.0,False,0.0,48.0
100,,"基层公安部门
",,51.0,阿里地区基层公安机关人民警察,20131100.0,专业不限,32.0,2.0,0.0,0.0,0.0,34.0,,,True,2.0,True,32.0,34.0
101,,"基层公安部门
",,,阿里地区基层公安机关人民警察,20131101.0,公安专业,0.0,0.0,17.0,0.0,0.0,17.0,仅限西藏警官高等专科学校、中国人民公安大学、中国刑警学院、浙江警察学院、铁道警官高等专科学校、南京森林警官高等专科学校、四川警察学院7所公安院校毕业生报考，其他院校毕业生不得报考。,,False,0.0,False,0.0,17.0
102,6,基层司法部门,60.0,10.0,自治区监狱人民警察,20131102.0,监狱学,1.0,0.0,0.0,0.0,1.0,0.0,,,False,0.0,True,1.0,1.0
103,,基层司法部门,,,自治区监狱人民警察,20131103.0,行政管理（警察管理方向）,1.0,0.0,0.0,0.0,1.0,0.0,,,False,0.0,True,1.0,1.0
104,,基层司法部门,,,自治区监狱人民警察,20131104.0,教育学（矫正教育）,1.0,0.0,0.0,0.0,1.0,0.0,,,False,0.0,True,1.0,1.0
105,,基层司法部门,,,自治区监狱人民警察,20131105.0,心理学（心理咨询方向）,1.0,0.0,0.0,0.0,1.0,0.0,,,False,0.0,True,1.0,1.0
106,,基层司法部门,,,自治区监狱人民警察,20131106.0,社会学（社会工作与社区矫正）,0.0,1.0,0.0,0.0,1.0,0.0,,,True,1.0,False,0.0,1.0
107,,基层司法部门,,,自治区监狱人民警察,20131107.0,藏医学,1.0,0.0,0.0,0.0,1.0,0.0,,,False,0.0,True,1.0,1.0
108,,基层司法部门,,,自治区监狱人民警察,20131108.0,临床医学（妇产科）,0.0,1.0,0.0,0.0,1.0,0.0,,,True,1.0,False,0.0,1.0
109,,基层司法部门,,,自治区监狱人民警察,20131109.0,企业管理,1.0,0.0,0.0,0.0,1.0,0.0,,,False,0.0,True,1.0,1.0
110,,基层司法部门,,,自治区监狱人民警察,20131110.0,计算机信息维护,2.0,0.0,0.0,0.0,2.0,0.0,,,False,0.0,True,2.0,2.0
111,,基层司法部门,,15.0,拉萨监狱人民警察,20131111.0,监狱学,3.0,0.0,0.0,0.0,3.0,0.0,,,False,0.0,True,3.0,3.0
112,,基层司法部门,,,拉萨监狱人民警察,20131112.0,教育学（矫正教育）,1.0,1.0,0.0,0.0,2.0,0.0,,,True,1.0,True,1.0,2.0
113,,基层司法部门,,,拉萨监狱人民警察,20131113.0,行政管理（警察管理方向）,1.0,0.0,0.0,0.0,1.0,0.0,,,False,0.0,True,1.0,1.0
114,,基层司法部门,,,拉萨监狱人民警察,20131114.0,心理学（心理咨询方向）,1.0,0.0,0.0,0.0,1.0,0.0,,,False,0.0,True,1.0,1.0
115,,基层司法部门,,,拉萨监狱人民警察,20131115.0,会计学,1.0,1.0,0.0,0.0,2.0,0.0,,,True,1.0,True,1.0,2.0
116,,基层司法部门,,,拉萨监狱人民警察,20131116.0,临床医学,2.0,0.0,0.0,0.0,2.0,0.0,,,False,0.0,True,2.0,2.0
117,,基层司法部门,,,拉萨监狱人民警察,20131117.0,护理学,1.0,1.0,0.0,0.0,2.0,0.0,,,True,1.0,True,1.0,2.0
118,,基层司法部门,,,拉萨监狱人民警察,20131118.0,侦查学,1.0,0.0,0.0,0.0,1.0,0.0,,,False,0.0,True,1.0,1.0
119,,基层司法部门,,,拉萨监狱人民警察,20131119.0,信息网络安全监察,1.0,0.0,0.0,0.0,1.0,0.0,,,False,0.0,True,1.0,1.0
120,,基层司法部门,,20.0,波密监狱人民警察,20131120.0,监狱学,3.0,0.0,0.0,0.0,3.0,0.0,,,False,0.0,True,3.0,3.0
121,,基层司法部门,,,波密监狱人民警察,20131121.0,教育学（矫正教育）,8.0,0.0,0.0,0.0,8.0,0.0,,,False,0.0,True,8.0,8.0
122,,基层司法部门,,,波密监狱人民警察,20131122.0,行政管理（警察管理方向）,2.0,0.0,0.0,0.0,2.0,0.0,,,False,0.0,True,2.0,2.0
123,,基层司法部门,,,波密监狱人民警察,20131123.0,侦查学,3.0,0.0,0.0,0.0,3.0,0.0,,,False,0.0,True,3.0,3.0
124,,基层司法部门,,,波密监狱人民警察,20131124.0,社会学（社会工作与社区矫正）,2.0,0.0,0.0,0.0,2.0,0.0,,,False,0.0,True,2.0,2.0
125,,基层司法部门,,,波密监狱人民警察,20131125.0,信息安全技术,2.0,0.0,0.0,0.0,2.0,0.0,,,False,0.0,True,2.0,2.0
126,,基层司法部门,,7.0,曲水监狱人民警察,20131126.0,监狱学,1.0,0.0,0.0,0.0,1.0,0.0,,,False,0.0,True,1.0,1.0
127,,基层司法部门,,,曲水监狱人民警察,20131127.0,心理学（心理咨询方向）,2.0,0.0,0.0,0.0,2.0,0.0,,,False,0.0,True,2.0,2.0
128,,基层司法部门,,,曲水监狱人民警察,20131128.0,信息网络安全监察,1.0,0.0,0.0,0.0,1.0,0.0,,,False,0.0,True,1.0,1.0
129,,基层司法部门,,,曲水监狱人民警察,20131129.0,会计学,0.0,0.0,1.0,0.0,1.0,0.0,,,False,0.0,False,0.0,1.0
130,,基层司法部门,,,曲水监狱人民警察,20131130.0,艺术设计学（工艺美术设计方向，唐卡绘制）,2.0,0.0,0.0,0.0,2.0,0.0,,,False,0.0,True,2.0,2.0
131,,基层司法部门,,8.0,未成年犯管教所人民警察,20131131.0,监狱学,0.0,0.0,1.0,0.0,1.0,0.0,,,False,0.0,False,0.0,1.0
132,,基层司法部门,,,未成年犯管教所人民警察,20131132.0,行政管理（警察管理方向）,0.0,0.0,1.0,0.0,1.0,0.0,,,False,0.0,False,0.0,1.0
133,,基层司法部门,,,未成年犯管教所人民警察,20131133.0,社会学（社会工作与社区矫正）,0.0,0.0,1.0,0.0,1.0,0.0,,,False,0.0,False,0.0,1.0
134,,基层司法部门,,,未成年犯管教所人民警察,20131134.0,会计学,0.0,0.0,1.0,0.0,1.0,0.0,,,False,0.0,False,0.0,1.0
135,,基层司法部门,,,未成年犯管教所人民警察,20131135.0,临床医学,1.0,0.0,0.0,0.0,1.0,0.0,,,False,0.0,True,1.0,1.0
136,,基层司法部门,,,未成年犯管教所人民警察,20131136.0,心理学（心理咨询方向）,2.0,0.0,0.0,0.0,2.0,0.0,,,False,0.0,True,2.0,2.0
137,,基层司法部门,,,未成年犯管教所人民警察,20131137.0,文秘,0.0,0.0,1.0,0.0,1.0,0.0,,,False,0.0,False,0.0,1.0
138,7,基层工商部门,50.0,10.0,日喀则地区工商系统公务员,20131138.0,法律,1.0,1.0,0.0,0.0,2.0,0.0,,,True,1.0,True,1.0,2.0
139,,基层工商部门,,,日喀则地区工商系统公务员,20131139.0,工商管理,2.0,0.0,0.0,0.0,2.0,0.0,,,False,0.0,True,2.0,2.0
140,,基层工商部门,,,日喀则地区工商系统公务员,20131140.0,计算机（信息化）,1.0,0.0,0.0,0.0,1.0,0.0,,,False,0.0,True,1.0,1.0
141,,基层工商部门,,,日喀则地区工商系统公务员,20131141.0,档案管理,1.0,0.0,0.0,0.0,1.0,0.0,,,False,0.0,True,1.0,1.0
142,,基层工商部门,,,日喀则地区工商系统公务员,20131142.0,经济管理,1.0,0.0,0.0,0.0,1.0,0.0,,,False,0.0,True,1.0,1.0
143,,基层工商部门,,,日喀则地区工商系统公务员,20131143.0,统计,1.0,0.0,0.0,0.0,1.0,0.0,,,False,0.0,True,1.0,1.0
144,,基层工商部门,,,日喀则地区工商系统公务员,20131144.0,英语,1.0,1.0,0.0,0.0,2.0,0.0,,,True,1.0,True,1.0,2.0
145,,基层工商部门,,5.0,山南地区工商系统公务员,20131145.0,法律,2.0,0.0,0.0,0.0,2.0,0.0,,,False,0.0,True,2.0,2.0
146,,基层工商部门,,,山南地区工商系统公务员,20131146.0,工商管理,1.0,0.0,0.0,0.0,1.0,0.0,,,False,0.0,True,1.0,1.0
147,,基层工商部门,,,山南地区工商系统公务员,20131147.0,市场营销,0.0,1.0,0.0,0.0,1.0,0.0,,,True,1.0,False,0.0,1.0
148,,基层工商部门,,,山南地区工商系统公务员,20131148.0,档案管理,1.0,0.0,0.0,0.0,1.0,0.0,,,False,0.0,True,1.0,1.0
149,,基层工商部门,,10.0,林芝地区工商系统公务员,20131149.0,法律,2.0,0.0,0.0,0.0,2.0,0.0,,,False,0.0,True,2.0,2.0
150,,基层工商部门,,,林芝地区工商系统公务员,20131150.0,计算机（信息化）,2.0,0.0,0.0,0.0,2.0,0.0,,,False,0.0,True,2.0,2.0
151,,基层工商部门,,,林芝地区工商系统公务员,20131151.0,统计,1.0,0.0,0.0,0.0,1.0,0.0,,,False,0.0,True,1.0,1.0
152,,基层工商部门,,,林芝地区工商系统公务员,20131152.0,行政管理,1.0,1.0,0.0,0.0,2.0,0.0,,,True,1.0,True,1.0,2.0
153,,基层工商部门,,,林芝地区工商系统公务员,20131153.0,汉语言文学,0.0,1.0,0.0,0.0,1.0,0.0,,,True,1.0,False,0.0,1.0
154,,基层工商部门,,,林芝地区工商系统公务员,20131154.0,广告,1.0,0.0,0.0,0.0,1.0,0.0,,,False,0.0,True,1.0,1.0
155,,基层工商部门,,,林芝地区工商系统公务员,20131155.0,档案管理,1.0,0.0,0.0,0.0,1.0,0.0,,,False,0.0,True,1.0,1.0
156,,基层工商部门,,10.0,昌都地区工商系统公务员,20131156.0,法律,2.0,0.0,0.0,0.0,2.0,0.0,,,False,0.0,True,2.0,2.0
157,,基层工商部门,,,昌都地区工商系统公务员,20131157.0,计算机（信息化）,1.0,0.0,0.0,0.0,1.0,0.0,,,False,0.0,True,1.0,1.0
158,,基层工商部门,,,昌都地区工商系统公务员,20131158.0,行政管理,1.0,0.0,0.0,0.0,1.0,0.0,,,False,0.0,True,1.0,1.0
159,,基层工商部门,,,昌都地区工商系统公务员,20131159.0,统计,2.0,0.0,0.0,0.0,2.0,0.0,,,False,0.0,True,2.0,2.0
160,,基层工商部门,,,昌都地区工商系统公务员,20131160.0,广告,1.0,0.0,0.0,0.0,1.0,0.0,,,False,0.0,True,1.0,1.0
161,,基层工商部门,,,昌都地区工商系统公务员,20131161.0,经济管理,2.0,0.0,0.0,0.0,2.0,0.0,,,False,0.0,True,2.0,2.0
162,,基层工商部门,,,昌都地区工商系统公务员,20131162.0,档案管理,1.0,0.0,0.0,0.0,1.0,0.0,,,False,0.0,True,1.0,1.0
163,,基层工商部门,,5.0,那曲地区工商系统公务员,20131163.0,计算机（信息化）,1.0,0.0,0.0,0.0,1.0,0.0,,,False,0.0,True,1.0,1.0
164,,基层工商部门,,,那曲地区工商系统公务员,20131164.0,行政管理,1.0,0.0,0.0,0.0,1.0,0.0,,,False,0.0,True,1.0,1.0
165,,基层工商部门,,,那曲地区工商系统公务员,20131165.0,经济管理,1.0,0.0,0.0,0.0,1.0,0.0,,,False,0.0,True,1.0,1.0
166,,基层工商部门,,,那曲地区工商系统公务员,20131166.0,档案管理,1.0,0.0,0.0,0.0,1.0,0.0,,,False,0.0,True,1.0,1.0
167,,基层工商部门,,,那曲地区工商系统公务员,20131167.0,广告,1.0,0.0,0.0,0.0,1.0,0.0,,,False,0.0,True,1.0,1.0
168,,基层工商部门,,10.0,阿里地区工商系统公务员,20131168.0,法律,2.0,0.0,0.0,0.0,2.0,0.0,,,False,0.0,True,2.0,2.0
169,,基层工商部门,,,阿里地区工商系统公务员,20131169.0,计算机（信息化）,1.0,0.0,0.0,0.0,1.0,0.0,,,False,0.0,True,1.0,1.0
170,,基层工商部门,,,阿里地区工商系统公务员,20131170.0,行政管理,2.0,0.0,0.0,0.0,2.0,0.0,,,False,0.0,True,2.0,2.0
171,,基层工商部门,,,阿里地区工商系统公务员,20131171.0,统计,1.0,0.0,0.0,0.0,1.0,0.0,,,False,0.0,True,1.0,1.0
172,,基层工商部门,,,阿里地区工商系统公务员,20131172.0,经济管理,1.0,0.0,0.0,0.0,1.0,0.0,,,False,0.0,True,1.0,1.0
173,,基层工商部门,,,阿里地区工商系统公务员,20131173.0,广告,2.0,0.0,0.0,0.0,2.0,0.0,,,False,0.0,True,2.0,2.0
174,,基层工商部门,,,阿里地区工商系统公务员,20131174.0,工商管理,1.0,0.0,0.0,0.0,1.0,0.0,,,False,0.0,True,1.0,1.0
175,8,基层质监部门,2.0,1.0,昌都地区质量技术监督局公务员,20131175.0,机电工程、压力容器、锅炉,0.0,0.0,1.0,0.0,1.0,0.0,,,False,0.0,False,0.0,1.0
176,,基层质监部门,,1.0,阿里地区质量技术监督局公务员,20131176.0,法律,0.0,0.0,1.0,0.0,1.0,0.0,,,False,0.0,False,0.0,1.0
177,9,基层交通部门,22.0,4.0,交通综合执法总队拉萨支队工作人员,20131177.0,计算机（研究生）,0.0,0.0,1.0,1.0,0.0,0.0,,,False,0.0,False,0.0,1.0
178,,基层交通部门,,,交通综合执法总队拉萨支队工作人员,20131178.0,计算机（本科）,0.0,0.0,2.0,0.0,2.0,0.0,,,False,0.0,False,0.0,2.0
179,,基层交通部门,,,交通综合执法总队拉萨支队工作人员,20131179.0,文秘,0.0,0.0,1.0,0.0,1.0,0.0,,,False,0.0,False,0.0,1.0
180,,基层交通部门,,1.0,交通综合执法总队日喀则支队工作人员,20131180.0,文秘,0.0,0.0,1.0,0.0,1.0,0.0,,,False,0.0,False,0.0,1.0
181,,基层交通部门,,3.0,交通综合执法总队山南支队工作人员,20131181.0,计算机,0.0,0.0,1.0,0.0,1.0,0.0,,,False,0.0,False,0.0,1.0
182,,基层交通部门,,,交通综合执法总队山南支队工作人员,20131182.0,会计,0.0,0.0,1.0,0.0,1.0,0.0,,,False,0.0,False,0.0,1.0
183,,基层交通部门,,,交通综合执法总队山南支队工作人员,20131183.0,法律,0.0,0.0,1.0,0.0,1.0,0.0,,,False,0.0,False,0.0,1.0
184,,基层交通部门,,1.0,交通综合执法总队林芝支队工作人员,20131184.0,法律,0.0,0.0,1.0,0.0,1.0,0.0,,,False,0.0,False,0.0,1.0
185,,基层交通部门,,4.0,交通综合执法总队昌都支队工作人员,20131185.0,计算机,0.0,0.0,1.0,0.0,1.0,0.0,,,False,0.0,False,0.0,1.0
186,,基层交通部门,,,交通综合执法总队昌都支队工作人员,20131186.0,会计,0.0,0.0,1.0,0.0,1.0,0.0,,,False,0.0,False,0.0,1.0
187,,基层交通部门,,,交通综合执法总队昌都支队工作人员,20131187.0,文秘,0.0,0.0,1.0,0.0,1.0,0.0,,,False,0.0,False,0.0,1.0
188,,基层交通部门,,,交通综合执法总队昌都支队工作人员,20131188.0,法律,0.0,0.0,1.0,0.0,1.0,0.0,,,False,0.0,False,0.0,1.0
189,,基层交通部门,,3.0,交通综合执法总队那曲支队工作人员,20131189.0,计算机,0.0,0.0,1.0,0.0,1.0,0.0,,,False,0.0,False,0.0,1.0
190,,基层交通部门,,,交通综合执法总队那曲支队工作人员,20131190.0,会计,0.0,0.0,1.0,0.0,1.0,0.0,,,False,0.0,False,0.0,1.0
191,,基层交通部门,,,交通综合执法总队那曲支队工作人员,20131191.0,法律,0.0,0.0,1.0,0.0,1.0,0.0,,,False,0.0,False,0.0,1.0
192,,基层交通部门,,4.0,交通综合执法总队阿里支队工作人员,20131192.0,计算机,0.0,0.0,1.0,0.0,1.0,0.0,,,False,0.0,False,0.0,1.0
193,,基层交通部门,,,交通综合执法总队阿里支队工作人员,20131193.0,会计,0.0,0.0,1.0,0.0,1.0,0.0,,,False,0.0,False,0.0,1.0
194,,基层交通部门,,,交通综合执法总队阿里支队工作人员,20131194.0,文秘,0.0,0.0,1.0,0.0,1.0,0.0,,,False,0.0,False,0.0,1.0
195,,基层交通部门,,,交通综合执法总队阿里支队工作人员,20131195.0,法律,0.0,0.0,1.0,0.0,1.0,0.0,,,False,0.0,False,0.0,1.0
196,,基层交通部门,,2.0,交通综合执法总队驻格尔木支队工作人员,20131196.0,会计,0.0,0.0,1.0,0.0,1.0,0.0,,,False,0.0,False,0.0,1.0
197,,基层交通部门,,,交通综合执法总队驻格尔木支队工作人员,20131197.0,文秘,0.0,0.0,1.0,0.0,1.0,0.0,,,False,0.0,False,0.0,1.0
