,序号,招考部门,招考人数合计,招考人数小计,招考职位,职位代码,专业要求,性别要求男性,性别要求女性,性别要求性别不限,学历要求本科及以上,学历要求大专及以上,备注,gsr_f,gsr_f_no,gsr_m,gsr_m_no,job_no
1,1,基层行政单位,2525.0,1710.0,拉萨市乡镇公务员,20143001.0,专业不限,0.0,0.0,150.0,0.0,150.0,,False,0.0,False,0.0,150.0
2,,基层行政单位,,,日喀则地区乡镇公务员,20143002.0,专业不限,0.0,0.0,304.0,0.0,304.0,,False,0.0,False,0.0,304.0
3,,基层行政单位,,,山南地区乡镇公务员,20143003.0,专业不限,0.0,0.0,275.0,0.0,275.0,,False,0.0,False,0.0,275.0
4,,基层行政单位,,,林芝地区乡镇公务员,20143004.0,专业不限,0.0,0.0,263.0,0.0,263.0,,False,0.0,False,0.0,263.0
5,,基层行政单位,,,昌都地区乡镇公务员,20143005.0,专业不限,0.0,0.0,318.0,0.0,318.0,,False,0.0,False,0.0,318.0
6,,基层行政单位,,,那曲地区乡镇公务员,20143006.0,专业不限,0.0,0.0,200.0,0.0,200.0,,False,0.0,False,0.0,200.0
7,,基层行政单位,,,阿里地区乡镇公务员,20143007.0,专业不限,0.0,0.0,200.0,0.0,200.0,,False,0.0,False,0.0,200.0
8,,基层行政单位,,15.0,日喀则地区乡镇公务员（面向期满“三支一扶”人员和西部计划志愿者）,20143008.0,专业不限,0.0,0.0,5.0,0.0,5.0,报考人员须为3年服务期满“三支一扶”人员和西部计划志愿者,False,0.0,False,0.0,5.0
9,,基层行政单位,,,山南地区乡镇公务员（面向期满“三支一扶”人员和西部计划志愿者）,20143009.0,专业不限,0.0,0.0,5.0,0.0,5.0,报考人员须为3年服务期满“三支一扶”人员和西部计划志愿者,False,0.0,False,0.0,5.0
10,,基层行政单位,,,林芝地区乡镇公务员（面向期满“三支一扶”人员和西部计划志愿者）,20143010.0,专业不限,0.0,0.0,5.0,0.0,5.0,报考人员须为3年服务期满“三支一扶”人员和西部计划志愿者,False,0.0,False,0.0,5.0
11,,基层行政单位,,800.0,拉萨市大学生“村官”,20143011.0,专业不限,0.0,0.0,30.0,30.0,0.0,报考人员须为中共党员（含预备党员）或优秀团干部、优秀团员、优秀学生干部,False,0.0,False,0.0,30.0
12,,基层行政单位,,,日喀则地区大学生“村官”,20143012.0,专业不限,0.0,0.0,240.0,240.0,0.0,报考人员须为中共党员（含预备党员）或优秀团干部、优秀团员、优秀学生干部,False,0.0,False,0.0,240.0
13,,基层行政单位,,,山南地区大学生“村官”,20143013.0,专业不限,0.0,0.0,80.0,80.0,0.0,报考人员须为中共党员（含预备党员）或优秀团干部、优秀团员、优秀学生干部,False,0.0,False,0.0,80.0
14,,基层行政单位,,,林芝地区大学生“村官”,20143014.0,专业不限,0.0,0.0,80.0,80.0,0.0,报考人员须为中共党员（含预备党员）或优秀团干部、优秀团员、优秀学生干部,False,0.0,False,0.0,80.0
15,,基层行政单位,,,昌都地区大学生“村官”,20143015.0,专业不限,0.0,0.0,200.0,200.0,0.0,报考人员须为中共党员（含预备党员）或优秀团干部、优秀团员、优秀学生干部,False,0.0,False,0.0,200.0
16,,基层行政单位,,,那曲地区大学生“村官”,20143016.0,专业不限,0.0,0.0,160.0,160.0,0.0,报考人员须为中共党员（含预备党员）或优秀团干部、优秀团员、优秀学生干部,False,0.0,False,0.0,160.0
17,,基层行政单位,,,阿里地区大学生“村官”,20143017.0,专业不限,0.0,0.0,10.0,10.0,0.0,报考人员须为中共党员（含预备党员）或优秀团干部、优秀团员、优秀学生干部,False,0.0,False,0.0,10.0
18,2,基层法院部门,130.0,2.0,拉萨市基层法院部门公务员,20143018.0,法学相关专业,0.0,0.0,2.0,2.0,0.0,,False,0.0,False,0.0,2.0
19,,基层法院部门,,10.0,日喀则地区基层法院部门公务员,20143019.0,法学相关专业,0.0,0.0,10.0,6.0,4.0,,False,0.0,False,0.0,10.0
20,,基层法院部门,,30.0,山南地区基层法院部门公务员,20143020.0,法学相关专业,0.0,0.0,20.0,20.0,0.0,,False,0.0,False,0.0,20.0
21,,基层法院部门,,,山南地区基层法院部门公务员,20143021.0,藏汉翻译,0.0,0.0,4.0,4.0,0.0,,False,0.0,False,0.0,4.0
22,,基层法院部门,,,山南地区基层法院部门公务员,20143022.0,文秘相关专业,0.0,0.0,1.0,0.0,1.0,,False,0.0,False,0.0,1.0
23,,基层法院部门,,,山南地区基层法院部门公务员,20143023.0,计算机相关专业,0.0,0.0,2.0,0.0,2.0,,False,0.0,False,0.0,2.0
24,,基层法院部门,,,山南地区基层法院部门公务员,20143024.0,会计,0.0,0.0,1.0,0.0,1.0,,False,0.0,False,0.0,1.0
25,,基层法院部门,,,山南地区基层法院部门公务员,20143025.0,解剖学,0.0,0.0,1.0,1.0,0.0,,False,0.0,False,0.0,1.0
26,,基层法院部门,,,山南地区基层法院部门公务员,20143026.0,痕迹检验,0.0,0.0,1.0,1.0,0.0,,False,0.0,False,0.0,1.0
27,,基层法院部门,,11.0,林芝地区基层法院部门公务员,20143027.0,法学相关专业,0.0,0.0,4.0,4.0,0.0,,False,0.0,False,0.0,4.0
28,,基层法院部门,,,林芝地区基层法院部门公务员,20143028.0,藏汉翻译,0.0,0.0,4.0,4.0,0.0,,False,0.0,False,0.0,4.0
29,,基层法院部门,,,林芝地区基层法院部门公务员,20143029.0,文秘相关专业,0.0,0.0,1.0,0.0,1.0,,False,0.0,False,0.0,1.0
30,,基层法院部门,,,林芝地区基层法院部门公务员,20143030.0,计算机相关专业,0.0,0.0,1.0,0.0,1.0,,False,0.0,False,0.0,1.0
31,,基层法院部门,,,林芝地区基层法院部门公务员,20143031.0,会计,0.0,0.0,1.0,0.0,1.0,,False,0.0,False,0.0,1.0
32,,基层法院部门,,30.0,昌都地区基层法院部门公务员,20143032.0,法学相关专业,0.0,0.0,30.0,30.0,0.0,,False,0.0,False,0.0,30.0
33,,基层法院部门,,24.0,那曲地区基层法院部门公务员,20143033.0,法学相关专业,0.0,0.0,24.0,10.0,14.0,,False,0.0,False,0.0,24.0
34,,基层法院部门,,23.0,阿里地区基层法院部门公务员,20143034.0,法学相关专业,0.0,0.0,14.0,14.0,0.0,,False,0.0,False,0.0,14.0
35,,基层法院部门,,,阿里地区基层法院部门公务员,20143035.0,文秘相关专业,0.0,0.0,7.0,7.0,0.0,,False,0.0,False,0.0,7.0
36,,基层法院部门,,,阿里地区基层法院部门公务员,20143036.0,藏汉翻译,0.0,0.0,2.0,2.0,0.0,,False,0.0,False,0.0,2.0
37,3,基层检察院部门,100.0,2.0,拉萨市基层检察院部门公务员,20143037.0,法学相关专业,0.0,0.0,2.0,2.0,0.0,,False,0.0,False,0.0,2.0
38,,基层检察院部门,,11.0,日喀则地区基层检察院部门公务员,20143038.0,法学相关专业,0.0,0.0,11.0,6.0,5.0,,False,0.0,False,0.0,11.0
39,,基层检察院部门,,20.0,山南地区基层检察院部门公务员,20143039.0,法学相关专业,0.0,0.0,20.0,20.0,0.0,,False,0.0,False,0.0,20.0
40,,基层检察院部门,,18.0,林芝地区基层检察院部门公务员,20143040.0,法学相关专业,0.0,0.0,7.0,7.0,0.0,,False,0.0,False,0.0,7.0
41,,基层检察院部门,,,林芝地区基层检察院部门公务员,20143041.0,计算机相关专业,0.0,0.0,1.0,0.0,1.0,,False,0.0,False,0.0,1.0
42,,基层检察院部门,,,林芝地区基层检察院部门公务员,20143042.0,文秘相关专业,0.0,0.0,5.0,0.0,5.0,,False,0.0,False,0.0,5.0
43,,基层检察院部门,,,林芝地区基层检察院部门公务员,20143043.0,会计,0.0,0.0,1.0,0.0,1.0,,False,0.0,False,0.0,1.0
44,,基层检察院部门,,,林芝地区基层检察院部门公务员,20143044.0,藏汉翻译,0.0,0.0,2.0,2.0,0.0,,False,0.0,False,0.0,2.0
45,,基层检察院部门,,,林芝地区基层检察院部门公务员,20143045.0,计算机网络技术,0.0,0.0,2.0,2.0,0.0,,False,0.0,False,0.0,2.0
46,,基层检察院部门,,9.0,昌都地区基层检察院部门公务员,20143046.0,法学相关专业,0.0,0.0,9.0,7.0,2.0,,False,0.0,False,0.0,9.0
47,,基层检察院部门,,17.0,那曲地区基层检察院部门公务员,20143047.0,法学相关专业,0.0,0.0,17.0,10.0,7.0,,False,0.0,False,0.0,17.0
48,,基层检察院部门,,23.0,阿里地区基层检察院部门公务员,20143048.0,法学相关专业,0.0,0.0,5.0,5.0,0.0,,False,0.0,False,0.0,5.0
49,,基层检察院部门,,,阿里地区基层检察院部门公务员,20143049.0,文秘相关专业,0.0,0.0,3.0,3.0,0.0,,False,0.0,False,0.0,3.0
50,,基层检察院部门,,,阿里地区基层检察院部门公务员,20143050.0,计算机相关专业,0.0,0.0,3.0,3.0,0.0,,False,0.0,False,0.0,3.0
51,,基层检察院部门,,,阿里地区基层检察院部门公务员,20143051.0,藏汉翻译,0.0,0.0,2.0,2.0,0.0,,False,0.0,False,0.0,2.0
52,,基层检察院部门,,,阿里地区基层检察院部门公务员,20143052.0,法医,0.0,0.0,2.0,2.0,0.0,,False,0.0,False,0.0,2.0
53,,基层检察院部门,,,阿里地区基层检察院部门公务员,20143053.0,专业不限,0.0,0.0,8.0,8.0,0.0,,False,0.0,False,0.0,8.0
54,4,基层公安部门,300.0,50.0,拉萨市基层公安机关人民警察,20143054.0,公安专业,0.0,0.0,50.0,0.0,50.0,报考人员须为西藏警官高等专科学校、中国人民公安大学、中国刑警学院、浙江警察学院、铁道警官高等专科学校、南京森林警官高等专科学校、四川警察学院7所公安院校毕业生，其他院校毕业生不得报考。,False,0.0,False,0.0,50.0
55,,基层公安部门,,100.0,日喀则地区基层公安机关人民警察,20143055.0,公安专业,0.0,0.0,100.0,0.0,100.0,报考人员须为西藏警官高等专科学校、中国人民公安大学、中国刑警学院、浙江警察学院、铁道警官高等专科学校、南京森林警官高等专科学校、四川警察学院7所公安院校毕业生，其他院校毕业生不得报考。,False,0.0,False,0.0,100.0
56,,基层公安部门,,20.0,山南地区基层公安机关人民警察,20143056.0,公安专业,0.0,0.0,20.0,0.0,20.0,报考人员须为西藏警官高等专科学校、中国人民公安大学、中国刑警学院、浙江警察学院、铁道警官高等专科学校、南京森林警官高等专科学校、四川警察学院7所公安院校毕业生，其他院校毕业生不得报考。,False,0.0,False,0.0,20.0
57,,基层公安部门,,3.0,林芝地区基层公安机关人民警察,20143057.0,公安专业,0.0,0.0,3.0,0.0,3.0,报考人员须为西藏警官高等专科学校、中国人民公安大学、中国刑警学院、浙江警察学院、铁道警官高等专科学校、南京森林警官高等专科学校、四川警察学院7所公安院校毕业生，其他院校毕业生不得报考。,False,0.0,False,0.0,3.0
58,,基层公安部门,,120.0,昌都地区基层公安机关人民警察,20143058.0,公安专业,0.0,0.0,120.0,0.0,120.0,报考人员须为西藏警官高等专科学校、中国人民公安大学、中国刑警学院、浙江警察学院、铁道警官高等专科学校、南京森林警官高等专科学校、四川警察学院7所公安院校毕业生，其他院校毕业生不得报考。,False,0.0,False,0.0,120.0
59,,基层公安部门,,7.0,阿里地区基层公安机关人民警察,20143059.0,公安专业,0.0,0.0,7.0,0.0,7.0,报考人员须为西藏警官高等专科学校、中国人民公安大学、中国刑警学院、浙江警察学院、铁道警官高等专科学校、南京森林警官高等专科学校、四川警察学院7所公安院校毕业生，其他院校毕业生不得报考。,False,0.0,False,0.0,7.0
60,5,基层司法部门,145.0,38.0,自治区监狱人民警察,20143060.0,财务会计、审计学、法律事务、法律文秘、法学、刑事执行（狱政管理）、监狱学、教育学（矫正教育方向）、侦查学（安全防范技术）、工程管理、企业管理、护理学、临床医学（全科医学）、藏医学、计算机网络技术、汉语文文学（文秘方向）,38.0,0.0,0.0,30.0,8.0,限男性，护理学专业不限性别,False,0.0,True,38.0,38.0
61,,基层司法部门,,40.0,拉萨监狱人民警察,20143061.0,法律事务、法律文秘、法学、刑事执行（狱政管理）、监狱学、教育学（矫正教育方向）、侦查学（安全防范技术）、工程管理、企业管理、护理学、临床医学（全科医学）、藏医学、藏汉翻译、计算机网络技术、汉语文文学（文秘方向）,40.0,0.0,0.0,30.0,10.0,限男性，护理学专业不限性别,False,0.0,True,40.0,40.0
62,,基层司法部门,,15.0,曲水监狱人民警察,20143062.0,侦查学（安全防范技术）、护理学、藏医学、藏文文秘、藏汉翻译、民族学（藏学）计算机网络技术、汉语文文学（文秘方向）,15.0,0.0,0.0,10.0,5.0,限男性，护理学专业不限性别,False,0.0,True,15.0,15.0
63,,基层司法部门,,30.0,波密监狱人民警察,20143063.0,财务会计、法律事务、法律文秘、法学、监狱学、教育学（矫正教育方向）、侦查学（安全防范技术）、工程管理、护理学、临床医学（全科医学）、计算机网络技术、汉语文文学（文秘方向）、兽医,30.0,0.0,0.0,5.0,25.0,限男性，护理学专业不限性别,False,0.0,True,30.0,30.0
64,,基层司法部门,,8.0,未成年犯管教所人民警察,20143064.0,财务会计、法律事务、教育学（矫正教育方向）、侦查学（安全防范技术）、护理学、临床医学（全科医学）、计算机网络技术、汉语文文学（文秘方向）,8.0,0.0,0.0,5.0,3.0,限男性，护理学专业不限性别,False,0.0,True,8.0,8.0
65,,基层司法部门,,14.0,堆龙强制隔离戒毒所人民警察,20143065.0,财务会计、法律事务、教育学（矫正教育方向）、戒毒康复、临床医学（全科医学）、计算机网络技术、汉语文文学（文秘方向）,14.0,0.0,0.0,10.0,4.0,限男性,False,0.0,True,14.0,14.0
66,6,基层审计部门,15.0,3.0,日喀则地区基层审计部门公务员,20143066.0,工程造价,0.0,0.0,1.0,1.0,0.0,,False,0.0,False,0.0,1.0
67,,基层审计部门,,,日喀则地区基层审计部门公务员,20143067.0,审计,0.0,0.0,1.0,1.0,0.0,,False,0.0,False,0.0,1.0
68,,基层审计部门,,,日喀则地区基层审计部门公务员,20143068.0,计算机网络管理及数据库,0.0,0.0,1.0,1.0,0.0,,False,0.0,False,0.0,1.0
69,,基层审计部门,,4.0,山南地区基层审计部门公务员,20143069.0,审计、财经、会计专业,0.0,0.0,2.0,2.0,0.0,,False,0.0,False,0.0,2.0
70,,基层审计部门,,,山南地区基层审计部门公务员,20143070.0,计算机,0.0,0.0,2.0,2.0,0.0,,False,0.0,False,0.0,2.0
71,,基层审计部门,,8.0,阿里地区基层审计部门公务员,20143071.0,审计学,0.0,0.0,5.0,5.0,0.0,,False,0.0,False,0.0,5.0
72,,基层审计部门,,,阿里地区基层审计部门公务员,20143072.0,投资经济,0.0,0.0,1.0,1.0,0.0,,False,0.0,False,0.0,1.0
73,,基层审计部门,,,阿里地区基层审计部门公务员,20143073.0,会计学,0.0,0.0,2.0,2.0,0.0,,False,0.0,False,0.0,2.0
74,7,基层工商部门,85.0,5.0,拉萨市工商部门公务员,20143074.0,计算机相关专业,0.0,0.0,1.0,1.0,0.0,,False,0.0,False,0.0,1.0
75,,基层工商部门,,,拉萨市工商部门公务员,20143075.0,财会类专业,0.0,0.0,1.0,1.0,0.0,,False,0.0,False,0.0,1.0
76,,基层工商部门,,,拉萨市工商部门公务员,20143076.0,新闻学,0.0,0.0,1.0,1.0,0.0,,False,0.0,False,0.0,1.0
77,,基层工商部门,,,拉萨市工商部门公务员,20143077.0,建筑环境与设备工程,0.0,0.0,1.0,1.0,0.0,,False,0.0,False,0.0,1.0
78,,基层工商部门,,,拉萨市工商部门公务员,20143078.0,工商管理,0.0,0.0,1.0,1.0,0.0,,False,0.0,False,0.0,1.0
79,,基层工商部门,,25.0,日喀则地区工商部门公务员,20143079.0,计算机相关专业,0.0,0.0,7.0,7.0,0.0,,False,0.0,False,0.0,7.0
80,,基层工商部门,,,日喀则地区工商部门公务员,20143080.0,财会类专业,0.0,0.0,3.0,3.0,0.0,,False,0.0,False,0.0,3.0
81,,基层工商部门,,,日喀则地区工商部门公务员,20143081.0,法律,0.0,0.0,4.0,4.0,0.0,,False,0.0,False,0.0,4.0
82,,基层工商部门,,,日喀则地区工商部门公务员,20143082.0,新闻学,0.0,0.0,4.0,4.0,0.0,,False,0.0,False,0.0,4.0
83,,基层工商部门,,,日喀则地区工商部门公务员,20143083.0,人力资源管理,0.0,0.0,2.0,2.0,0.0,,False,0.0,False,0.0,2.0
84,,基层工商部门,,,日喀则地区工商部门公务员,20143084.0,统计学,0.0,0.0,2.0,2.0,0.0,,False,0.0,False,0.0,2.0
85,,基层工商部门,,,日喀则地区工商部门公务员,20143085.0,档案学,0.0,0.0,2.0,2.0,0.0,,False,0.0,False,0.0,2.0
86,,基层工商部门,,,日喀则地区工商部门公务员,20143086.0,临床医学,0.0,0.0,1.0,1.0,0.0,,False,0.0,False,0.0,1.0
87,,基层工商部门,,5.0,山南地区工商部门公务员,20143087.0,计算机相关专业,0.0,0.0,2.0,2.0,0.0,,False,0.0,False,0.0,2.0
88,,基层工商部门,,,山南地区工商部门公务员,20143088.0,财会类专业,0.0,0.0,1.0,1.0,0.0,,False,0.0,False,0.0,1.0
89,,基层工商部门,,,山南地区工商部门公务员,20143089.0,新闻学,0.0,0.0,1.0,1.0,0.0,,False,0.0,False,0.0,1.0
90,,基层工商部门,,,山南地区工商部门公务员,20143090.0,统计学,0.0,0.0,1.0,1.0,0.0,,False,0.0,False,0.0,1.0
91,,基层工商部门,,10.0,林芝地区工商部门公务员,20143091.0,计算机相关专业,0.0,0.0,3.0,3.0,0.0,,False,0.0,False,0.0,3.0
92,,基层工商部门,,,林芝地区工商部门公务员,20143092.0,经济管理,0.0,0.0,1.0,1.0,0.0,,False,0.0,False,0.0,1.0
93,,基层工商部门,,,林芝地区工商部门公务员,20143093.0,财会类专业,0.0,0.0,2.0,2.0,0.0,,False,0.0,False,0.0,2.0
94,,基层工商部门,,,林芝地区工商部门公务员,20143094.0,法律,0.0,0.0,2.0,2.0,0.0,,False,0.0,False,0.0,2.0
95,,基层工商部门,,,林芝地区工商部门公务员,20143095.0,统计学,0.0,0.0,2.0,2.0,0.0,,False,0.0,False,0.0,2.0
96,,基层工商部门,,20.0,昌都地区工商部门公务员,20143096.0,计算机相关专业,0.0,0.0,4.0,4.0,0.0,,False,0.0,False,0.0,4.0
97,,基层工商部门,,,昌都地区工商部门公务员,20143097.0,经济管理,0.0,0.0,2.0,2.0,0.0,,False,0.0,False,0.0,2.0
98,,基层工商部门,,,昌都地区工商部门公务员,20143098.0,财会类专业,0.0,0.0,2.0,2.0,0.0,,False,0.0,False,0.0,2.0
99,,基层工商部门,,,昌都地区工商部门公务员,20143099.0,法律,0.0,0.0,5.0,5.0,0.0,,False,0.0,False,0.0,5.0
100,,基层工商部门,,,昌都地区工商部门公务员,20143100.0,新闻学,0.0,0.0,2.0,2.0,0.0,,False,0.0,False,0.0,2.0
101,,基层工商部门,,,昌都地区工商部门公务员,20143101.0,人力资源管理,0.0,0.0,2.0,2.0,0.0,,False,0.0,False,0.0,2.0
102,,基层工商部门,,,昌都地区工商部门公务员,20143102.0,统计学,0.0,0.0,2.0,2.0,0.0,,False,0.0,False,0.0,2.0
103,,基层工商部门,,,昌都地区工商部门公务员,20143103.0,档案学,0.0,0.0,1.0,1.0,0.0,,False,0.0,False,0.0,1.0
104,,基层工商部门,,10.0,那曲地区工商部门公务员,20143104.0,计算机相关专业,0.0,0.0,3.0,3.0,0.0,,False,0.0,False,0.0,3.0
105,,基层工商部门,,,那曲地区工商部门公务员,20143105.0,财会类专业,0.0,0.0,2.0,2.0,0.0,,False,0.0,False,0.0,2.0
106,,基层工商部门,,,那曲地区工商部门公务员,20143106.0,法律,0.0,0.0,2.0,2.0,0.0,,False,0.0,False,0.0,2.0
107,,基层工商部门,,,那曲地区工商部门公务员,20143107.0,人力资源管理,0.0,0.0,1.0,1.0,0.0,,False,0.0,False,0.0,1.0
108,,基层工商部门,,,那曲地区工商部门公务员,20143108.0,统计学,0.0,0.0,2.0,2.0,0.0,,False,0.0,False,0.0,2.0
109,,基层工商部门,,10.0,阿里地区工商部门公务员,20143109.0,计算机相关专业,0.0,0.0,4.0,4.0,0.0,,False,0.0,False,0.0,4.0
110,,基层工商部门,,,阿里地区工商部门公务员,20143110.0,财会类专业,0.0,0.0,2.0,2.0,0.0,,False,0.0,False,0.0,2.0
111,,基层工商部门,,,阿里地区工商部门公务员,20143111.0,法律,0.0,0.0,2.0,2.0,0.0,,False,0.0,False,0.0,2.0
112,,基层工商部门,,,阿里地区工商部门公务员,20143112.0,人力资源管理,0.0,0.0,1.0,1.0,0.0,,False,0.0,False,0.0,1.0
113,,基层工商部门,,,阿里地区工商部门公务员,20143113.0,档案学,0.0,0.0,1.0,1.0,0.0,,False,0.0,False,0.0,1.0
