,序号,招考部门,招考人数合计,招考人数小计,招考人数小计.1,招考职位,专业要求,职位代码,性别要求男性,性别要求女性,性别要求性别不限,学历要求硕士研究生及以上,学历要求本科及以上,学历要求大专及以上,笔试科目笔试科目1,笔试科目笔试科目2,备注,gsr_f,gsr_f_no,gsr_m,gsr_m_no,job_no
1,1.0,基层行政单位,901.0,150.0,60.0,拉萨市乡镇公务员,专业不限,20154001.0,0.0,0.0,60.0,0.0,0.0,60.0,行政职业能力测验,申论,,False,0.0,False,0.0,60.0
2,,基层行政单位,,,195.0,日喀则市乡镇公务员,专业不限,20154002.0,0.0,0.0,195.0,0.0,0.0,195.0,行政职业能力测验,申论,,False,0.0,False,0.0,195.0
3,,基层行政单位,,,10.0,日喀则市乡镇公务员（面向期满“三支一扶”人员和西部计划志愿者）,专业不限,20154003.0,0.0,0.0,10.0,0.0,0.0,10.0,行政职业能力测验,申论,报考人员须为服务期满“三支一扶”人员和西部计划志愿者,False,0.0,False,0.0,10.0
4,,基层行政单位,,346.0,93.0,山南地区乡镇公务员,专业不限,20154004.0,0.0,0.0,93.0,0.0,0.0,93.0,行政职业能力测验,申论,,False,0.0,False,0.0,93.0
5,,基层行政单位,,,5.0,山南地区乡镇公务员（面向期满“三支一扶”人员和西部计划志愿者）,专业不限,20154005.0,0.0,0.0,5.0,0.0,0.0,5.0,行政职业能力测验,申论,报考人员须为服务期满“三支一扶”人员和西部计划志愿者,False,0.0,False,0.0,5.0
6,,基层行政单位,,363.0,92.0,林芝市乡镇公务员,专业不限,20154006.0,0.0,0.0,92.0,0.0,0.0,92.0,行政职业能力测验,申论,,False,0.0,False,0.0,92.0
7,,基层行政单位,,,5.0,林芝市乡镇公务员（面向期满“三支一扶”人员和西部计划志愿者）,专业不限,20154007.0,0.0,0.0,5.0,0.0,0.0,5.0,行政职业能力测验,申论,报考人员须为服务期满“三支一扶”人员和西部计划志愿者,False,0.0,False,0.0,5.0
8,,基层行政单位,,628.0,162.0,昌都市乡镇公务员,专业不限,20154008.0,0.0,0.0,162.0,0.0,0.0,162.0,行政职业能力测验,申论,,False,0.0,False,0.0,162.0
9,,基层行政单位,,,10.0,昌都市乡镇公务员（面向期满“三支一扶”人员和西部计划志愿者）,专业不限,20154009.0,0.0,0.0,10.0,0.0,0.0,10.0,行政职业能力测验,申论,报考人员须为服务期满“三支一扶”人员和西部计划志愿者,False,0.0,False,0.0,10.0
10,,基层行政单位,,475.0,152.0,那曲地区乡镇公务员,专业不限,20154010.0,0.0,0.0,152.0,0.0,0.0,152.0,行政职业能力测验,申论,,False,0.0,False,0.0,152.0
11,,基层行政单位,,,10.0,那曲地区乡镇公务员（面向期满“三支一扶”人员和西部计划志愿者）,专业不限,20154011.0,0.0,0.0,10.0,0.0,0.0,10.0,行政职业能力测验,申论,报考人员须为服务期满“三支一扶”人员和西部计划志愿者,False,0.0,False,0.0,10.0
12,,基层行政单位,,251.0,97.0,阿里地区乡镇公务员,专业不限,20154012.0,0.0,0.0,97.0,0.0,0.0,97.0,行政职业能力测验,申论,,False,0.0,False,0.0,97.0
13,,基层行政单位,,,10.0,阿里地区乡镇公务员（面向期满“三支一扶”人员和西部计划志愿者）,专业不限,20154013.0,0.0,0.0,10.0,0.0,0.0,10.0,行政职业能力测验,申论,报考人员须为服务期满“三支一扶”人员和西部计划志愿者,False,0.0,False,0.0,10.0
14,2.0,基层检察院部门,80.0,,22.0,日喀则市基层检察院部门公务员,法学,20154014.0,0.0,0.0,20.0,0.0,20.0,0.0,行政职业能力测验,申论,,False,0.0,False,0.0,20.0
15,,基层检察院部门,,,,日喀则市基层检察院部门公务员,文秘,20154015.0,0.0,0.0,1.0,0.0,1.0,0.0,行政职业能力测验,申论,,False,0.0,False,0.0,1.0
16,,基层检察院部门,,,,日喀则市基层检察院部门公务员,财会,20154016.0,0.0,0.0,1.0,0.0,1.0,0.0,行政职业能力测验,申论,,False,0.0,False,0.0,1.0
17,,基层检察院部门,,,20.0,山南地区基层检察院部门公务员,法学、信息技术、财会、文秘相关专业,20154017.0,0.0,0.0,20.0,0.0,20.0,0.0,行政职业能力测验,申论,,False,0.0,False,0.0,20.0
18,,基层检察院部门,,,15.0,林芝市基层检察院部门公务员,法学,20154018.0,0.0,0.0,11.0,0.0,11.0,0.0,行政职业能力测验,申论,,False,0.0,False,0.0,11.0
19,,基层检察院部门,,,,林芝市基层检察院部门公务员,藏语言文学,20154019.0,0.0,0.0,1.0,0.0,1.0,0.0,行政职业能力测验,申论,,False,0.0,False,0.0,1.0
20,,基层检察院部门,,,,林芝市基层检察院部门公务员,财会,20154020.0,0.0,0.0,1.0,0.0,1.0,0.0,行政职业能力测验,申论,,False,0.0,False,0.0,1.0
21,,基层检察院部门,,,,林芝市基层检察院部门公务员,文秘,20154021.0,0.0,0.0,2.0,0.0,2.0,0.0,行政职业能力测验,申论,,False,0.0,False,0.0,2.0
22,,基层检察院部门,,,4.0,那曲地区基层检察院部门公务员,司法会计,20154022.0,0.0,0.0,2.0,0.0,2.0,0.0,行政职业能力测验,申论,,False,0.0,False,0.0,2.0
23,,基层检察院部门,,,,那曲地区基层检察院部门公务员,文秘,20154023.0,0.0,0.0,2.0,0.0,2.0,0.0,行政职业能力测验,申论,,False,0.0,False,0.0,2.0
24,,基层检察院部门,,,19.0,阿里地区基层检察院部门公务员,法学,20154024.0,0.0,0.0,11.0,0.0,11.0,0.0,行政职业能力测验,申论,,False,0.0,False,0.0,11.0
25,,基层检察院部门,,,,阿里地区基层检察院部门公务员,文秘,20154025.0,0.0,0.0,3.0,0.0,3.0,0.0,行政职业能力测验,申论,,False,0.0,False,0.0,3.0
26,,基层检察院部门,,,,阿里地区基层检察院部门公务员,计算机,20154026.0,0.0,0.0,5.0,0.0,5.0,0.0,行政职业能力测验,申论,,False,0.0,False,0.0,5.0
27,3.0,基层法院部门,150.0,33.0,11.0,拉萨市基层法院部门,法学、法律事务,20154027.0,0.0,0.0,7.0,2.0,5.0,0.0,行政职业能力测验,申论,,False,0.0,False,0.0,7.0
28,,基层法院部门,,,,拉萨市基层法院部门,公共安全、警察相关专业,20154028.0,0.0,0.0,1.0,0.0,0.0,1.0,行政职业能力测验,申论,报考人员须为公安（警察）院校毕业生,False,0.0,False,0.0,1.0
29,,基层法院部门,,,,拉萨市基层法院部门,计算机,20154029.0,0.0,0.0,3.0,0.0,3.0,0.0,行政职业能力测验,申论,,False,0.0,False,0.0,3.0
30,,基层法院部门,,45.0,30.0,日喀则市基层法院部门,法学、法律事务,20154030.0,0.0,0.0,10.0,0.0,10.0,0.0,行政职业能力测验,申论,,False,0.0,False,0.0,10.0
31,,基层法院部门,,30.0,,日喀则市基层法院部门,藏汉翻译、藏语言文学,20154031.0,0.0,0.0,1.0,0.0,1.0,0.0,行政职业能力测验,申论,,False,0.0,False,0.0,1.0
32,,基层法院部门,,,,日喀则市基层法院部门,公共安全、警察相关专业,20154032.0,0.0,0.0,4.0,0.0,0.0,4.0,行政职业能力测验,申论,报考人员须为公安（警察）院校毕业生,False,0.0,False,0.0,4.0
33,,基层法院部门,,,,日喀则市基层法院部门,文秘、汉语言文学,20154033.0,0.0,0.0,5.0,0.0,5.0,0.0,行政职业能力测验,申论,,False,0.0,False,0.0,5.0
34,,基层法院部门,,,,日喀则市基层法院部门,财务、会计,20154034.0,0.0,0.0,2.0,0.0,2.0,0.0,行政职业能力测验,申论,,False,0.0,False,0.0,2.0
35,,基层法院部门,,74.0,,日喀则市基层法院部门,计算机,20154035.0,0.0,0.0,8.0,0.0,8.0,0.0,行政职业能力测验,申论,,False,0.0,False,0.0,8.0
36,3.0,基层法院部门,150.0,,14.0,山南地区基层法院部门,法学,20154036.0,0.0,0.0,5.0,0.0,5.0,0.0,行政职业能力测验,申论,,False,0.0,False,0.0,5.0
37,,基层法院部门,,,,山南地区基层法院部门,藏汉翻译、藏语言文学,20154037.0,0.0,0.0,1.0,0.0,1.0,0.0,行政职业能力测验,申论,,False,0.0,False,0.0,1.0
38,,基层法院部门,,,,山南地区基层法院部门,公共安全、警察相关专业,20154038.0,0.0,0.0,1.0,0.0,0.0,1.0,行政职业能力测验,申论,报考人员须为公安（警察）院校毕业生,False,0.0,False,0.0,1.0
39,,基层法院部门,,,,山南地区基层法院部门,文秘、汉语言文学,20154039.0,0.0,0.0,3.0,0.0,3.0,0.0,行政职业能力测验,申论,,False,0.0,False,0.0,3.0
40,,基层法院部门,,,,山南地区基层法院部门,计算机,20154040.0,0.0,0.0,4.0,0.0,4.0,0.0,行政职业能力测验,申论,,False,0.0,False,0.0,4.0
41,,基层法院部门,,,13.0,林芝市基层法院部门,法学,20154041.0,0.0,0.0,5.0,0.0,5.0,0.0,行政职业能力测验,申论,,False,0.0,False,0.0,5.0
42,,基层法院部门,,,,林芝市基层法院部门,财务、会计,20154042.0,0.0,0.0,2.0,0.0,2.0,0.0,行政职业能力测验,申论,,False,0.0,False,0.0,2.0
43,,基层法院部门,,,,林芝市基层法院部门,计算机,20154043.0,0.0,0.0,6.0,0.0,6.0,0.0,行政职业能力测验,申论,,False,0.0,False,0.0,6.0
44,,基层法院部门,,,27.0,昌都市基层法院部门,法学、法律事务,20154044.0,0.0,0.0,13.0,0.0,12.0,1.0,行政职业能力测验,申论,,False,0.0,False,0.0,13.0
45,,基层法院部门,,,,昌都市基层法院部门,藏汉翻译、藏语言文学,20154045.0,0.0,0.0,2.0,0.0,2.0,0.0,行政职业能力测验,申论,,False,0.0,False,0.0,2.0
46,,基层法院部门,,,,昌都市基层法院部门,公共安全、警察相关专业,20154046.0,0.0,0.0,1.0,0.0,0.0,1.0,行政职业能力测验,申论,报考人员须为公安（警察）院校毕业生,False,0.0,False,0.0,1.0
47,,基层法院部门,,,,昌都市基层法院部门,文秘、汉语言文学,20154047.0,0.0,0.0,3.0,0.0,2.0,1.0,行政职业能力测验,申论,,False,0.0,False,0.0,3.0
48,,基层法院部门,,,,昌都市基层法院部门,财务、会计,20154048.0,0.0,0.0,1.0,0.0,1.0,0.0,行政职业能力测验,申论,,False,0.0,False,0.0,1.0
49,,基层法院部门,,,,昌都市基层法院部门,档案管理,20154049.0,0.0,0.0,1.0,0.0,1.0,0.0,行政职业能力测验,申论,,False,0.0,False,0.0,1.0
50,,基层法院部门,,,,昌都市基层法院部门,计算机,20154050.0,0.0,0.0,6.0,0.0,5.0,1.0,行政职业能力测验,申论,,False,0.0,False,0.0,6.0
51,,基层法院部门,,,29.0,那曲地区基层法院部门,法学,20154051.0,0.0,0.0,13.0,0.0,13.0,0.0,行政职业能力测验,申论,,False,0.0,False,0.0,13.0
52,,基层法院部门,,,,那曲地区基层法院部门,藏汉翻译、藏语言文学,20154052.0,0.0,0.0,6.0,0.0,6.0,0.0,行政职业能力测验,申论,,False,0.0,False,0.0,6.0
53,,基层法院部门,,,,那曲地区基层法院部门,文秘,20154053.0,0.0,0.0,2.0,0.0,0.0,2.0,行政职业能力测验,申论,,False,0.0,False,0.0,2.0
54,,基层法院部门,,,,那曲地区基层法院部门,财务、会计,20154054.0,0.0,0.0,1.0,0.0,0.0,1.0,行政职业能力测验,申论,,False,0.0,False,0.0,1.0
55,,基层法院部门,,,,那曲地区基层法院部门,计算机,20154055.0,0.0,0.0,7.0,0.0,0.0,7.0,行政职业能力测验,申论,,False,0.0,False,0.0,7.0
56,,基层法院部门,,,26.0,阿里地区基层法院部门,法学,20154056.0,0.0,0.0,12.0,0.0,12.0,0.0,行政职业能力测验,申论,,False,0.0,False,0.0,12.0
57,,基层法院部门,,,,阿里地区基层法院部门,公共安全、警察相关专业,20154057.0,0.0,0.0,3.0,0.0,0.0,3.0,行政职业能力测验,申论,报考人员须为公安（警察）院校毕业生,False,0.0,False,0.0,3.0
58,,基层法院部门,,,,阿里地区基层法院部门,财务、会计,20154058.0,0.0,0.0,1.0,0.0,1.0,0.0,行政职业能力测验,申论,,False,0.0,False,0.0,1.0
59,,基层法院部门,,,,阿里地区基层法院部门,计算机,20154059.0,0.0,0.0,6.0,0.0,6.0,0.0,行政职业能力测验,申论,,False,0.0,False,0.0,6.0
60,,基层法院部门,,,,阿里地区基层法院部门,文秘,20154060.0,0.0,0.0,4.0,0.0,4.0,0.0,行政职业能力测验,申论,,False,0.0,False,0.0,4.0
61,4.0,基层公安部门,700.0,33.0,18.0,区公安厅网警,公安类专业,20154061.0,0.0,0.0,10.0,0.0,10.0,0.0,行政职业能力测验,申论,报考人员须为公安院校本科及以上学历毕业生报考，其他院校毕业生不得报考,False,0.0,False,0.0,10.0
62,,基层公安部门,,,,区公安厅网警,法学,20154062.0,1.0,0.0,0.0,0.0,1.0,0.0,行政职业能力测验,申论,,False,0.0,True,1.0,1.0
63,,基层公安部门,,,,区公安厅网警,藏语言文学,20154063.0,1.0,0.0,0.0,0.0,1.0,0.0,行政职业能力测验,申论,,False,0.0,True,1.0,1.0
64,,基层公安部门,,,,区公安厅网警,外国语言文学类专业,20154064.0,1.0,0.0,0.0,0.0,1.0,0.0,行政职业能力测验,申论,,False,0.0,True,1.0,1.0
65,,基层公安部门,,,,区公安厅网警,计算机、电子信息类专业,20154065.0,4.0,0.0,0.0,0.0,4.0,0.0,行政职业能力测验,申论,,False,0.0,True,4.0,4.0
66,,基层公安部门,,,,区公安厅网警,新闻传播类专业,20154066.0,1.0,0.0,0.0,0.0,1.0,0.0,行政职业能力测验,申论,,False,0.0,True,1.0,1.0
67,,基层公安部门,,,15.0,区公安厅其他警种部门,刑事科学技术、交通管理工程、公安视听技术、安全防范工程、公安情报学、警务指挥与战术,20154067.0,0.0,0.0,10.0,0.0,10.0,0.0,行政职业能力测验,申论,报考人员须为公安院校本科及以上学历毕业生报考，其他院校毕业生不得报考,False,0.0,False,0.0,10.0
68,,基层公安部门,,,,区公安厅其他警种部门,法医学类,20154068.0,0.0,0.0,2.0,0.0,2.0,0.0,行政职业能力测验,申论,,False,0.0,False,0.0,2.0
69,,基层公安部门,,,,区公安厅其他警种部门,通信工程类,20154069.0,0.0,0.0,3.0,0.0,3.0,0.0,行政职业能力测验,申论,,False,0.0,False,0.0,3.0
70,,基层公安部门,,101.0,84.0,拉萨市基层公安机关人民警察,公安类专业,20154070.0,0.0,0.0,60.0,0.0,0.0,60.0,行政职业能力测验,申论,报考人员须为中国人民公安大学、中国刑事警察学院、浙江警察学院、南京森林警察学院、铁道警官高等专科学校、云南警官学院、四川警察学院、西藏警官高等专科学校等8所公安院校的毕业生报考，其他院校毕业生不得报考,False,0.0,False,0.0,60.0
71,,基层公安部门,,,,拉萨市基层公安机关人民警察,法学、藏语言文学、文秘,20154071.0,4.0,0.0,0.0,0.0,4.0,0.0,行政职业能力测验,申论,,False,0.0,True,4.0,4.0
72,,基层公安部门,,,,拉萨市基层公安机关人民警察,计算机、通信工程、网络安全技术、心理学、财会,20154072.0,17.0,3.0,0.0,0.0,20.0,0.0,行政职业能力测验,申论,,True,3.0,True,17.0,20.0
73,,基层公安部门,,,17.0,拉萨市基层公安机关网警,公安类专业,20154073.0,0.0,0.0,10.0,0.0,0.0,10.0,行政职业能力测验,申论,报考人员须为中国人民公安大学、中国刑事警察学院、浙江警察学院、南京森林警察学院、铁道警官高等专科学校、云南警官学院、四川警察学院、西藏警官高等专科学校等8所公安院校的毕业生报考，其他院校毕业生不得报考,False,0.0,False,0.0,10.0
74,,基层公安部门,,,,拉萨市基层公安机关网警,藏语言文学、法学,20154074.0,2.0,0.0,0.0,0.0,2.0,0.0,行政职业能力测验,申论,,False,0.0,True,2.0,2.0
75,,基层公安部门,,,,拉萨市基层公安机关网警,计算机、电子信息、外国语言文学、新闻传播类专业,20154075.0,4.0,1.0,0.0,0.0,5.0,0.0,行政职业能力测验,申论,,True,1.0,True,4.0,5.0
76,4.0,基层公安部门,700.0,98.0,80.0,日喀则市基层公安机关人民警察,公安类专业,20154076.0,0.0,0.0,40.0,0.0,0.0,40.0,行政职业能力测验,申论,报考人员须为中国人民公安大学、中国刑事警察学院、浙江警察学院、南京森林警察学院、铁道警官高等专科学校、云南警官学院、四川警察学院、西藏警官高等专科学校等8所公安院校的毕业生报考，其他院校毕业生不得报考,False,0.0,False,0.0,40.0
77,,基层公安部门,,,,日喀则市基层公安机关人民警察,英语,20154077.0,8.0,2.0,0.0,0.0,10.0,0.0,行政职业能力测验,申论,,True,2.0,True,8.0,10.0
78,,基层公安部门,,,,日喀则市基层公安机关人民警察,计算机、通信工程、临床医学、法医学,20154078.0,26.0,4.0,0.0,0.0,30.0,0.0,行政职业能力测验,申论,,True,4.0,True,26.0,30.0
79,,基层公安部门,,,18.0,日喀则市基层公安机关网警,公安类专业,20154079.0,0.0,0.0,10.0,0.0,0.0,10.0,行政职业能力测验,申论,报考人员须为中国人民公安大学、中国刑事警察学院、浙江警察学院、南京森林警察学院、铁道警官高等专科学校、云南警官学院、四川警察学院、西藏警官高等专科学校等8所公安院校的毕业生报考，其他院校毕业生不得报考,False,0.0,False,0.0,10.0
80,,基层公安部门,,,,日喀则市基层公安机关网警,藏语言文学、法学,20154080.0,2.0,0.0,0.0,0.0,2.0,0.0,行政职业能力测验,申论,,False,0.0,True,2.0,2.0
81,,基层公安部门,,,,日喀则市基层公安机关网警,计算机、电子信息、外国语言文学、新闻传播类专业,20154081.0,5.0,1.0,0.0,0.0,6.0,0.0,行政职业能力测验,申论,,True,1.0,True,5.0,6.0
82,,基层公安部门,,78.0,50.0,山南地区基层公安机关人民警察,公安类专业,20154082.0,0.0,0.0,30.0,0.0,0.0,30.0,行政职业能力测验,申论,报考人员须为中国人民公安大学、中国刑事警察学院、浙江警察学院、南京森林警察学院、铁道警官高等专科学校、云南警官学院、四川警察学院、西藏警官高等专科学校等8所公安院校的毕业生报考，其他院校毕业生不得报考,False,0.0,False,0.0,30.0
83,,基层公安部门,,,,山南地区基层公安机关人民警察,汉语言文学（文秘）,20154083.0,4.0,1.0,0.0,0.0,5.0,0.0,行政职业能力测验,申论,,True,1.0,True,4.0,5.0
84,,基层公安部门,,,,山南地区基层公安机关人民警察,会计、计算机、法医,20154084.0,13.0,2.0,0.0,0.0,15.0,0.0,行政职业能力测验,申论,,True,2.0,True,13.0,15.0
85,,基层公安部门,,,28.0,山南地区基层公安机关网警,公安类专业,20154085.0,0.0,0.0,10.0,0.0,0.0,10.0,行政职业能力测验,申论,报考人员须为中国人民公安大学、中国刑事警察学院、浙江警察学院、南京森林警察学院、铁道警官高等专科学校、云南警官学院、四川警察学院、西藏警官高等专科学校等8所公安院校的毕业生报考，其他院校毕业生不得报考,False,0.0,False,0.0,10.0
86,,基层公安部门,,,,山南地区基层公安机关网警,藏语言文学、法学,20154086.0,5.0,1.0,0.0,0.0,6.0,0.0,行政职业能力测验,申论,,True,1.0,True,5.0,6.0
87,,基层公安部门,,,,山南地区基层公安机关网警,计算机、电子信息、外国语言文学、新闻传播类专业,20154087.0,10.0,2.0,0.0,0.0,12.0,0.0,行政职业能力测验,申论,,True,2.0,True,10.0,12.0
88,,基层公安部门,,74.0,50.0,林芝市基层公安机关人民警察,公安类专业,20154088.0,0.0,0.0,40.0,0.0,0.0,40.0,行政职业能力测验,申论,报考人员须为中国人民公安大学、中国刑事警察学院、浙江警察学院、南京森林警察学院、铁道警官高等专科学校、云南警官学院、四川警察学院、西藏警官高等专科学校等8所公安院校的毕业生报考，其他院校毕业生不得报考,False,0.0,False,0.0,40.0
89,,基层公安部门,,,,林芝市基层公安机关人民警察,计算机、通信工程、法医学,20154089.0,8.0,2.0,0.0,0.0,10.0,0.0,行政职业能力测验,申论,,True,2.0,True,8.0,10.0
90,,基层公安部门,,,24.0,林芝市基层公安机关网警,公安类专业,20154090.0,0.0,0.0,10.0,0.0,0.0,10.0,行政职业能力测验,申论,报考人员须为中国人民公安大学、中国刑事警察学院、浙江警察学院、南京森林警察学院、铁道警官高等专科学校、云南警官学院、四川警察学院、西藏警官高等专科学校等8所公安院校的毕业生报考，其他院校毕业生不得报考,False,0.0,False,0.0,10.0
91,,基层公安部门,,,,林芝市基层公安机关网警,藏语言文学、法学,20154091.0,4.0,0.0,0.0,0.0,4.0,0.0,行政职业能力测验,申论,,False,0.0,True,4.0,4.0
92,,基层公安部门,,,,林芝市基层公安机关网警,计算机、电子信息、外国语言文学、新闻传播类专业,20154092.0,8.0,2.0,0.0,0.0,10.0,0.0,行政职业能力测验,申论,,True,2.0,True,8.0,10.0
93,,基层公安部门,,112.0,80.0,昌都市基层公安机关人民警察,公安类专业,20154093.0,0.0,0.0,50.0,0.0,0.0,50.0,行政职业能力测验,申论,报考人员须为中国人民公安大学、中国刑事警察学院、浙江警察学院、南京森林警察学院、铁道警官高等专科学校、云南警官学院、四川警察学院、西藏警官高等专科学校等8所公安院校的毕业生报考，其他院校毕业生不得报考,False,0.0,False,0.0,50.0
94,,基层公安部门,,,,昌都市基层公安机关人民警察,藏语言文学、汉语言文学,20154094.0,8.0,2.0,0.0,0.0,10.0,0.0,行政职业能力测验,申论,,True,2.0,True,8.0,10.0
95,,基层公安部门,,,,昌都市基层公安机关人民警察,法律、计算机、通信工程、法医学,20154095.0,17.0,3.0,0.0,0.0,20.0,0.0,行政职业能力测验,申论,,True,3.0,True,17.0,20.0
96,,基层公安部门,,,32.0,昌都市基层公安机关网警,公安类专业,20154096.0,0.0,0.0,10.0,0.0,0.0,10.0,行政职业能力测验,申论,报考人员须为中国人民公安大学、中国刑事警察学院、浙江警察学院、南京森林警察学院、铁道警官高等专科学校、云南警官学院、四川警察学院、西藏警官高等专科学校等8所公安院校的毕业生报考，其他院校毕业生不得报考,False,0.0,False,0.0,10.0
97,,基层公安部门,,,,昌都市基层公安机关网警,藏语言文学、法学,20154097.0,3.0,1.0,0.0,0.0,4.0,0.0,行政职业能力测验,申论,,True,1.0,True,3.0,4.0
98,,基层公安部门,,,,昌都市基层公安机关网警,计算机、电子信息、外国语言文学、新闻传播类专业,20154098.0,16.0,2.0,0.0,0.0,18.0,0.0,行政职业能力测验,申论,,True,2.0,True,16.0,18.0
99,,基层公安部门,,118.0,74.0,那曲地区基层公安机关人民警察,公安类专业,20154099.0,0.0,0.0,50.0,0.0,0.0,50.0,行政职业能力测验,申论,报考人员须为中国人民公安大学、中国刑事警察学院、浙江警察学院、南京森林警察学院、铁道警官高等专科学校、云南警官学院、四川警察学院、西藏警官高等专科学校等8所公安院校的毕业生报考，其他院校毕业生不得报考,False,0.0,False,0.0,50.0
100,,基层公安部门,,,,那曲地区基层公安机关人民警察,英语、藏语言文学、汉语言文学,20154100.0,5.0,1.0,0.0,0.0,6.0,0.0,行政职业能力测验,申论,,True,1.0,True,5.0,6.0
101,,基层公安部门,,,,那曲地区基层公安机关人民警察,计算机类、法医学、通信工程、会计、审计、统计,20154101.0,15.0,3.0,0.0,0.0,18.0,0.0,行政职业能力测验,申论,,True,3.0,True,15.0,18.0
102,,基层公安部门,,,44.0,那曲地区基层公安机关网警,公安类专业,20154102.0,0.0,0.0,10.0,0.0,0.0,10.0,行政职业能力测验,申论,报考人员须为中国人民公安大学、中国刑事警察学院、浙江警察学院、南京森林警察学院、铁道警官高等专科学校、云南警官学院、四川警察学院、西藏警官高等专科学校等8所公安院校的毕业生报考，其他院校毕业生不得报考,False,0.0,False,0.0,10.0
103,,基层公安部门,,,,那曲地区基层公安机关网警,藏语言文学、法学,20154103.0,5.0,1.0,0.0,0.0,6.0,0.0,行政职业能力测验,申论,,True,1.0,True,5.0,6.0
104,,基层公安部门,,,,那曲地区基层公安机关网警,计算机、电子信息、外国语言文学、新闻传播类专业,20154104.0,24.0,4.0,0.0,0.0,28.0,0.0,行政职业能力测验,申论,,True,4.0,True,24.0,28.0
105,,基层公安部门,,86.0,67.0,阿里地区基层公安机关人民警察,公安类专业,20154105.0,0.0,0.0,50.0,0.0,0.0,50.0,行政职业能力测验,申论,报考人员须为中国人民公安大学、中国刑事警察学院、浙江警察学院、南京森林警察学院、铁道警官高等专科学校、云南警官学院、四川警察学院、西藏警官高等专科学校等8所公安院校的毕业生报考，其他院校毕业生不得报考,False,0.0,False,0.0,50.0
106,,基层公安部门,,,,阿里地区基层公安机关人民警察,藏语言文学,20154106.0,1.0,0.0,0.0,0.0,1.0,0.0,行政职业能力测验,申论,,False,0.0,True,1.0,1.0
107,,基层公安部门,,,,阿里地区基层公安机关人民警察,法学、土木工程、计算机、网络工程、法医学、会计,20154107.0,15.0,1.0,0.0,0.0,16.0,0.0,行政职业能力测验,申论,,True,1.0,True,15.0,16.0
108,,基层公安部门,,,19.0,阿里地区基层公安机关网警,公安类专业,20154108.0,0.0,0.0,10.0,0.0,0.0,10.0,行政职业能力测验,申论,报考人员须为中国人民公安大学、中国刑事警察学院、浙江警察学院、南京森林警察学院、铁道警官高等专科学校、云南警官学院、四川警察学院、西藏警官高等专科学校等8所公安院校的毕业生报考，其他院校毕业生不得报考,False,0.0,False,0.0,10.0
109,,基层公安部门,,,,阿里地区基层公安机关网警,英语、藏语言文学、汉语言文学,20154109.0,3.0,0.0,0.0,0.0,3.0,0.0,行政职业能力测验,申论,,False,0.0,True,3.0,3.0
110,,基层公安部门,,,,阿里地区基层公安机关网警,计算机类、法医学、通信工程、会计、审计、统计,20154110.0,5.0,1.0,0.0,0.0,6.0,0.0,行政职业能力测验,申论,,True,1.0,True,5.0,6.0
111,5.0,基层司法部门,109.0,,5.0,自治区监狱人民警察,侦查学（狱内侦查方向）,20154111.0,1.0,0.0,0.0,0.0,1.0,0.0,行政职业能力测验,申论,,False,0.0,True,1.0,1.0
112,,基层司法部门,,,,自治区监狱人民警察,心理学,20154112.0,2.0,0.0,0.0,0.0,0.0,2.0,行政职业能力测验,申论,,False,0.0,True,2.0,2.0
113,,基层司法部门,,,,自治区监狱人民警察,计算机类（网络技术）,20154113.0,1.0,0.0,0.0,0.0,1.0,0.0,行政职业能力测验,申论,,False,0.0,True,1.0,1.0
114,,基层司法部门,,,,自治区监狱人民警察,教育学（矫正教育方向）,20154114.0,1.0,0.0,0.0,0.0,1.0,0.0,行政职业能力测验,申论,,False,0.0,True,1.0,1.0
115,,基层司法部门,,20.0,20.0,波密监狱人民警察,临床医学,20154115.0,0.0,0.0,3.0,0.0,0.0,3.0,行政职业能力测验,申论,,False,0.0,False,0.0,3.0
116,,基层司法部门,,,,波密监狱人民警察,侦查学（狱内侦查方向）,20154116.0,1.0,0.0,0.0,0.0,0.0,1.0,行政职业能力测验,申论,,False,0.0,True,1.0,1.0
117,,基层司法部门,,,,波密监狱人民警察,汉语言文学（文秘方向）,20154117.0,0.0,0.0,3.0,0.0,0.0,3.0,行政职业能力测验,申论,,False,0.0,False,0.0,3.0
118,,基层司法部门,,,,波密监狱人民警察,会计与审计学,20154118.0,0.0,0.0,2.0,0.0,0.0,2.0,行政职业能力测验,申论,,False,0.0,False,0.0,2.0
119,,基层司法部门,,,,波密监狱人民警察,建筑工程学,20154119.0,0.0,0.0,1.0,0.0,0.0,1.0,行政职业能力测验,申论,,False,0.0,False,0.0,1.0
120,,基层司法部门,,,,波密监狱人民警察,专业不限,20154120.0,10.0,0.0,0.0,0.0,0.0,10.0,行政职业能力测验,申论,,False,0.0,True,10.0,10.0
121,,基层司法部门,,6.0,3.0,未成年犯管教所人民警察,电子信息类专业（电子信息工程技术）,20154121.0,1.0,0.0,0.0,0.0,1.0,0.0,行政职业能力测验,申论,,False,0.0,True,1.0,1.0
122,,基层司法部门,,,,未成年犯管教所人民警察,会计与审计学,20154122.0,0.0,0.0,1.0,0.0,0.0,1.0,行政职业能力测验,申论,,False,0.0,False,0.0,1.0
123,,基层司法部门,,,,未成年犯管教所人民警察,监狱学,20154123.0,1.0,0.0,0.0,0.0,1.0,0.0,行政职业能力测验,申论,,False,0.0,True,1.0,1.0
124,,基层司法部门,,20.0,10.0,堆龙强制隔离戒毒所人民警察,汉语言文学（文秘方向）,20154124.0,0.0,0.0,1.0,0.0,1.0,0.0,行政职业能力测验,申论,,False,0.0,False,0.0,1.0
125,,基层司法部门,,,,堆龙强制隔离戒毒所人民警察,心理学,20154125.0,0.0,0.0,1.0,0.0,1.0,0.0,行政职业能力测验,申论,,False,0.0,False,0.0,1.0
126,,基层司法部门,,,,堆龙强制隔离戒毒所人民警察,计算机类（网络技术）,20154126.0,0.0,0.0,1.0,0.0,1.0,0.0,行政职业能力测验,申论,,False,0.0,False,0.0,1.0
127,,基层司法部门,,,,堆龙强制隔离戒毒所人民警察,会计与审计学,20154127.0,0.0,0.0,1.0,0.0,0.0,1.0,行政职业能力测验,申论,,False,0.0,False,0.0,1.0
128,,基层司法部门,,,,堆龙强制隔离戒毒所人民警察,戒毒康复学,20154128.0,0.0,0.0,3.0,0.0,0.0,3.0,行政职业能力测验,申论,,False,0.0,False,0.0,3.0
129,,基层司法部门,,,,堆龙强制隔离戒毒所人民警察,药剂学,20154129.0,0.0,0.0,1.0,0.0,0.0,1.0,行政职业能力测验,申论,,False,0.0,False,0.0,1.0
130,,基层司法部门,,,,堆龙强制隔离戒毒所人民警察,护理学,20154130.0,0.0,0.0,1.0,0.0,0.0,1.0,行政职业能力测验,申论,,False,0.0,False,0.0,1.0
131,,基层司法部门,,,,堆龙强制隔离戒毒所人民警察,医学影像学,20154131.0,0.0,0.0,1.0,0.0,0.0,1.0,行政职业能力测验,申论,,False,0.0,False,0.0,1.0
132,,基层司法部门,,3.0,3.0,日喀则市强制隔离戒毒所人民警察,临床医学,20154132.0,0.0,0.0,2.0,0.0,0.0,2.0,行政职业能力测验,申论,,False,0.0,False,0.0,2.0
133,,基层司法部门,,,,日喀则市强制隔离戒毒所人民警察,法学,20154133.0,0.0,0.0,1.0,0.0,0.0,1.0,行政职业能力测验,申论,,False,0.0,False,0.0,1.0
134,,基层司法部门,,5.0,3.0,拉萨市县、乡（镇）两级司法局（所）公务员,法学,20154134.0,0.0,0.0,3.0,0.0,2.0,1.0,行政职业能力测验,申论,懂藏汉双语,False,0.0,False,0.0,3.0
135,,基层司法部门,,,13.0,日喀则市县、乡（镇）两级司法局（所）公务员,法学,20154135.0,0.0,0.0,13.0,0.0,2.0,11.0,行政职业能力测验,申论,,False,0.0,False,0.0,13.0
136,,基层司法部门,,31.0,11.0,山南地区县、乡（镇）两级司法局（所）公务员,法学,20154136.0,0.0,0.0,11.0,0.0,1.0,10.0,行政职业能力测验,申论,,False,0.0,False,0.0,11.0
137,,基层司法部门,,10.0,4.0,林芝市乡（镇）司法所公务员,法学,20154137.0,0.0,0.0,4.0,0.0,0.0,4.0,行政职业能力测验,申论,,False,0.0,False,0.0,4.0
138,,基层司法部门,,75.0,2.0,昌都市强制隔离戒毒所人民警察,心理学,20154138.0,0.0,0.0,1.0,0.0,0.0,1.0,行政职业能力测验,申论,,False,0.0,False,0.0,1.0
139,,基层司法部门,,,,昌都市强制隔离戒毒所人民警察,戒毒康复学,20154139.0,0.0,0.0,1.0,0.0,0.0,1.0,行政职业能力测验,申论,,False,0.0,False,0.0,1.0
140,,基层司法部门,,,11.0,昌都市乡（镇）司法所公务员,法学,20154140.0,0.0,0.0,10.0,0.0,0.0,10.0,行政职业能力测验,申论,,False,0.0,False,0.0,10.0
141,,基层司法部门,,,,昌都市乡（镇）司法所公务员,专业不限,20154141.0,0.0,0.0,1.0,0.0,0.0,1.0,行政职业能力测验,申论,,False,0.0,False,0.0,1.0
142,,基层司法部门,,64.0,12.0,那曲地区县、乡（镇）两级司法局（所）公务员,法学,20154142.0,0.0,0.0,12.0,0.0,1.0,11.0,行政职业能力测验,申论,,False,0.0,False,0.0,12.0
143,,基层司法部门,,,5.0,阿里地区强制隔离戒毒所人民警察,教育学（矫正教育方向）,20154143.0,0.0,1.0,0.0,0.0,0.0,1.0,行政职业能力测验,申论,,True,1.0,False,0.0,1.0
144,,基层司法部门,,,,阿里地区强制隔离戒毒所人民警察,心理学,20154144.0,0.0,1.0,0.0,0.0,0.0,1.0,行政职业能力测验,申论,,True,1.0,False,0.0,1.0
145,,基层司法部门,,,,阿里地区强制隔离戒毒所人民警察,戒毒康复学,20154145.0,0.0,1.0,0.0,0.0,0.0,1.0,行政职业能力测验,申论,,True,1.0,False,0.0,1.0
146,,基层司法部门,,,,阿里地区强制隔离戒毒所人民警察,临床医学,20154146.0,0.0,0.0,1.0,0.0,0.0,1.0,行政职业能力测验,申论,,False,0.0,False,0.0,1.0
147,,基层司法部门,,,,阿里地区强制隔离戒毒所人民警察,信息管理与信息系统,20154147.0,0.0,0.0,1.0,0.0,0.0,1.0,行政职业能力测验,申论,,False,0.0,False,0.0,1.0
148,,基层司法部门,,25.0,7.0,阿里地区县、乡（镇）两级司法局（所）公务员,法学,20154148.0,0.0,0.0,7.0,0.0,2.0,5.0,行政职业能力测验,申论,,False,0.0,False,0.0,7.0
149,6.0,基层工商部门,50.0,31.0,11.0,日喀则市工商系统公务员,财会,20154149.0,0.0,0.0,1.0,0.0,0.0,1.0,行政职业能力测验,申论,,False,0.0,False,0.0,1.0
150,,基层工商部门,,,,日喀则市工商系统公务员,法学,20154150.0,0.0,0.0,1.0,0.0,1.0,0.0,行政职业能力测验,申论,,False,0.0,False,0.0,1.0
151,,基层工商部门,,,,日喀则市工商系统公务员,经济管理相关专业,20154151.0,0.0,0.0,8.0,0.0,0.0,8.0,行政职业能力测验,申论,,False,0.0,False,0.0,8.0
152,,基层工商部门,,,,日喀则市工商系统公务员,文秘类专业,20154152.0,0.0,0.0,1.0,0.0,0.0,1.0,行政职业能力测验,申论,,False,0.0,False,0.0,1.0
153,,基层工商部门,,,5.0,山南地区工商系统公务员,财会,20154153.0,0.0,0.0,1.0,0.0,0.0,1.0,行政职业能力测验,申论,,False,0.0,False,0.0,1.0
154,,基层工商部门,,,,山南地区工商系统公务员,法学,20154154.0,0.0,0.0,1.0,0.0,1.0,0.0,行政职业能力测验,申论,,False,0.0,False,0.0,1.0
155,,基层工商部门,,,,山南地区工商系统公务员,经济管理相关专业,20154155.0,0.0,0.0,3.0,0.0,0.0,3.0,行政职业能力测验,申论,,False,0.0,False,0.0,3.0
156,,基层工商部门,,,4.0,林芝市工商系统公务员,法学,20154156.0,0.0,0.0,1.0,0.0,1.0,0.0,行政职业能力测验,申论,,False,0.0,False,0.0,1.0
157,,基层工商部门,,,,林芝市工商系统公务员,经济管理相关专业,20154157.0,0.0,0.0,3.0,0.0,0.0,3.0,行政职业能力测验,申论,,False,0.0,False,0.0,3.0
158,,基层工商部门,,21.0,10.0,昌都市工商系统公务员,财会,20154158.0,0.0,0.0,2.0,0.0,0.0,2.0,行政职业能力测验,申论,,False,0.0,False,0.0,2.0
159,,基层工商部门,,,,昌都市工商系统公务员,法学,20154159.0,0.0,0.0,2.0,0.0,2.0,0.0,行政职业能力测验,申论,,False,0.0,False,0.0,2.0
160,,基层工商部门,,,,昌都市工商系统公务员,经济管理相关专业,20154160.0,0.0,0.0,6.0,0.0,0.0,6.0,行政职业能力测验,申论,,False,0.0,False,0.0,6.0
161,,基层工商部门,,12.0,10.0,那曲地区工商系统公务员,财会,20154161.0,0.0,0.0,2.0,0.0,0.0,2.0,行政职业能力测验,申论,,False,0.0,False,0.0,2.0
162,,基层工商部门,,,,那曲地区工商系统公务员,法学,20154162.0,0.0,0.0,2.0,0.0,2.0,0.0,行政职业能力测验,申论,,False,0.0,False,0.0,2.0
163,,基层工商部门,,,,那曲地区工商系统公务员,经济管理相关专业,20154163.0,0.0,0.0,6.0,0.0,0.0,6.0,行政职业能力测验,申论,,False,0.0,False,0.0,6.0
164,,基层工商部门,,15.0,10.0,阿里地区工商系统公务员,财会,20154164.0,0.0,0.0,2.0,0.0,0.0,2.0,行政职业能力测验,申论,,False,0.0,False,0.0,2.0
165,,基层工商部门,,,,阿里地区工商系统公务员,法学,20154165.0,0.0,0.0,1.0,0.0,1.0,0.0,行政职业能力测验,申论,,False,0.0,False,0.0,1.0
166,,基层工商部门,,,,阿里地区工商系统公务员,经济管理相关专业,20154166.0,0.0,0.0,7.0,0.0,0.0,7.0,行政职业能力测验,申论,,False,0.0,False,0.0,7.0
167,7.0,基层质监部门,7.0,2.0,2.0,日喀则市质量技术监督系统公务员,机械、热能、管理工程,20154167.0,0.0,0.0,2.0,0.0,2.0,0.0,行政职业能力测验,申论,,False,0.0,False,0.0,2.0
168,,基层质监部门,,1.0,1.0,山南地区质量技术监督系统公务员,法学、管理工程,20154168.0,0.0,0.0,1.0,0.0,1.0,0.0,行政职业能力测验,申论,,False,0.0,False,0.0,1.0
169,,基层质监部门,,2.0,2.0,昌都市质量技术监督系统公务员,文秘、法学,20154169.0,0.0,0.0,2.0,0.0,2.0,0.0,行政职业能力测验,申论,,False,0.0,False,0.0,2.0
170,,基层质监部门,,1.0,1.0,那曲地区质量技术监督系统公务员,计算机,20154170.0,0.0,0.0,1.0,0.0,1.0,0.0,行政职业能力测验,申论,,False,0.0,False,0.0,1.0
171,,基层质监部门,,2.0,1.0,阿里地区质量技术监督系统公务员,文秘,20154171.0,0.0,0.0,1.0,0.0,1.0,0.0,行政职业能力测验,申论,,False,0.0,False,0.0,1.0
172,8.0,区审计部门,3.0,,3.0,区审计厅机关公务员,审计类专业,20154172.0,0.0,0.0,3.0,0.0,3.0,0.0,行政职业能力测验,申论,,False,0.0,False,0.0,3.0
