,序号,招考部门,招考人数合计,招考人数小计,招考职位,专业要求,职位代码,性别要求男性,性别要求女性,性别要求性别不限,学历要求硕士研究生及以上,学历要求本科及以上,学历要求大专及以上,笔试科目笔试科目1,笔试科目笔试科目2,备注,gsr_f,gsr_f_no,gsr_m,gsr_m_no,job_no
0,1,基层行政单位,620.0,45.0,拉萨市乡镇公务员,专业不限,20166001.0,0.0,0.0,45.0,0.0,0.0,45.0,行政职业能力测验,申论,,False,0.0,False,0.0,45.0
1,,基层行政单位,,130.0,日喀则市乡镇公务员,专业不限,20166002.0,0.0,0.0,130.0,0.0,0.0,130.0,行政职业能力测验,申论,,False,0.0,False,0.0,130.0
2,,基层行政单位,,5.0,日喀则市乡镇公务员（面向期满“三支一扶”人员和西部计划志愿者）,专业不限,20166003.0,0.0,0.0,5.0,0.0,0.0,5.0,行政职业能力测验,申论,报考人员须为服务期满“三支一扶”人员和西部计划志愿者,False,0.0,False,0.0,5.0
3,,基层行政单位,,55.0,山南市乡镇公务员,专业不限,20166004.0,0.0,0.0,55.0,0.0,0.0,55.0,行政职业能力测验,申论,,False,0.0,False,0.0,55.0
4,,基层行政单位,,5.0,山南市乡镇公务员（面向期满“三支一扶”人员和西部计划志愿者）,专业不限,20166005.0,0.0,0.0,5.0,0.0,0.0,5.0,行政职业能力测验,申论,报考人员须为服务期满“三支一扶”人员和西部计划志愿者,False,0.0,False,0.0,5.0
5,,基层行政单位,,50.0,林芝市乡镇公务员,专业不限,20166006.0,0.0,0.0,50.0,0.0,0.0,50.0,行政职业能力测验,申论,,False,0.0,False,0.0,50.0
6,,基层行政单位,,5.0,林芝市乡镇公务员（面向期满“三支一扶”人员和西部计划志愿者）,专业不限,20166007.0,0.0,0.0,5.0,0.0,0.0,5.0,行政职业能力测验,申论,报考人员须为服务期满“三支一扶”人员和西部计划志愿者,False,0.0,False,0.0,5.0
7,,基层行政单位,,135.0,昌都市乡镇公务员,专业不限,20166008.0,0.0,0.0,135.0,0.0,0.0,135.0,行政职业能力测验,申论,,False,0.0,False,0.0,135.0
8,,基层行政单位,,5.0,昌都市乡镇公务员（面向期满“三支一扶”人员和西部计划志愿者）,专业不限,20166009.0,0.0,0.0,5.0,0.0,0.0,5.0,行政职业能力测验,申论,报考人员须为服务期满“三支一扶”人员和西部计划志愿者,False,0.0,False,0.0,5.0
9,,基层行政单位,,125.0,那曲地区乡镇公务员,专业不限,20166010.0,0.0,0.0,125.0,0.0,0.0,125.0,行政职业能力测验,申论,,False,0.0,False,0.0,125.0
10,,基层行政单位,,5.0,那曲地区乡镇公务员（面向期满“三支一扶”人员和西部计划志愿者）,专业不限,20166011.0,0.0,0.0,5.0,0.0,0.0,5.0,行政职业能力测验,申论,报考人员须为服务期满“三支一扶”人员和西部计划志愿者,False,0.0,False,0.0,5.0
11,,基层行政单位,,50.0,阿里地区乡镇公务员,专业不限,20166012.0,0.0,0.0,50.0,0.0,0.0,50.0,行政职业能力测验,申论,,False,0.0,False,0.0,50.0
12,,基层行政单位,,5.0,阿里地区乡镇公务员（面向期满“三支一扶”人员和西部计划志愿者）,专业不限,20166013.0,0.0,0.0,5.0,0.0,0.0,5.0,行政职业能力测验,申论,报考人员须为服务期满“三支一扶”人员和西部计划志愿者,False,0.0,False,0.0,5.0
13,2,基层检察院部门,70.0,8.0,林芝市基层检察院部门公务员,法学,20166014.0,0.0,0.0,2.0,0.0,2.0,0.0,行政职业能力测验,申论,,False,0.0,False,0.0,2.0
14,,基层检察院部门,,,林芝市基层检察院部门公务员,会计,20166015.0,0.0,0.0,2.0,0.0,2.0,0.0,行政职业能力测验,申论,,False,0.0,False,0.0,2.0
15,,基层检察院部门,,,林芝市基层检察院部门公务员,文秘,20166016.0,0.0,0.0,2.0,0.0,2.0,0.0,行政职业能力测验,申论,,False,0.0,False,0.0,2.0
16,,基层检察院部门,,,林芝市基层检察院部门公务员,计算机,20166017.0,0.0,0.0,2.0,0.0,2.0,0.0,行政职业能力测验,申论,,False,0.0,False,0.0,2.0
17,,基层检察院部门,,5.0,昌都市基层检察院部门公务员,法学,20166018.0,0.0,0.0,2.0,0.0,2.0,0.0,行政职业能力测验,申论,,False,0.0,False,0.0,2.0
18,,基层检察院部门,,,昌都市基层检察院部门公务员,犯罪心理学,20166019.0,0.0,0.0,1.0,0.0,1.0,0.0,行政职业能力测验,申论,,False,0.0,False,0.0,1.0
19,,基层检察院部门,,,昌都市基层检察院部门公务员,文秘,20166020.0,0.0,0.0,1.0,0.0,1.0,0.0,行政职业能力测验,申论,,False,0.0,False,0.0,1.0
20,,基层检察院部门,,,昌都市基层检察院部门公务员,文痕检验,20166021.0,0.0,0.0,1.0,0.0,1.0,0.0,行政职业能力测验,申论,,False,0.0,False,0.0,1.0
21,,基层检察院部门,,30.0,那曲地区基层检察院部门公务员,法学,20166022.0,0.0,0.0,14.0,0.0,14.0,0.0,行政职业能力测验,申论,,False,0.0,False,0.0,14.0
22,,基层检察院部门,,,那曲地区基层检察院部门公务员,会计,20166023.0,0.0,0.0,5.0,0.0,5.0,0.0,行政职业能力测验,申论,,False,0.0,False,0.0,5.0
23,,基层检察院部门,,,那曲地区基层检察院部门公务员,文秘,20166024.0,0.0,0.0,5.0,0.0,5.0,0.0,行政职业能力测验,申论,,False,0.0,False,0.0,5.0
24,,基层检察院部门,,,那曲地区基层检察院部门公务员,计算机,20166025.0,0.0,0.0,6.0,0.0,6.0,0.0,行政职业能力测验,申论,,False,0.0,False,0.0,6.0
25,,基层检察院部门,,27.0,阿里地区基层检察院部门公务员,法学,20166026.0,0.0,0.0,13.0,0.0,13.0,0.0,行政职业能力测验,申论,,False,0.0,False,0.0,13.0
26,,基层检察院部门,,,阿里地区基层检察院部门公务员,会计,20166027.0,0.0,0.0,5.0,0.0,5.0,0.0,行政职业能力测验,申论,,False,0.0,False,0.0,5.0
27,,基层检察院部门,,,阿里地区基层检察院部门公务员,文秘,20166028.0,0.0,0.0,5.0,0.0,5.0,0.0,行政职业能力测验,申论,,False,0.0,False,0.0,5.0
28,,基层检察院部门,,,阿里地区基层检察院部门公务员,计算机,20166029.0,0.0,0.0,4.0,0.0,4.0,0.0,行政职业能力测验,申论,,False,0.0,False,0.0,4.0
29,3,基层法院部门,95.0,39.0,日喀则市基层法院部门公务员,财务、会计,20166030.0,0.0,0.0,6.0,0.0,1.0,5.0,行政职业能力测验,申论,,False,0.0,False,0.0,6.0
30,,基层法院部门,,,日喀则市基层法院部门公务员,文秘,20166031.0,0.0,0.0,3.0,0.0,3.0,0.0,行政职业能力测验,申论,,False,0.0,False,0.0,3.0
31,,基层法院部门,,,日喀则市基层法院部门公务员,计算机,20166032.0,0.0,0.0,13.0,0.0,0.0,13.0,行政职业能力测验,申论,,False,0.0,False,0.0,13.0
32,,基层法院部门,,,日喀则市基层法院部门公务员,法学,20166033.0,0.0,0.0,7.0,0.0,7.0,0.0,行政职业能力测验,申论,,False,0.0,False,0.0,7.0
33,,基层法院部门,,,日喀则市基层法院部门公务员,藏汉翻译、藏语言文学,20166034.0,0.0,0.0,10.0,0.0,8.0,2.0,行政职业能力测验,申论,,False,0.0,False,0.0,10.0
34,,基层法院部门,,11.0,山南市基层法院部门公务员,法学,20166035.0,0.0,0.0,7.0,1.0,6.0,0.0,行政职业能力测验,申论,,False,0.0,False,0.0,7.0
35,,基层法院部门,,,山南市基层法院部门公务员,财务、会计,20166036.0,0.0,0.0,3.0,0.0,3.0,0.0,行政职业能力测验,申论,,False,0.0,False,0.0,3.0
36,,基层法院部门,,,山南市基层法院部门公务员,文秘,20166037.0,0.0,0.0,1.0,0.0,1.0,0.0,行政职业能力测验,申论,,False,0.0,False,0.0,1.0
37,,基层法院部门,,9.0,林芝市基层法院部门公务员,法学,20166038.0,0.0,0.0,5.0,0.0,5.0,0.0,行政职业能力测验,申论,,False,0.0,False,0.0,5.0
38,,基层法院部门,,,林芝市基层法院部门公务员,计算机,20166039.0,0.0,0.0,4.0,0.0,4.0,0.0,行政职业能力测验,申论,,False,0.0,False,0.0,4.0
39,,基层法院部门,,6.0,昌都市基层法院部门公务员,财务、会计,20166040.0,0.0,0.0,2.0,0.0,2.0,0.0,行政职业能力测验,申论,,False,0.0,False,0.0,2.0
40,,基层法院部门,,,昌都市基层法院部门公务员,计算机,20166041.0,0.0,0.0,4.0,0.0,4.0,0.0,行政职业能力测验,申论,,False,0.0,False,0.0,4.0
41,,基层法院部门,,19.0,那曲地区基层法院部门公务员,法学,20166042.0,0.0,0.0,4.0,0.0,4.0,0.0,行政职业能力测验,申论,,False,0.0,False,0.0,4.0
42,,基层法院部门,,,那曲地区基层法院部门公务员,财务、会计,20166043.0,0.0,0.0,6.0,0.0,6.0,0.0,行政职业能力测验,申论,,False,0.0,False,0.0,6.0
43,,基层法院部门,,,那曲地区基层法院部门公务员,计算机,20166044.0,0.0,0.0,5.0,0.0,2.0,3.0,行政职业能力测验,申论,,False,0.0,False,0.0,5.0
44,,基层法院部门,,,那曲地区基层法院部门公务员,藏汉翻译、藏语言文学,20166045.0,0.0,0.0,4.0,0.0,4.0,0.0,行政职业能力测验,申论,,False,0.0,False,0.0,4.0
45,,基层法院部门,,11.0,阿里地区基层法院部门公务员,法学,20166046.0,0.0,0.0,3.0,0.0,3.0,0.0,行政职业能力测验,申论,,False,0.0,False,0.0,3.0
46,,基层法院部门,,,阿里地区基层法院部门公务员,财务、会计,20166047.0,0.0,0.0,4.0,0.0,3.0,1.0,行政职业能力测验,申论,,False,0.0,False,0.0,4.0
47,,基层法院部门,,,阿里地区基层法院部门公务员,计算机,20166048.0,0.0,0.0,1.0,0.0,1.0,0.0,行政职业能力测验,申论,,False,0.0,False,0.0,1.0
48,,基层法院部门,,,阿里地区基层法院部门公务员,文秘,20166049.0,0.0,0.0,3.0,0.0,3.0,0.0,行政职业能力测验,申论,,False,0.0,False,0.0,3.0
49,4,基层司法部门,41.0,10.0,自治区监狱人民警察,临床医学（全科医学）,20166050.0,0.0,0.0,1.0,0.0,1.0,0.0,行政职业能力测验,申论,,False,0.0,False,0.0,1.0
50,,基层司法部门,,,自治区监狱人民警察,监狱学,20166051.0,3.0,2.0,0.0,0.0,5.0,0.0,行政职业能力测验,申论,,True,2.0,True,3.0,5.0
51,,基层司法部门,,,自治区监狱人民警察,教育学（矫正教育方向）,20166052.0,0.0,0.0,4.0,0.0,4.0,0.0,行政职业能力测验,申论,,False,0.0,False,0.0,4.0
52,,基层司法部门,,10.0,堆龙强制隔离戒毒所人民警察,临床医学（全科医学）,20166053.0,0.0,5.0,0.0,0.0,5.0,0.0,行政职业能力测验,申论,,True,5.0,False,0.0,5.0
53,,基层司法部门,,,堆龙强制隔离戒毒所人民警察,临床医学、检验诊断学,20166054.0,0.0,0.0,2.0,0.0,2.0,0.0,行政职业能力测验,申论,,False,0.0,False,0.0,2.0
54,,基层司法部门,,,堆龙强制隔离戒毒所人民警察,戒毒康复学,20166055.0,0.0,0.0,2.0,0.0,2.0,0.0,行政职业能力测验,申论,,False,0.0,False,0.0,2.0
55,,基层司法部门,,,堆龙强制隔离戒毒所人民警察,心理学,20166056.0,0.0,0.0,1.0,0.0,1.0,0.0,行政职业能力测验,申论,,False,0.0,False,0.0,1.0
56,,基层司法部门,,12.0,昌都市司法处公务员,法学,20166057.0,0.0,0.0,2.0,0.0,0.0,2.0,行政职业能力测验,申论,,False,0.0,False,0.0,2.0
57,,基层司法部门,,,昌都市强制隔离戒毒所人民警察,心理学,20166058.0,0.0,0.0,1.0,0.0,1.0,0.0,行政职业能力测验,申论,,False,0.0,False,0.0,1.0
58,,基层司法部门,,,昌都市强制隔离戒毒所人民警察,法学,20166059.0,0.0,0.0,1.0,0.0,0.0,1.0,行政职业能力测验,申论,,False,0.0,False,0.0,1.0
59,,基层司法部门,,,昌都市强制隔离戒毒所人民警察,临床医学（全科医学）,20166060.0,0.0,0.0,1.0,0.0,0.0,1.0,行政职业能力测验,申论,,False,0.0,False,0.0,1.0
60,,基层司法部门,,,昌都市强制隔离戒毒所人民警察,教育学（矫正教育方向）,20166061.0,0.0,0.0,4.0,0.0,4.0,0.0,行政职业能力测验,申论,,False,0.0,False,0.0,4.0
61,,基层司法部门,,,昌都市强制隔离戒毒所人民警察,监狱学,20166062.0,0.0,0.0,2.0,0.0,2.0,0.0,行政职业能力测验,申论,,False,0.0,False,0.0,2.0
62,,基层司法部门,,,昌都市江达县司法局公务员,法学,20166063.0,0.0,0.0,1.0,0.0,0.0,1.0,行政职业能力测验,申论,,False,0.0,False,0.0,1.0
63,,基层司法部门,,2.0,那曲地区司法处公务员,法学,20166064.0,0.0,0.0,2.0,0.0,0.0,2.0,行政职业能力测验,申论,,False,0.0,False,0.0,2.0
64,,基层司法部门,,7.0,阿里地区强制隔离戒毒所人民警察,法学,20166065.0,1.0,0.0,0.0,0.0,0.0,1.0,行政职业能力测验,申论,,False,0.0,True,1.0,1.0
65,,基层司法部门,,,阿里地区强制隔离戒毒所人民警察,心理学,20166066.0,2.0,0.0,0.0,0.0,2.0,0.0,行政职业能力测验,申论,,False,0.0,True,2.0,2.0
66,,基层司法部门,,,阿里地区强制隔离戒毒所人民警察,汉语言文学,20166067.0,0.0,0.0,1.0,0.0,1.0,0.0,行政职业能力测验,申论,,False,0.0,False,0.0,1.0
67,,基层司法部门,,,阿里地区强制隔离戒毒所人民警察,会计学,20166068.0,0.0,0.0,1.0,0.0,0.0,1.0,行政职业能力测验,申论,,False,0.0,False,0.0,1.0
68,,基层司法部门,,,阿里地区强制隔离戒毒所人民警察,临床医学（全科医学）,20166069.0,0.0,0.0,2.0,0.0,0.0,2.0,行政职业能力测验,申论,,False,0.0,False,0.0,2.0
69,5,基层公安部门,314.0,76.0,拉萨市公安局人民警察其他警种,专业不限,20166070.0,0.0,0.0,1.0,0.0,0.0,1.0,行政职业能力测验,申论,报考人员须为公安英烈子女,False,0.0,False,0.0,1.0
70,,基层公安部门,,,拉萨市基层公安机关人民警察交警,交通管理、法学、汉语言文学、藏语言文学、财会、英语、新闻、计算机类,20166071.0,0.0,0.0,36.0,0.0,36.0,0.0,行政职业能力测验,申论,,False,0.0,False,0.0,36.0
71,,基层公安部门,,,拉萨市基层公安机关人民警察其他警种,交通管理、法学、档案学、汉语言文学、藏语言文学、民族宗教学、土木工程、财会、英语、新闻、计算机类,20166072.0,0.0,0.0,39.0,0.0,39.0,0.0,行政职业能力测验,申论,,False,0.0,False,0.0,39.0
72,,基层公安部门,,57.0,日喀则市公安局人民警察其他警种,专业不限,20166073.0,0.0,0.0,1.0,0.0,0.0,1.0,行政职业能力测验,申论,报考人员须为公安英烈子女,False,0.0,False,0.0,1.0
73,,基层公安部门,,,日喀则市基层公安机关人民警察网警,计算机、信息安全、藏语言文学、英语、法学、通信网络工程类、维语,20166074.0,0.0,0.0,13.0,0.0,13.0,0.0,行政职业能力测验,申论,,False,0.0,False,0.0,13.0
74,,基层公安部门,,,日喀则市基层公安机关人民警察交警,计算机、信息安全、藏语言文学、英语、法学、财会、通信、工程造价、交通管理、法医学、管理类,20166075.0,0.0,0.0,30.0,0.0,30.0,0.0,行政职业能力测验,申论,,False,0.0,False,0.0,30.0
75,,基层公安部门,,,日喀则市基层公安机关人民警察其他警种,计算机、信息安全、藏语言文学、英语、法学、财会、通信、工程造价、交通管理、网络工程类,20166076.0,0.0,0.0,13.0,0.0,13.0,0.0,行政职业能力测验,申论,,False,0.0,False,0.0,13.0
76,,基层公安部门,,32.0,山南市基层公安机关人民警察网警,计算机、信息通信、汉语言文学、网络工程类,20166077.0,0.0,0.0,8.0,0.0,8.0,0.0,行政职业能力测验,申论,,False,0.0,False,0.0,8.0
77,,基层公安部门,,,山南市基层公安机关人民警察交警,交通管理、法学、汉语言文学、藏语言文学、财会、英语、新闻、计算机、管理类,20166078.0,0.0,0.0,16.0,0.0,16.0,0.0,行政职业能力测验,申论,,False,0.0,False,0.0,16.0
78,,基层公安部门,,,山南市基层公安机关人民警察其他警种,计算机、信息通信、汉语言文学类,20166079.0,0.0,0.0,8.0,0.0,8.0,0.0,行政职业能力测验,申论,,False,0.0,False,0.0,8.0
79,,基层公安部门,,40.0,林芝市基层公安机关人民警察网警,计算机、法学、藏语言文学、网络工程类,20166080.0,0.0,0.0,3.0,0.0,3.0,0.0,行政职业能力测验,申论,,False,0.0,False,0.0,3.0
80,,基层公安部门,,,林芝市基层公安机关人民警察交警,计算机、法学、藏语言文学、财会、审计、汉语言文学、交通管理、法医、外国语言文学、新闻传播、管理类,20166081.0,0.0,0.0,29.0,0.0,29.0,0.0,行政职业能力测验,申论,,False,0.0,False,0.0,29.0
81,,基层公安部门,,,林芝市基层公安机关人民警察其他警种,计算机、法学、藏语言文学、财会、审计、汉语言文学、交通管理、法医、网络工程、外国语言文学、新闻传播、管理类,20166082.0,0.0,0.0,8.0,0.0,8.0,0.0,行政职业能力测验,申论,,False,0.0,False,0.0,8.0
82,,基层公安部门,,46.0,昌都市公安局人民警察其他警种,专业不限,20166083.0,0.0,0.0,1.0,0.0,0.0,1.0,行政职业能力测验,申论,报考人员须为公安英烈子女,False,0.0,False,0.0,1.0
83,,基层公安部门,,,昌都市基层公安机关人民警察网警,专业不限,20166084.0,0.0,0.0,1.0,0.0,0.0,1.0,行政职业能力测验,申论,报考人员须为中国人民公安大学、中国刑事警察学院、南京森林警察学院、铁道警官高等专科学校、浙江警察学院、四川警察学院、云南警官学院、西藏警官高等专科学校等8所公安院校的毕业生，其他院校毕业生不得报考,False,0.0,False,0.0,1.0
84,,基层公安部门,,,昌都市基层公安机关人民警察网警,计算机、信息安全、藏语言文学、英语、法学、通信网络工程类,20166085.0,0.0,0.0,6.0,0.0,6.0,0.0,行政职业能力测验,申论,,False,0.0,False,0.0,6.0
85,,基层公安部门,,,昌都市基层公安机关人民警察交警,专业不限,20166086.0,0.0,0.0,27.0,0.0,0.0,27.0,行政职业能力测验,申论,报考人员须为中国人民公安大学、中国刑事警察学院、南京森林警察学院、铁道警官高等专科学校、浙江警察学院、四川警察学院、云南警官学院、西藏警官高等专科学校等8所公安院校的毕业生，其他院校毕业生不得报考,False,0.0,False,0.0,27.0
86,,基层公安部门,,,昌都市基层公安机关人民警察特警,专业不限,20166087.0,0.0,0.0,2.0,0.0,0.0,2.0,行政职业能力测验,申论,报考人员须为中国人民公安大学、中国刑事警察学院、南京森林警察学院、铁道警官高等专科学校、浙江警察学院、四川警察学院、云南警官学院、西藏警官高等专科学校等8所公安院校的毕业生，其他院校毕业生不得报考,False,0.0,False,0.0,2.0
87,,基层公安部门,,,昌都市基层公安机关人民警察其他警种,计算机、法医学、网络工程、外国语言文学、新闻传播、法学、汉语言文学、管理、网络工程、新闻,20166088.0,0.0,0.0,9.0,0.0,9.0,0.0,行政职业能力测验,申论,,False,0.0,False,0.0,9.0
88,,基层公安部门,,38.0,那曲地区公安处人民警察其他警种,专业不限,20166089.0,0.0,0.0,2.0,0.0,0.0,2.0,行政职业能力测验,申论,报考人员须为公安英烈子女,False,0.0,False,0.0,2.0
89,,基层公安部门,,,那曲地区基层公安机关人民警察网警,专业不限,20166090.0,0.0,0.0,5.0,0.0,0.0,5.0,行政职业能力测验,申论,报考人员须为中国人民公安大学、中国刑事警察学院、南京森林警察学院、铁道警官高等专科学校、浙江警察学院、四川警察学院、云南警官学院、西藏警官高等专科学校等8所公安院校的毕业生，其他院校毕业生不得报考,False,0.0,False,0.0,5.0
90,,基层公安部门,,,那曲地区基层公安机关人民警察交警,专业不限,20166091.0,0.0,0.0,18.0,0.0,0.0,18.0,行政职业能力测验,申论,报考人员须为中国人民公安大学、中国刑事警察学院、南京森林警察学院、铁道警官高等专科学校、浙江警察学院、四川警察学院、云南警官学院、西藏警官高等专科学校等8所公安院校的毕业生，其他院校毕业生不得报考,False,0.0,False,0.0,18.0
91,,基层公安部门,,,那曲地区基层公安机关人民警察其他警种,专业不限,20166092.0,0.0,0.0,7.0,0.0,0.0,7.0,行政职业能力测验,申论,报考人员须为中国人民公安大学、中国刑事警察学院、南京森林警察学院、铁道警官高等专科学校、浙江警察学院、四川警察学院、云南警官学院、西藏警官高等专科学校等8所公安院校的毕业生，其他院校毕业生不得报考,False,0.0,False,0.0,7.0
92,,基层公安部门,,,那曲地区基层公安机关人民警察其他警种,英语、计算机、信息安全、藏语言文学、法学、财会、通信、工程造价,20166093.0,0.0,0.0,6.0,0.0,6.0,0.0,行政职业能力测验,申论,,False,0.0,False,0.0,6.0
93,,基层公安部门,,25.0,阿里地区基层公安机关人民警察网警,专业不限,20166094.0,0.0,0.0,3.0,0.0,0.0,3.0,行政职业能力测验,申论,报考人员须为中国人民公安大学、中国刑事警察学院、南京森林警察学院、铁道警官高等专科学校、浙江警察学院、四川警察学院、云南警官学院、西藏警官高等专科学校等8所公安院校的毕业生，其他院校毕业生不得报考,False,0.0,False,0.0,3.0
94,,基层公安部门,,,阿里地区基层公安机关人民警察交警,专业不限,20166095.0,0.0,0.0,5.0,0.0,0.0,5.0,行政职业能力测验,申论,报考人员须为中国人民公安大学、中国刑事警察学院、南京森林警察学院、铁道警官高等专科学校、浙江警察学院、四川警察学院、云南警官学院、西藏警官高等专科学校等8所公安院校的毕业生，其他院校毕业生不得报考,False,0.0,False,0.0,5.0
95,,基层公安部门,,,阿里地区基层公安机关人民警察交警,计算机、财会、土木工程、审计、法学、管理、交通工程、交通管理类,20166096.0,0.0,0.0,5.0,0.0,5.0,0.0,行政职业能力测验,申论,,False,0.0,False,0.0,5.0
96,,基层公安部门,,,阿里地区基层公安机关人民警察特警,专业不限,20166097.0,0.0,0.0,12.0,0.0,0.0,12.0,行政职业能力测验,申论,报考人员须为中国人民公安大学、中国刑事警察学院、南京森林警察学院、铁道警官高等专科学校、浙江警察学院、四川警察学院、云南警官学院、西藏警官高等专科学校等8所公安院校的毕业生，其他院校毕业生不得报考,False,0.0,False,0.0,12.0
97,6,基层工商部门,69.0,30.0,日喀则市工商系统公务员,财会,20166098.0,0.0,0.0,2.0,0.0,2.0,0.0,行政职业能力测验,申论,,False,0.0,False,0.0,2.0
98,,基层工商部门,,,日喀则市工商系统公务员,法律,20166099.0,0.0,0.0,7.0,0.0,7.0,0.0,行政职业能力测验,申论,,False,0.0,False,0.0,7.0
99,,基层工商部门,,,日喀则市工商系统公务员,统计,20166100.0,0.0,0.0,2.0,0.0,2.0,0.0,行政职业能力测验,申论,,False,0.0,False,0.0,2.0
100,,基层工商部门,,,日喀则市工商系统公务员,档案管理,20166101.0,0.0,0.0,2.0,0.0,2.0,0.0,行政职业能力测验,申论,,False,0.0,False,0.0,2.0
101,,基层工商部门,,,日喀则市工商系统公务员,计算机相关专业,20166102.0,0.0,0.0,6.0,0.0,6.0,0.0,行政职业能力测验,申论,,False,0.0,False,0.0,6.0
102,,基层工商部门,,,日喀则市工商系统公务员,新闻学相关专业,20166103.0,0.0,0.0,2.0,0.0,2.0,0.0,行政职业能力测验,申论,,False,0.0,False,0.0,2.0
103,,基层工商部门,,,日喀则市工商系统公务员,劳动与社会保障专业 ,20166104.0,0.0,0.0,1.0,0.0,1.0,0.0,行政职业能力测验,申论,,False,0.0,False,0.0,1.0
104,,基层工商部门,,,日喀则市工商系统公务员,人力资源管理专业,20166105.0,0.0,0.0,1.0,0.0,1.0,0.0,行政职业能力测验,申论,,False,0.0,False,0.0,1.0
105,,基层工商部门,,,日喀则市工商系统公务员,经济管理相关专业,20166106.0,0.0,0.0,3.0,0.0,3.0,0.0,行政职业能力测验,申论,,False,0.0,False,0.0,3.0
106,,基层工商部门,,,日喀则市工商系统公务员,汉语言文学,20166107.0,0.0,0.0,4.0,0.0,4.0,0.0,行政职业能力测验,申论,,False,0.0,False,0.0,4.0
107,,基层工商部门,,10.0,山南市工商系统公务员,计算机相关专业,20166108.0,0.0,0.0,2.0,0.0,2.0,0.0,行政职业能力测验,申论,,False,0.0,False,0.0,2.0
108,,基层工商部门,,,山南市工商系统公务员,法律,20166109.0,0.0,0.0,3.0,0.0,3.0,0.0,行政职业能力测验,申论,,False,0.0,False,0.0,3.0
109,,基层工商部门,,,山南市工商系统公务员,汉语言文学,20166110.0,0.0,0.0,2.0,0.0,2.0,0.0,行政职业能力测验,申论,,False,0.0,False,0.0,2.0
110,,基层工商部门,,,山南市工商系统公务员,财会,20166111.0,0.0,0.0,2.0,0.0,2.0,0.0,行政职业能力测验,申论,,False,0.0,False,0.0,2.0
111,,基层工商部门,,,山南市工商系统公务员,土地资源管理专业,20166112.0,0.0,0.0,1.0,0.0,1.0,0.0,行政职业能力测验,申论,,False,0.0,False,0.0,1.0
112,,基层工商部门,,6.0,林芝市工商系统公务员,法律,20166113.0,0.0,0.0,2.0,0.0,2.0,0.0,行政职业能力测验,申论,,False,0.0,False,0.0,2.0
113,,基层工商部门,,,林芝市工商系统公务员,计算机相关专业,20166114.0,0.0,0.0,2.0,0.0,2.0,0.0,行政职业能力测验,申论,,False,0.0,False,0.0,2.0
114,,基层工商部门,,,林芝市工商系统公务员,经济管理相关专业,20166115.0,0.0,0.0,2.0,0.0,2.0,0.0,行政职业能力测验,申论,,False,0.0,False,0.0,2.0
115,,基层工商部门,,9.0,昌都市工商系统公务员,汉语言文学,20166116.0,0.0,0.0,2.0,0.0,2.0,0.0,行政职业能力测验,申论,,False,0.0,False,0.0,2.0
116,,基层工商部门,,,昌都市工商系统公务员,法律,20166117.0,0.0,0.0,3.0,0.0,3.0,0.0,行政职业能力测验,申论,,False,0.0,False,0.0,3.0
117,,基层工商部门,,,昌都市工商系统公务员,计算机相关专业,20166118.0,0.0,0.0,2.0,0.0,2.0,0.0,行政职业能力测验,申论,,False,0.0,False,0.0,2.0
118,,基层工商部门,,,昌都市工商系统公务员,经济管理相关专业,20166119.0,0.0,0.0,2.0,0.0,2.0,0.0,行政职业能力测验,申论,,False,0.0,False,0.0,2.0
119,,基层工商部门,,8.0,那曲地区工商系统公务员,财会,20166120.0,0.0,0.0,1.0,0.0,1.0,0.0,行政职业能力测验,申论,,False,0.0,False,0.0,1.0
120,,基层工商部门,,,那曲地区工商系统公务员,法律,20166121.0,0.0,0.0,1.0,0.0,1.0,0.0,行政职业能力测验,申论,,False,0.0,False,0.0,1.0
121,,基层工商部门,,,那曲地区工商系统公务员,植物保护检疫,20166122.0,0.0,0.0,1.0,0.0,1.0,0.0,行政职业能力测验,申论,,False,0.0,False,0.0,1.0
122,,基层工商部门,,,那曲地区工商系统公务员,汉语言文学,20166123.0,0.0,0.0,2.0,0.0,2.0,0.0,行政职业能力测验,申论,,False,0.0,False,0.0,2.0
123,,基层工商部门,,,那曲地区工商系统公务员,计算机相关专业,20166124.0,0.0,0.0,3.0,0.0,3.0,0.0,行政职业能力测验,申论,,False,0.0,False,0.0,3.0
124,,基层工商部门,,6.0,阿里地区工商系统公务员,财会,20166125.0,0.0,0.0,1.0,0.0,1.0,0.0,行政职业能力测验,申论,,False,0.0,False,0.0,1.0
125,,基层工商部门,,,阿里地区工商系统公务员,法学,20166126.0,0.0,0.0,1.0,0.0,1.0,0.0,行政职业能力测验,申论,,False,0.0,False,0.0,1.0
126,,基层工商部门,,,阿里地区工商系统公务员,汉语言文学,20166127.0,0.0,0.0,2.0,0.0,2.0,0.0,行政职业能力测验,申论,,False,0.0,False,0.0,2.0
127,,基层工商部门,,,阿里地区工商系统公务员,计算机相关专业,20166128.0,0.0,0.0,2.0,0.0,2.0,0.0,行政职业能力测验,申论,,False,0.0,False,0.0,2.0
128,7,基层质监部门,5.0,1.0,日喀则市质量技术监督系统公务员,标准化及其相关专业,20166129.0,0.0,0.0,1.0,0.0,1.0,0.0,行政职业能力测验,申论,,False,0.0,False,0.0,1.0
129,,基层质监部门,,1.0,昌都市质量技术监督系统公务员,机械类专业,20166130.0,0.0,0.0,1.0,0.0,1.0,0.0,行政职业能力测验,申论,,False,0.0,False,0.0,1.0
130,,基层质监部门,,1.0,那曲地区质量技术监督系统公务员,会计,20166131.0,0.0,0.0,1.0,0.0,1.0,0.0,行政职业能力测验,申论,,False,0.0,False,0.0,1.0
131,,基层质监部门,,2.0,阿里地区质量技术监督系统公务员,会计、机械类专业,20166132.0,0.0,0.0,2.0,0.0,2.0,0.0,行政职业能力测验,申论,,False,0.0,False,0.0,2.0
