,序号,招考部门,招考职位,职位性质,招考人数,职位代码,招考职位类别,专业要求,性别要求,学历要求,笔试科目,备注,gsr_f,gsr_f_no,gsr_m,gsr_m_no,job_no
0,1,拉萨市,市公安局,人民警察,1.0,201910001.0,地（市）级,专业不限,不限,大专及以上,行政职业能力测验、申论,仅限公安英烈子女报考,False,0,False,0,1
1,1,拉萨市,市交通局(道路运输管理局),参公,1.0,201910002.0,地（市）级,财务相关专业,不限,本科及以上,行政职业能力测验、申论,,False,0,False,0,1
2,1,拉萨市,市委党校办公室,参公,1.0,201910003.0,地（市）级,财会类专业,不限,本科及以上,行政职业能力测验、申论,,False,0,False,0,1
3,1,拉萨市,市卫计委红十字会,公务员,1.0,201910004.0,地（市）级,文秘类专业,不限,本科及以上,行政职业能力测验、申论,,False,0,False,0,1
44,2,日喀则市,昂仁县措迈乡人民政府,公务员,1.0,201910045.0,乡（镇）级,专业不限,不限,本科及以上,行政职业能力测验、申论,,False,0,False,0,1
45,2,日喀则市,昂仁县日吾其乡人民政府,公务员,1.0,201910046.0,乡（镇）级,专业不限,不限,本科及以上,行政职业能力测验、申论,,False,0,False,0,1
46,2,日喀则市,定日县措果乡人民政府,公务员,1.0,201910047.0,乡（镇）级,专业不限,不限,本科及以上,行政职业能力测验、申论,,False,0,False,0,1
47,2,日喀则市,定日县绒辖乡人民政府,公务员,2.0,201910048.0,乡（镇）级,专业不限,不限,本科及以上,行政职业能力测验、申论,,False,0,False,0,2
48,2,日喀则市,定日县扎西宗乡人民政府,公务员,1.0,201910049.0,乡（镇）级,专业不限,不限,本科及以上,行政职业能力测验、申论,,False,0,False,0,1
49,2,日喀则市,萨嘎县昌果乡人民政府,公务员,1.0,201910050.0,乡（镇）级,专业不限,不限,大专及以上,行政职业能力测验、申论,,False,0,False,0,1
50,2,日喀则市,萨嘎县如角乡人民政府,公务员,2.0,201910051.0,乡（镇）级,专业不限,不限,大专及以上,行政职业能力测验、申论,,False,0,False,0,2
51,2,日喀则市,仲巴县吉玛乡人民政府,公务员,1.0,201910052.0,乡（镇）级,专业不限,不限,本科及以上,行政职业能力测验、申论,,False,0,False,0,1
52,2,日喀则市,仲巴县隆嘎尔乡人民政府,公务员,2.0,201910053.0,乡（镇）级,专业不限,不限,本科及以上,行政职业能力测验、申论,,False,0,False,0,2
53,2,日喀则市,仲巴县纳久乡人民政府,公务员,1.0,201910054.0,乡（镇）级,专业不限,不限,本科及以上,行政职业能力测验、申论,,False,0,False,0,1
54,2,日喀则市,仲巴县帕江乡人民政府,公务员,1.0,201910055.0,乡（镇）级,专业不限,不限,本科及以上,行政职业能力测验、申论,,False,0,False,0,1
237,4,林芝市,市商务局商务信息与国际交流服务中心,参公,2.0,201910238.0,地（市）级,汉语言文学等专业,不限,本科及以上,行政职业能力测验、申论,,False,0,False,0,2
238,4,林芝市,波密县财政局会计核算中心,参公,2.0,201910239.0,县（区）级,财会类、项目管理或项目评审专业,不限,本科及以上,行政职业能力测验、申论,,False,0,False,0,2
239,4,林芝市,波密县财政局会计核算中心,参公,1.0,201910240.0,县（区）级,文学类或财会类专业,不限,本科及以上,行政职业能力测验、申论,,False,0,False,0,1
240,4,林芝市,波密县国土局国土执法大队,参公,1.0,201910241.0,县（区）级,法学类或城市规划类专业,不限,本科及以上,行政职业能力测验、申论,,False,0,False,0,1
241,4,林芝市,波密县交通运输管理局道路运输管理所,参公,1.0,201910242.0,县（区）级,道路运输、交通工程、路政管理或道路养护与管理专业,不限,本科及以上,行政职业能力测验、申论,,False,0,False,0,1
242,4,林芝市,波密县林业局嘎朗国家湿地公园管理局,参公,2.0,201910243.0,县（区）级,林学类或文学类专业,不限,本科及以上,行政职业能力测验、申论,,False,0,False,0,2
243,4,林芝市,波密县林业局林业工作站,参公,2.0,201910244.0,县（区）级,林学类或文学类专业,不限,本科及以上,行政职业能力测验、申论,,False,0,False,0,2
244,4,林芝市,波密县司法局法律援助中心,参公,1.0,201910245.0,县（区）级,法学类专业,不限,本科及以上,行政职业能力测验、申论,,False,0,False,0,1
245,4,林芝市,波密县委统战部,公务员,2.0,201910246.0,县（区）级,文学类专业,不限,本科及以上,行政职业能力测验、申论,,False,0,False,0,2
246,4,林芝市,波密县委统战部,公务员,1.0,201910247.0,县（区）级,民族学类专业,不限,本科及以上,行政职业能力测验、申论,,False,0,False,0,1
247,4,林芝市,波密县委组织部,公务员,1.0,201910248.0,县（区）级,财会类专业,不限,本科及以上,行政职业能力测验、申论,,False,0,False,0,1
248,4,林芝市,察隅县财政局会计核算中心,参公,2.0,201910249.0,县（区）级,会计相关专业,不限,本科及以上,行政职业能力测验、申论,,False,0,False,0,2
249,4,林芝市,察隅县水利局水利服务站,参公,2.0,201910250.0,县（区）级,工程类相关专业,不限,本科及以上,行政职业能力测验、申论,,False,0,False,0,2
250,4,林芝市,"察隅县政府办藏语委办
（编译局）",参公,1.0,201910251.0,县（区）级,藏汉翻译专业,不限,本科及以上,行政职业能力测验、申论,,False,0,False,0,1
251,4,林芝市,工布江达县财政局会计核算中心,参公,2.0,201910252.0,县（区）级,会计或财政学专业,不限,大专及以上,行政职业能力测验、申论,,False,0,False,0,2
252,4,林芝市,工布江达县风景区管理局办公室,参公,1.0,201910253.0,县（区）级,旅游或资源城乡规划管理专业,不限,大专及以上,行政职业能力测验、申论,,False,0,False,0,1
253,4,林芝市,工布江达县司法局法律援助中心,参公,1.0,201910254.0,县（区）级,法律类专业,不限,大专及以上,行政职业能力测验、申论,,False,0,False,0,1
254,4,林芝市,工布江达县统战部办公室,公务员,1.0,201910255.0,县（区）级,文学类或财会类专业,不限,大专及以上,行政职业能力测验、申论,,False,0,False,0,1
255,4,林芝市,工布江达县政府办藏语文工作委员会办公室(编译局）,参公,1.0,201910256.0,县（区）级,藏汉翻译或藏语言文学类专业,不限,大专及以上,行政职业能力测验、申论,,False,0,False,0,1
256,4,林芝市,米林县财政局会计核算中心,参公,1.0,201910257.0,县（区）级,财务管理专业,不限,本科及以上,行政职业能力测验、申论,,False,0,False,0,1
257,4,林芝市,米林县发改委项目评审中心,参公,1.0,201910258.0,县（区）级,工程项目专业,不限,本科及以上,行政职业能力测验、申论,,False,0,False,0,1
258,4,林芝市,米林县司法局法律援助中心,参公,2.0,201910259.0,县（区）级,法律类专业,不限,本科及以上,行政职业能力测验、申论,,False,0,False,0,2
259,4,林芝市,巴宜区百巴镇司法所,公务员,1.0,201910260.0,乡（镇）级,法律类专业,不限,大专及以上,行政职业能力测验、申论,,False,0,False,0,1
260,4,林芝市,巴宜区布久乡司法所,公务员,1.0,201910261.0,乡（镇）级,法律类专业,不限,大专及以上,行政职业能力测验、申论,,False,0,False,0,1
261,4,林芝市,巴宜区更章乡司法所,公务员,1.0,201910262.0,乡（镇）级,法律类专业,不限,大专及以上,行政职业能力测验、申论,,False,0,False,0,1
262,4,林芝市,巴宜区林芝镇司法所,公务员,1.0,201910263.0,乡（镇）级,法律类专业,不限,大专及以上,行政职业能力测验、申论,,False,0,False,0,1
263,4,林芝市,巴宜区米瑞乡司法所,公务员,1.0,201910264.0,乡（镇）级,法律类专业,不限,大专及以上,行政职业能力测验、申论,,False,0,False,0,1
264,4,林芝市,波密县八盖乡党群办公室,公务员,2.0,201910265.0,乡（镇）级,藏汉翻译、新闻类、旅游类、城市规划或土木工程类专业,不限,大专及以上,行政职业能力测验、申论,,False,0,False,0,2
265,4,林芝市,波密县古乡司法所,公务员,1.0,201910266.0,乡（镇）级,法学类专业,不限,大专及以上,行政职业能力测验、申论,,False,0,False,0,1
266,4,林芝市,波密县康玉乡人民政府,公务员,2.0,201910267.0,乡（镇）级,土木工程或项目评审类专业,不限,大专及以上,行政职业能力测验、申论,,False,0,False,0,2
267,4,林芝市,波密县康玉乡司法所,公务员,1.0,201910268.0,乡（镇）级,法学类专业,不限,大专及以上,行政职业能力测验、申论,,False,0,False,0,1
268,4,林芝市,波密县倾多镇司法所,公务员,1.0,201910269.0,乡（镇）级,法学类专业,不限,大专及以上,行政职业能力测验、申论,,False,0,False,0,1
269,4,林芝市,波密县松宗镇司法所,公务员,1.0,201910270.0,乡（镇）级,法学类专业,不限,大专及以上,行政职业能力测验、申论,,False,0,False,0,1
270,4,林芝市,波密县玉普乡党群办公室,公务员,1.0,201910271.0,乡（镇）级,文学类专业,不限,大专及以上,行政职业能力测验、申论,,False,0,False,0,1
271,4,林芝市,波密县玉许乡司法所,公务员,1.0,201910272.0,乡（镇）级,法学类专业,不限,大专及以上,行政职业能力测验、申论,,False,0,False,0,1
272,4,林芝市,察隅县察瓦龙乡综合办公室,公务员,2.0,201910273.0,乡（镇）级,专业不限,不限,大专及以上,行政职业能力测验、申论,,False,0,False,0,2
273,4,林芝市,察隅县古拉乡综合办公室,公务员,2.0,201910274.0,乡（镇）级,专业不限,不限,大专及以上,行政职业能力测验、申论,,False,0,False,0,2
274,4,林芝市,"察隅县司法局察瓦龙乡
司法所",公务员,1.0,201910275.0,乡（镇）级,法学相关专业,不限,大专及以上,行政职业能力测验、申论,,False,0,False,0,1
275,4,林芝市,察隅县司法局古拉乡司法所,公务员,1.0,201910276.0,乡（镇）级,法学相关专业,不限,大专及以上,行政职业能力测验、申论,,False,0,False,0,1
276,4,林芝市,察隅县司法局古玉乡司法所,公务员,1.0,201910277.0,乡（镇）级,法学相关专业,不限,大专及以上,行政职业能力测验、申论,,False,0,False,0,1
277,4,林芝市,"察隅县司法局上察隅镇
司法所",公务员,1.0,201910278.0,乡（镇）级,法学相关专业,不限,大专及以上,行政职业能力测验、申论,,False,0,False,0,1
278,4,林芝市,"察隅县司法局下察隅镇
司法所",公务员,1.0,201910279.0,乡（镇）级,法学相关专业,不限,大专及以上,行政职业能力测验、申论,,False,0,False,0,1
279,4,林芝市,工布江达县巴嘎寺管委会办公室,公务员,1.0,201910280.0,乡（镇）级,民族宗教类专业,不限,大专及以上,行政职业能力测验、申论,,False,0,False,0,1
280,4,林芝市,工布江达县日嘎寺管委会办公室,公务员,1.0,201910281.0,乡（镇）级,民族宗教类专业,不限,大专及以上,行政职业能力测验、申论,,False,0,False,0,1
401,5,昌都市,市发改委市项目协调管理中心（市重大建设项目稽察特派员办公室）,参公,2.0,201910402.0,地（市）级,工程管理专业,不限,本科及以上,行政职业能力测验、申论,,False,0,False,0,2
402,5,昌都市,市公安局,人民警察,4.0,201910403.0,地（市）级,专业不限,不限,大专及以上,行政职业能力测验、申论,仅限公安英烈子女报考,False,0,False,0,4
403,5,昌都市,市人民政府办公室市民服务中心,参公,1.0,201910404.0,地（市）级,汉语言文学专业,不限,本科及以上,行政职业能力测验、申论,,False,0,False,0,1
404,5,昌都市,贡觉县莫洛镇司法所,公务员,1.0,201910405.0,乡（镇）级,法学类专业,不限,本科及以上,行政职业能力测验、申论,,False,0,False,0,1
405,5,昌都市,江达县波罗乡人民政府,公务员,1.0,201910406.0,乡（镇）级,统计学类专业,不限,大专及以上,行政职业能力测验、申论,,False,0,False,0,1
406,5,昌都市,江达县江达镇人民政府,公务员,1.0,201910407.0,乡（镇）级,中国语言文学类专业,不限,本科及以上,行政职业能力测验、申论,,False,0,False,0,1
407,5,昌都市,卡若区拉多乡司法所,公务员,1.0,201910408.0,乡（镇）级,法学类专业,不限,大专及以上,行政职业能力测验、申论,,False,0,False,0,1
408,5,昌都市,卡若区日通乡司法所,公务员,1.0,201910409.0,乡（镇）级,法学类专业,不限,大专及以上,行政职业能力测验、申论,,False,0,False,0,1
409,5,昌都市,类乌齐县措卡日追管委会,公务员,1.0,201910410.0,乡（镇）级,藏汉双语专业,不限,本科及以上,行政职业能力测验、申论,,False,0,False,0,1
410,5,昌都市,类乌齐县加桑卡寺管委会,公务员,1.0,201910411.0,乡（镇）级,计算机应用专业,不限,本科及以上,行政职业能力测验、申论,,False,0,False,0,1
411,5,昌都市,类乌齐县类乌齐寺管委会,公务员,1.0,201910412.0,乡（镇）级,藏汉双语专业,不限,本科及以上,行政职业能力测验、申论,,False,0,False,0,1
468,6,那曲市,市公安局,人民警察,1.0,201910469.0,地（市）级,专业不限,不限,大专及以上,行政职业能力测验、申论,仅限公安英烈子女报考,False,0,False,0,1
469,6,那曲市,市审计局,公务员,2.0,201910470.0,地（市）级,审计或财会类专业,不限,本科及以上,行政职业能力测验、申论,,False,0,False,0,2
470,6,那曲市,巴青县阿秀乡片区寺管会,公务员,1.0,201910471.0,县（区）级,专业不限,不限,本科及以上,行政职业能力测验、申论,,False,0,False,0,1
471,6,那曲市,巴青县巴仓寺管委会,公务员,2.0,201910472.0,县（区）级,专业不限,不限,本科及以上,行政职业能力测验、申论,,False,0,False,0,2
472,6,那曲市,巴青县布拉寺管委会,公务员,1.0,201910473.0,县（区）级,专业不限,不限,本科及以上,行政职业能力测验、申论,,False,0,False,0,1
473,6,那曲市,巴青县冲仓寺管委会,公务员,1.0,201910474.0,县（区）级,专业不限,不限,本科及以上,行政职业能力测验、申论,,False,0,False,0,1
474,6,那曲市,巴青县道路运输管理所,参公,1.0,201910475.0,县（区）级,路政管理专业,不限,本科及以上,行政职业能力测验、申论,,False,0,False,0,1
475,6,那曲市,巴青县贡日寺管委会,公务员,1.0,201910476.0,县（区）级,专业不限,不限,本科及以上,行政职业能力测验、申论,,False,0,False,0,1
476,6,那曲市,巴青县鲁布寺管委会,公务员,2.0,201910477.0,县（区）级,专业不限,不限,本科及以上,行政职业能力测验、申论,,False,0,False,0,2
477,6,那曲市,巴青县玛荣寺管委会,公务员,2.0,201910478.0,县（区）级,专业不限,不限,本科及以上,行政职业能力测验、申论,,False,0,False,0,2
478,6,那曲市,巴青县普纳寺管委会,公务员,2.0,201910479.0,县（区）级,专业不限,不限,本科及以上,行政职业能力测验、申论,,False,0,False,0,2
479,6,那曲市,巴青县统计局社会经济调查队,参公,1.0,201910480.0,县（区）级,统计学专业,不限,本科及以上,行政职业能力测验、申论,,False,0,False,0,1
480,6,那曲市,班戈县多佳寺寺管会,公务员,1.0,201910481.0,县（区）级,专业不限,不限,本科及以上,行政职业能力测验、申论,,False,0,False,0,1
481,6,那曲市,班戈县门当乡片区寺管会,公务员,1.0,201910482.0,县（区）级,专业不限,不限,本科及以上,行政职业能力测验、申论,,False,0,False,0,1
482,6,那曲市,班戈县普巴寺寺管会,公务员,1.0,201910483.0,县（区）级,专业不限,不限,本科及以上,行政职业能力测验、申论,,False,0,False,0,1
483,6,那曲市,班戈县扎君寺寺管会,公务员,1.0,201910484.0,县（区）级,专业不限,不限,本科及以上,行政职业能力测验、申论,,False,0,False,0,1
484,6,那曲市,比如县白嘎乡龙卡寺寺管会,公务员,1.0,201910485.0,县（区）级,思想政治教育类、民族学类、计算机类或藏语言文学类专业,不限,本科及以上,行政职业能力测验、申论,,False,0,False,0,1
485,6,那曲市,比如县茶曲乡第一片区寺管会,公务员,1.0,201910486.0,县（区）级,思想政治教育类、民族学类、计算机类或藏语言文学类专业,不限,本科及以上,行政职业能力测验、申论,,False,0,False,0,1
486,6,那曲市,比如县达姆寺寺管会,公务员,3.0,201910487.0,县（区）级,思想政治教育类、民族学类、计算机类或藏语言文学类专业,不限,本科及以上,行政职业能力测验、申论,,False,0,False,0,3
487,6,那曲市,比如县朵定寺寺管会,公务员,2.0,201910488.0,县（区）级,思想政治教育类、民族学类、计算机类或藏语言文学类专业,不限,本科及以上,行政职业能力测验、申论,,False,0,False,0,2
488,6,那曲市,比如县贡萨寺寺管会,公务员,2.0,201910489.0,县（区）级,思想政治教育类、民族学类、计算机类或藏语言文学类专业,不限,本科及以上,行政职业能力测验、申论,,False,0,False,0,2
489,6,那曲市,比如县古龙寺寺管会,公务员,1.0,201910490.0,县（区）级,思想政治教育类、民族学类、计算机类或藏语言文学类专业,不限,本科及以上,行政职业能力测验、申论,,False,0,False,0,1
490,6,那曲市,比如县朗地寺寺管会,公务员,1.0,201910491.0,县（区）级,思想政治教育类、民族学类、计算机类或藏语言文学类专业,不限,本科及以上,行政职业能力测验、申论,,False,0,False,0,1
491,6,那曲市,比如县恰如寺寺管会,公务员,3.0,201910492.0,县（区）级,思想政治教育类、民族学类、计算机类或藏语言文学类专业,不限,本科及以上,行政职业能力测验、申论,,False,0,False,0,3
492,6,那曲市,比如县强达尼寺寺管会,公务员,2.0,201910493.0,县（区）级,思想政治教育类、民族学类、计算机类或藏语言文学类专业,不限,本科及以上,行政职业能力测验、申论,,False,0,False,0,2
493,6,那曲市,比如县强龙卡寺寺管会,公务员,1.0,201910494.0,县（区）级,思想政治教育类、民族学类、计算机类或藏语言文学类专业,不限,本科及以上,行政职业能力测验、申论,,False,0,False,0,1
494,6,那曲市,比如县热登寺寺管会,公务员,3.0,201910495.0,县（区）级,思想政治教育类、民族学类、计算机类或藏语言文学类专业,不限,本科及以上,行政职业能力测验、申论,,False,0,False,0,3
495,6,那曲市,比如县热钦寺寺管会,公务员,2.0,201910496.0,县（区）级,思想政治教育类、民族学类、计算机类或藏语言文学类专业,不限,本科及以上,行政职业能力测验、申论,,False,0,False,0,2
496,6,那曲市,比如县桑达寺寺管会,公务员,2.0,201910497.0,县（区）级,思想政治教育类、民族学类、计算机类或藏语言文学类专业,不限,本科及以上,行政职业能力测验、申论,,False,0,False,0,2
497,6,那曲市,比如县色扎寺寺管会,公务员,1.0,201910498.0,县（区）级,思想政治教育类、民族学类、计算机类或藏语言文学类专业,不限,本科及以上,行政职业能力测验、申论,,False,0,False,0,1
498,6,那曲市,比如县夏曲镇片区寺管会,公务员,3.0,201910499.0,县（区）级,思想政治教育类、民族学类、计算机类或藏语言文学类专业,不限,本科及以上,行政职业能力测验、申论,,False,0,False,0,3
499,6,那曲市,比如县香曲乡片区寺管会,公务员,2.0,201910500.0,县（区）级,思想政治教育类、民族学类、计算机类或藏语言文学类专业,不限,本科及以上,行政职业能力测验、申论,,False,0,False,0,2
500,6,那曲市,比如县秀东寺寺管会,公务员,2.0,201910501.0,县（区）级,思想政治教育类、民族学类、计算机类或藏语言文学类专业,不限,本科及以上,行政职业能力测验、申论,,False,0,False,0,2
501,6,那曲市,比如县亚扎寺寺管会,公务员,1.0,201910502.0,县（区）级,思想政治教育类、民族学类、计算机类或藏语言文学类专业,不限,本科及以上,行政职业能力测验、申论,,False,0,False,0,1
502,6,那曲市,比如县扎拉乡片区寺管会,公务员,2.0,201910503.0,县（区）级,思想政治教育类、民族学类、计算机类或藏语言文学类专业,不限,本科及以上,行政职业能力测验、申论,,False,0,False,0,2
503,6,那曲市,比如县仲那寺寺管会,公务员,1.0,201910504.0,县（区）级,思想政治教育类、民族学类、计算机类或藏语言文学类专业,不限,本科及以上,行政职业能力测验、申论,,False,0,False,0,1
504,6,那曲市,比如县珠德寺寺管会,公务员,1.0,201910505.0,县（区）级,思想政治教育类、民族学类、计算机类或藏语言文学类专业,不限,本科及以上,行政职业能力测验、申论,,False,0,False,0,1
505,6,那曲市,嘉黎县教体局,公务员,1.0,201910506.0,县（区）级,财会类专业,不限,本科及以上,行政职业能力测验、申论,,False,0,False,0,1
506,6,那曲市,嘉黎县委组织部,公务员,1.0,201910507.0,县（区）级,管理类专业,不限,本科及以上,行政职业能力测验、申论,,False,0,False,0,1
507,6,那曲市,尼玛县委宣传部,公务员,1.0,201910508.0,县（区）级,专业不限,不限,本科及以上,行政职业能力测验、申论,,False,0,False,0,1
508,6,那曲市,尼玛县玉崩寺寺管会,公务员,1.0,201910509.0,县（区）级,专业不限,不限,大专及以上,行政职业能力测验、申论,,False,0,False,0,1
509,6,那曲市,聂荣县委宣传部,公务员,1.0,201910510.0,县（区）级,新闻类或计算机类专业,不限,本科及以上,行政职业能力测验、申论,,False,0,False,0,1
510,6,那曲市,色尼区巴荣寺管委会,公务员,3.0,201910511.0,县（区）级,专业不限,不限,大专及以上,行政职业能力测验、申论,,False,0,False,0,3
511,6,那曲市,色尼区达那寺管委会,公务员,2.0,201910512.0,县（区）级,专业不限,不限,大专及以上,行政职业能力测验、申论,,False,0,False,0,2
512,6,那曲市,色尼区达仁寺管委会,公务员,3.0,201910513.0,县（区）级,专业不限,不限,大专及以上,行政职业能力测验、申论,,False,0,False,0,3
513,6,那曲市,色尼区嘎登寺管委会,公务员,2.0,201910514.0,县（区）级,专业不限,不限,大专及以上,行政职业能力测验、申论,,False,0,False,0,2
514,6,那曲市,色尼区纪检委,公务员,1.0,201910515.0,县（区）级,专业不限,不限,本科及以上,行政职业能力测验、申论,,False,0,False,0,1
515,6,那曲市,色尼区那聂寺管委会,公务员,3.0,201910516.0,县（区）级,专业不限,不限,大专及以上,行政职业能力测验、申论,,False,0,False,0,3
516,6,那曲市,色尼区欧托寺管委会,公务员,1.0,201910517.0,县（区）级,专业不限,不限,大专及以上,行政职业能力测验、申论,,False,0,False,0,1
517,6,那曲市,色尼区统计局,公务员,1.0,201910518.0,县（区）级,统计学或经济学专业,不限,本科及以上,行政职业能力测验、申论,,False,0,False,0,1
518,6,那曲市,色尼区土桑寺管委会,公务员,2.0,201910519.0,县（区）级,专业不限,不限,大专及以上,行政职业能力测验、申论,,False,0,False,0,2
519,6,那曲市,色尼区委巡察办巡察一组,公务员,1.0,201910520.0,县（区）级,专业不限,不限,本科及以上,行政职业能力测验、申论,,False,0,False,0,1
520,6,那曲市,色尼区夏荣布寺管委会,公务员,2.0,201910521.0,县（区）级,专业不限,不限,大专及以上,行政职业能力测验、申论,,False,0,False,0,2
521,6,那曲市,色尼区仲俄寺管委会,公务员,2.0,201910522.0,县（区）级,专业不限,不限,大专及以上,行政职业能力测验、申论,,False,0,False,0,2
522,6,那曲市,双湖县扶贫办,公务员,1.0,201910523.0,县（区）级,专业不限,不限,本科及以上,行政职业能力测验、申论,,False,0,False,0,1
523,6,那曲市,索县东宗寺管委会,公务员,1.0,201910524.0,县（区）级,民族学类、文秘类或财务会计类专业,不限,本科及以上,行政职业能力测验、申论,,False,0,False,0,1
524,6,那曲市,索县嘎俄寺管委会,公务员,2.0,201910525.0,县（区）级,民族学类、文秘类或财务会计类专业,不限,本科及以上,行政职业能力测验、申论,,False,0,False,0,2
525,6,那曲市,索县嘎木乡片区寺管会,公务员,1.0,201910526.0,县（区）级,民族学类、文秘类或财务会计类专业,不限,本科及以上,行政职业能力测验、申论,,False,0,False,0,1
526,6,那曲市,索县贡欧寺管委会,公务员,2.0,201910527.0,县（区）级,民族学类、文秘类或财务会计类专业,不限,本科及以上,行政职业能力测验、申论,,False,0,False,0,2
527,6,那曲市,索县江达寺管委会,公务员,1.0,201910528.0,县（区）级,民族学类、文秘类或财务会计类专业,不限,本科及以上,行政职业能力测验、申论,,False,0,False,0,1
528,6,那曲市,索县尼玛林寺管委会,公务员,1.0,201910529.0,县（区）级,民族学类、文秘类或财务会计类专业,不限,本科及以上,行政职业能力测验、申论,,False,0,False,0,1
529,6,那曲市,索县琼科寺管委会,公务员,1.0,201910530.0,县（区）级,民族学类、文秘类或财务会计类专业,不限,本科及以上,行政职业能力测验、申论,,False,0,False,0,1
530,6,那曲市,索县热瓦乡片区寺管会,公务员,1.0,201910531.0,县（区）级,民族学类、文秘类或财务会计类专业,不限,本科及以上,行政职业能力测验、申论,,False,0,False,0,1
531,6,那曲市,索县荣布热登寺管委会,公务员,3.0,201910532.0,县（区）级,民族学类、文秘类或财务会计类专业,不限,本科及以上,行政职业能力测验、申论,,False,0,False,0,3
532,6,那曲市,索县若达乡索曲色片区寺管会,公务员,1.0,201910533.0,县（区）级,民族学类、文秘类或财务会计类专业,不限,本科及以上,行政职业能力测验、申论,,False,0,False,0,1
533,6,那曲市,索县审计局,公务员,1.0,201910534.0,县（区）级,审计专业,不限,本科及以上,行政职业能力测验、申论,,False,0,False,0,1
534,6,那曲市,索县县委宣传部,公务员,1.0,201910535.0,县（区）级,文秘类或新闻专业类专业,不限,本科及以上,行政职业能力测验、申论,,False,0,False,0,1
535,6,那曲市,索县县委组织部,公务员,1.0,201910536.0,县（区）级,管理类或财务会计类专业,不限,本科及以上,行政职业能力测验、申论,,False,0,False,0,1
536,6,那曲市,索县亚拉镇片区寺管会,公务员,1.0,201910537.0,县（区）级,民族学类、文秘类或财务会计类专业,不限,本科及以上,行政职业能力测验、申论,,False,0,False,0,1
537,6,那曲市,索县赞丹寺管委会,公务员,2.0,201910538.0,县（区）级,民族学类、文秘类或财务会计类专业,不限,本科及以上,行政职业能力测验、申论,,False,0,False,0,2
538,6,那曲市,尼玛县吉瓦乡人民政府,公务员,2.0,201910539.0,乡（镇）级,专业不限,不限,大专及以上,行政职业能力测验、申论,,False,0,False,0,2
769,7,阿里地区,地区安全生产监督管理局安全生产执法监察支队,参公,1.0,201910770.0,地（市）级,非煤矿山、危化或法律专业,不限,本科及以上,行政职业能力测验、申论,,False,0,False,0,1
770,7,阿里地区,地区行政公署办公室,公务员,1.0,201910771.0,地（市）级,会计专业,不限,本科及以上,行政职业能力测验、申论,,False,0,False,0,1
771,7,阿里地区,地区交通运输局,公务员,1.0,201910772.0,地（市）级,会计专业,不限,本科及以上,行政职业能力测验、申论,,False,0,False,0,1
772,7,阿里地区,地区交通综合执法局,参公,2.0,201910773.0,地（市）级,会计专业,不限,本科及以上,行政职业能力测验、申论,,False,0,False,0,2
773,7,阿里地区,地区民族宗教事务局,公务员,1.0,201910774.0,地（市）级,民族学相关专业,不限,本科及以上,行政职业能力测验、申论,,False,0,False,0,1
774,7,阿里地区,地区审计局,公务员,1.0,201910775.0,地（市）级,文秘专业,不限,本科及以上,行政职业能力测验、申论,,False,0,False,0,1
775,7,阿里地区,地区审计局,公务员,1.0,201910776.0,地（市）级,会计或审计专业,不限,本科及以上,行政职业能力测验、申论,,False,0,False,0,1
776,7,阿里地区,地区住房和城乡建设局建设重点项目管理中心,参公,1.0,201910777.0,地（市）级,项目管理专业,不限,本科及以上,行政职业能力测验、申论,,False,0,False,0,1
777,7,阿里地区,地区住房和城乡建设局住房资金管理中心,参公,1.0,201910778.0,地（市）级,财会专业,不限,大专及以上,行政职业能力测验、申论,,False,0,False,0,1
778,7,阿里地区,地委政法委,公务员,1.0,201910779.0,地（市）级,文秘专业,不限,本科及以上,行政职业能力测验、申论,,False,0,False,0,1
779,7,阿里地区,地委政法委,公务员,1.0,201910780.0,地（市）级,法学专业,不限,本科及以上,行政职业能力测验、申论,,False,0,False,0,1
780,7,阿里地区,措勤县民族宗教事务局,公务员,1.0,201910781.0,县（区）级,民族学相关专业,不限,本科及以上,行政职业能力测验、申论,,False,0,False,0,1
781,7,阿里地区,措勤县民族宗教事务局,公务员,1.0,201910782.0,县（区）级,文秘专业,不限,本科及以上,行政职业能力测验、申论,,False,0,False,0,1
782,7,阿里地区,措勤县人社局医疗保险管理中心,参公,1.0,201910783.0,县（区）级,计算机专业,不限,本科及以上,行政职业能力测验、申论,,False,0,False,0,1
783,7,阿里地区,措勤县人社局医疗保险管理中心,参公,1.0,201910784.0,县（区）级,文秘专业,不限,本科及以上,行政职业能力测验、申论,,False,0,False,0,1
784,7,阿里地区,措勤县人社局新型农村社会养老保险管理中心,参公,1.0,201910785.0,县（区）级,计算机专业,不限,本科及以上,行政职业能力测验、申论,,False,0,False,0,1
785,7,阿里地区,措勤县人社局新型农村社会养老保险管理中心,参公,1.0,201910786.0,县（区）级,文秘专业,不限,本科及以上,行政职业能力测验、申论,,False,0,False,0,1
786,7,阿里地区,措勤县委统战部,公务员,1.0,201910787.0,县（区）级,文秘专业,不限,本科及以上,行政职业能力测验、申论,,False,0,False,0,1
787,7,阿里地区,措勤县委宣传部,公务员,1.0,201910788.0,县（区）级,新闻传媒专业,不限,本科及以上,行政职业能力测验、申论,,False,0,False,0,1
788,7,阿里地区,噶尔县财政局会计核算中心,参公,4.0,201910789.0,县（区）级,财会专业,不限,本科及以上,行政职业能力测验、申论,,False,0,False,0,4
789,7,阿里地区,噶尔县扶贫开发办公室,参公,2.0,201910790.0,县（区）级,农牧专业,不限,本科及以上,行政职业能力测验、申论,,False,0,False,0,2
790,7,阿里地区,噶尔县建设工程质量监督站,参公,2.0,201910791.0,县（区）级,机械、热能或管理工程类专业,不限,本科及以上,行政职业能力测验、申论,,False,0,False,0,2
791,7,阿里地区,噶尔县教体局,公务员,1.0,201910792.0,县（区）级,专业不限,不限,本科及以上,行政职业能力测验、申论,,False,0,False,0,1
792,7,阿里地区,噶尔县委办公室,公务员,2.0,201910793.0,县（区）级,文秘专业,不限,本科及以上,行政职业能力测验、申论,,False,0,False,0,2
793,7,阿里地区,噶尔县委党校,参公,1.0,201910794.0,县（区）级,文秘专业,不限,本科及以上,行政职业能力测验、申论,,False,0,False,0,1
794,7,阿里地区,噶尔县委宣传部,公务员,1.0,201910795.0,县（区）级,文秘专业,不限,本科及以上,行政职业能力测验、申论,,False,0,False,0,1
795,7,阿里地区,噶尔县委宣传部,公务员,1.0,201910796.0,县（区）级,新闻传媒专业,不限,本科及以上,行政职业能力测验、申论,,False,0,False,0,1
796,7,阿里地区,改则县财政局会计核算中心,参公,3.0,201910797.0,县（区）级,财会专业,不限,本科及以上,行政职业能力测验、申论,,False,0,False,0,3
797,7,阿里地区,改则县藏语委（编译局）,参公,1.0,201910798.0,县（区）级,翻译专业,不限,本科及以上,行政职业能力测验、申论,,False,0,False,0,1
798,7,阿里地区,改则县城市管理监察大队,参公,1.0,201910799.0,县（区）级,文秘专业,不限,本科及以上,行政职业能力测验、申论,,False,0,False,0,1
799,7,阿里地区,改则县洞措罗布拉康管委会,公务员,1.0,201910800.0,县（区）级,文秘专业,不限,本科及以上,行政职业能力测验、申论,,False,0,False,0,1
800,7,阿里地区,改则县扶贫办,参公,2.0,201910801.0,县（区）级,财会专业,不限,本科及以上,行政职业能力测验、申论,,False,0,False,0,2
801,7,阿里地区,改则县建设工程质量监督站,参公,1.0,201910802.0,县（区）级,建设工程专业,不限,本科及以上,行政职业能力测验、申论,,False,0,False,0,1
802,7,阿里地区,改则县人社局劳动就业服务管理局,参公,1.0,201910803.0,县（区）级,文秘专业,不限,本科及以上,行政职业能力测验、申论,,False,0,False,0,1
803,7,阿里地区,改则县审计局,公务员,1.0,201910804.0,县（区）级,财会专业,不限,本科及以上,行政职业能力测验、申论,,False,0,False,0,1
804,7,阿里地区,改则县团委,参公,2.0,201910805.0,县（区）级,文秘专业,不限,本科及以上,行政职业能力测验、申论,,False,0,False,0,2
805,7,阿里地区,改则县委档案局,参公,3.0,201910806.0,县（区）级,档案学相关专业,不限,本科及以上,行政职业能力测验、申论,,False,0,False,0,3
806,7,阿里地区,改则县委党史征集办公室,参公,2.0,201910807.0,县（区）级,文秘专业,不限,本科及以上,行政职业能力测验、申论,,False,0,False,0,2
807,7,阿里地区,改则县委党校,参公,1.0,201910808.0,县（区）级,翻译专业,不限,本科及以上,行政职业能力测验、申论,,False,0,False,0,1
808,7,阿里地区,改则县委教育局,公务员,1.0,201910809.0,县（区）级,法学专业,不限,本科及以上,行政职业能力测验、申论,,False,0,False,0,1
809,7,阿里地区,改则县委宣传部,公务员,1.0,201910810.0,县（区）级,财会专业,不限,本科及以上,行政职业能力测验、申论,,False,0,False,0,1
810,7,阿里地区,改则县委宣传部文化市场综合执法大队,参公,2.0,201910811.0,县（区）级,文秘专业,不限,本科及以上,行政职业能力测验、申论,,False,0,False,0,2
811,7,阿里地区,改则县委政法委,公务员,1.0,201910812.0,县（区）级,文秘专业,不限,本科及以上,行政职业能力测验、申论,,False,0,False,0,1
812,7,阿里地区,改则县宗教工作领导小组办公室,公务员,4.0,201910813.0,县（区）级,文秘专业,不限,本科及以上,行政职业能力测验、申论,,False,0,False,0,4
813,7,阿里地区,革吉县财政局会计核算中心,参公,1.0,201910814.0,县（区）级,财会专业,不限,本科及以上,行政职业能力测验、申论,,False,0,False,0,1
814,7,阿里地区,革吉县城市管理监察大队,参公,1.0,201910815.0,县（区）级,专业不限,不限,本科及以上,行政职业能力测验、申论,,False,0,False,0,1
815,7,阿里地区,革吉县档案局,参公,1.0,201910816.0,县（区）级,专业不限,不限,本科及以上,行政职业能力测验、申论,,False,0,False,0,1
816,7,阿里地区,革吉县扶贫办,参公,1.0,201910817.0,县（区）级,专业不限,不限,本科及以上,行政职业能力测验、申论,,False,0,False,0,1
817,7,阿里地区,革吉县纪检委,公务员,1.0,201910818.0,县（区）级,专业不限,不限,本科及以上,行政职业能力测验、申论,,False,0,False,0,1
818,7,阿里地区,革吉县建设工程质量监督站,参公,1.0,201910819.0,县（区）级,专业不限,不限,本科及以上,行政职业能力测验、申论,,False,0,False,0,1
819,7,阿里地区,革吉县民族宗教事务局,公务员,2.0,201910820.0,县（区）级,专业不限,不限,本科及以上,行政职业能力测验、申论,,False,0,False,0,2
820,7,阿里地区,革吉县委党史征集办公室,参公,1.0,201910821.0,县（区）级,专业不限,不限,本科及以上,行政职业能力测验、申论,,False,0,False,0,1
821,7,阿里地区,革吉县委宣传部,公务员,1.0,201910822.0,县（区）级,专业不限,不限,本科及以上,行政职业能力测验、申论,,False,0,False,0,1
822,7,阿里地区,革吉县宣传部文化市场综合执法大队,参公,1.0,201910823.0,县（区）级,专业不限,不限,本科及以上,行政职业能力测验、申论,,False,0,False,0,1
823,7,阿里地区,革吉县宗教工作领导小组办公室,公务员,2.0,201910824.0,县（区）级,专业不限,不限,本科及以上,行政职业能力测验、申论,,False,0,False,0,2
824,7,阿里地区,普兰县财政局会计核算中心,参公,1.0,201910825.0,县（区）级,文秘或财会专业,不限,大专及以上,行政职业能力测验、申论,,False,0,False,0,1
825,7,阿里地区,普兰县城市管理监察大队,参公,1.0,201910826.0,县（区）级,专业不限,不限,本科及以上,行政职业能力测验、申论,,False,0,False,0,1
826,7,阿里地区,普兰县档案局,参公,1.0,201910827.0,县（区）级,汉语言文学类专业,不限,本科及以上,行政职业能力测验、申论,,False,0,False,0,1
827,7,阿里地区,普兰县党史征集办办公室,参公,1.0,201910828.0,县（区）级,文史类专业,不限,本科及以上,行政职业能力测验、申论,,False,0,False,0,1
828,7,阿里地区,普兰县扶贫办,参公,1.0,201910829.0,县（区）级,文秘专业,不限,大专及以上,行政职业能力测验、申论,,False,0,False,0,1
829,7,阿里地区,普兰县扶贫办,参公,1.0,201910830.0,县（区）级,会计专业,不限,大专及以上,行政职业能力测验、申论,,False,0,False,0,1
830,7,阿里地区,普兰县纪检委,公务员,1.0,201910831.0,县（区）级,文秘专业,不限,本科及以上,行政职业能力测验、申论,,False,0,False,0,1
831,7,阿里地区,普兰县民宗局,公务员,1.0,201910832.0,县（区）级,文秘专业,不限,本科及以上,行政职业能力测验、申论,,False,0,False,0,1
832,7,阿里地区,普兰县巡察组,公务员,1.0,201910833.0,县（区）级,专业不限,不限,本科及以上,行政职业能力测验、申论,,False,0,False,0,1
833,7,阿里地区,普兰县政法委,公务员,1.0,201910834.0,县（区）级,文秘专业,不限,本科及以上,行政职业能力测验、申论,,False,0,False,0,1
834,7,阿里地区,羌塘国家级野生动物自然保护区阿里地区日土管理分局,参公,1.0,201910835.0,县（区）级,行政执法或文秘专业,不限,本科及以上,行政职业能力测验、申论,,False,0,False,0,1
835,7,阿里地区,日土县财政局会计核算中心,参公,1.0,201910836.0,县（区）级,财会或审计专业,不限,本科及以上,行政职业能力测验、申论,,False,0,False,0,1
836,7,阿里地区,日土县纪律检查委员会,公务员,2.0,201910837.0,县（区）级,法学或财会专业,不限,本科及以上,行政职业能力测验、申论,,False,0,False,0,2
837,7,阿里地区,日土县司法局,公务员,1.0,201910838.0,县（区）级,文秘或法律专业,不限,本科及以上,行政职业能力测验、申论,,False,0,False,0,1
838,7,阿里地区,札达县住建局重点建设工程项目管理中心,参公,1.0,201910839.0,县（区）级,土木工程专业,不限,本科及以上,行政职业能力测验、申论,,False,0,False,0,1
839,7,阿里地区,噶尔县昆莎乡司法所,公务员,1.0,201910840.0,乡（镇）级,法学专业,不限,本科及以上,行政职业能力测验、申论,,False,0,False,0,1
840,7,阿里地区,噶尔县门士乡人民政府,公务员,5.0,201910841.0,乡（镇）级,文秘或财会专业,不限,本科及以上,行政职业能力测验、申论,,False,0,False,0,5
841,7,阿里地区,噶尔县左左乡人民政府,公务员,4.0,201910842.0,乡（镇）级,文秘或财会专业,不限,本科及以上,行政职业能力测验、申论,,False,0,False,0,4
842,7,阿里地区,改则县古姆乡人民政府,公务员,3.0,201910843.0,乡（镇）级,财会专业,不限,大专及以上,行政职业能力测验、申论,,False,0,False,0,3
843,7,阿里地区,改则县古姆乡司法所,公务员,1.0,201910844.0,乡（镇）级,法学专业,不限,大专及以上,行政职业能力测验、申论,,False,0,False,0,1
844,7,阿里地区,改则县麻米乡司法所,公务员,1.0,201910845.0,乡（镇）级,法学专业,不限,大专及以上,行政职业能力测验、申论,,False,0,False,0,1
845,7,阿里地区,改则县物玛乡司法所,公务员,1.0,201910846.0,乡（镇）级,法学专业,不限,大专及以上,行政职业能力测验、申论,,False,0,False,0,1
846,7,阿里地区,日土县东汝乡司法所,公务员,1.0,201910847.0,乡（镇）级,法律专业,不限,本科及以上,行政职业能力测验、申论,,False,0,False,0,1
847,7,阿里地区,日土县多玛乡司法所,公务员,1.0,201910848.0,乡（镇）级,法律专业,不限,本科及以上,行政职业能力测验、申论,,False,0,False,0,1
848,7,阿里地区,日土县热帮乡司法所,公务员,1.0,201910849.0,乡（镇）级,法律专业,不限,本科及以上,行政职业能力测验、申论,,False,0,False,0,1
981,8,检察系统,阿里地区日土县检察院,公务员,1.0,201910982.0,县（区）级,法学专业,不限,本科及以上,行政职业能力测验、申论,须获得国家统一法律职业资格C证及以上证书,False,0,False,0,1
982,8,检察系统,昌都市芒康县检察院,公务员,1.0,201910983.0,县（区）级,法学专业,不限,本科及以上,行政职业能力测验、申论,须获得国家统一法律职业资格C证及以上证书,False,0,False,0,1
983,8,检察系统,昌都市芒康县检察院,公务员,1.0,201910984.0,县（区）级,文秘专业,不限,本科及以上,行政职业能力测验、申论,,False,0,False,0,1
984,8,检察系统,昌都市芒康县检察院,公务员,1.0,201910985.0,县（区）级,财会专业,不限,本科及以上,行政职业能力测验、申论,,False,0,False,0,1
985,8,检察系统,拉萨市当雄县检察院,公务员,2.0,201910986.0,县（区）级,法学专业,不限,本科及以上,行政职业能力测验、申论,须获得国家统一法律职业资格C证及以上证书,False,0,False,0,2
986,8,检察系统,拉萨市墨竹工卡县检察院,公务员,1.0,201910987.0,县（区）级,法学专业,不限,本科及以上,行政职业能力测验、申论,须获得国家统一法律职业资格C证及以上证书,False,0,False,0,1
987,8,检察系统,拉萨市墨竹工卡县检察院,公务员,1.0,201910988.0,县（区）级,计算机专业,不限,本科及以上,行政职业能力测验、申论,,False,0,False,0,1
988,8,检察系统,拉萨市尼木县检察院,公务员,1.0,201910989.0,县（区）级,财会专业,不限,本科及以上,行政职业能力测验、申论,,False,0,False,0,1
989,8,检察系统,拉萨市曲水县检察院,公务员,1.0,201910990.0,县（区）级,法学专业,不限,本科及以上,行政职业能力测验、申论,须获得国家统一法律职业资格C证及以上证书,False,0,False,0,1
990,8,检察系统,拉萨市曲水县检察院,公务员,1.0,201910991.0,县（区）级,文秘专业,不限,本科及以上,行政职业能力测验、申论,,False,0,False,0,1
991,8,检察系统,日喀则市昂仁县检察院,公务员,1.0,201910992.0,县（区）级,专业不限,不限,本科及以上,行政职业能力测验、申论,,False,0,False,0,1
992,8,检察系统,日喀则市定结县检察院,公务员,1.0,201910993.0,县（区）级,法学专业,不限,本科及以上,行政职业能力测验、申论,须获得国家统一法律职业资格C证及以上证书,False,0,False,0,1
993,8,检察系统,日喀则市定结县检察院,公务员,1.0,201910994.0,县（区）级,文秘专业,不限,本科及以上,行政职业能力测验、申论,,False,0,False,0,1
994,8,检察系统,日喀则市吉隆县检察院,公务员,1.0,201910995.0,县（区）级,计算机专业,不限,本科及以上,行政职业能力测验、申论,,False,0,False,0,1
995,8,检察系统,日喀则市吉隆县检察院,公务员,1.0,201910996.0,县（区）级,藏语言专业,不限,本科及以上,行政职业能力测验、申论,,False,0,False,0,1
996,8,检察系统,日喀则市亚东县检察院,公务员,1.0,201910997.0,县（区）级,财会专业,不限,本科及以上,行政职业能力测验、申论,,False,0,False,0,1
997,8,检察系统,日喀则市亚东县检察院,公务员,1.0,201910998.0,县（区）级,计算机专业,不限,本科及以上,行政职业能力测验、申论,,False,0,False,0,1
998,9,司法系统,波密监狱,狱警,2.0,201910999.0,自治区级,网络工程专业,不限,本科及以上,行政职业能力测验、申论,,False,0,False,0,2
999,9,司法系统,拉萨监狱,狱警,2.0,201911000.0,自治区级,法学（社区矫正方向）专业,不限,本科及以上,行政职业能力测验、申论,,False,0,False,0,2
1000,9,司法系统,拉萨监狱,狱警,2.0,201911001.0,自治区级,临床医学专业,不限,本科及以上,行政职业能力测验、申论,,False,0,False,0,2
1001,9,司法系统,曲水监狱,狱警,2.0,201911002.0,自治区级,临床医学专业,男,本科及以上,行政职业能力测验、申论,,False,0,True,2,2
1002,9,司法系统,曲水监狱,狱警,1.0,201911003.0,自治区级,汉语言文学专业,男,本科及以上,行政职业能力测验、申论,,False,0,True,1,1
1003,9,司法系统,西藏病犯监狱（司法警官医院）,狱警,1.0,201911004.0,自治区级,麻醉学专业,不限,本科及以上,行政职业能力测验、申论,,False,0,False,0,1
1004,9,司法系统,西藏病犯监狱（司法警官医院）,狱警,1.0,201911005.0,自治区级,医学影像学专业,不限,本科及以上,行政职业能力测验、申论,,False,0,False,0,1
1005,9,司法系统,西藏未成年犯管教所,狱警,1.0,201911006.0,自治区级,临床医学专业,不限,本科及以上,行政职业能力测验、申论,,False,0,False,0,1
1006,9,司法系统,自治区监狱,狱警,1.0,201911007.0,自治区级,医学检验技术专业,不限,本科及以上,行政职业能力测验、申论,,False,0,False,0,1
1007,9,司法系统,自治区监狱,狱警,2.0,201911008.0,自治区级,法学（社区矫正方向）专业,不限,本科及以上,行政职业能力测验、申论,,False,0,False,0,2
