,序号,招考地市,招考部门,招考职位,职位性质,招考人数,职位代码,招考职位类别,专业要求,性别要求,学历要求,是否仅限应届毕业生报考,职位简介,备注,gsr_f,gsr_f_no,gsr_m,gsr_m_no,job_no
0,1,"拉萨市
",市纪委监委,审查调查室,公务员,1,20201001.0,地市级,法学或审计,不限,本科及以上,是,,,False,0,False,0,1
1,2,,市委网信办,数据资源管理科,公务员,1,20201002.0,地市级,网络工程,不限,本科及以上,是,,,False,0,False,0,1
2,3,,市委党校,教务科,参公,1,20201003.0,地市级,教育学,不限,本科及以上,是,,,False,0,False,0,1
3,4,,,政工科,参公,1,20201004.0,地市级,汉语言文学,不限,本科及以上,是,,,False,0,False,0,1
4,5,,市教育局,办公室,公务员,1,20201005.0,地市级,汉语言文学,不限,本科及以上,是,,,False,0,False,0,1
5,6,,市财政局,财政投资评审中心,参公,1,20201006.0,地市级,财政学,不限,本科及以上,是,,,False,0,False,0,1
6,7,,,会计核算中心,参公,2,20201007.0,地市级,会计学,不限,本科及以上,是,,,False,0,False,0,2
7,8,,市自然资源局,市土地储备中心,参公,1,20201008.0,地市级,土地资源管理,不限,本科及以上,是,,,False,0,False,0,1
8,9,,市住建局,房产管理局,参公,1,20201009.0,地市级,建筑学或土木工程,不限,本科及以上,是,,,False,0,False,0,1
9,10,,,招投标管理办公室,参公,1,20201010.0,地市级,工程管理,不限,本科及以上,是,,,False,0,False,0,1
10,11,,,住房资金管理中心,参公,1,20201011.0,地市级,计算机类,不限,本科及以上,是,,,False,0,False,0,1
11,12,,市农业农村局,市农畜产品质量安全检测中心,参公,1,20201012.0,地市级,食品质量与安全,不限,本科及以上,是,,,False,0,False,0,1
12,13,,市卫健委,医疗体制改革办公室,公务员,1,20201013.0,地市级,临床医学,不限,本科及以上,是,,,False,0,False,0,1
13,14,,市红十字会,综合办公室,公务员,1,20201014.0,地市级,临床医学,不限,本科及以上,是,,,False,0,False,0,1
14,15,,市应急管理局,应急指挥中心,公务员,1,20201015.0,地市级,计算机科学与技术,不限,本科及以上,是,,,False,0,False,0,1
15,16,,市医保局,医保中心,参公,1,20201016.0,地市级,临床医学,不限,硕士研究生及以上,是,,,False,0,False,0,1
16,17,,市八廓古城管委会,办公室,公务员,1,20201017.0,地市级,汉语言文学,不限,本科及以上,是,,,False,0,False,0,1
17,18,,,市政市容规划管理局,公务员,1,20201018.0,地市级,给排水科学与工程,不限,本科及以上,是,,,False,0,False,0,1
18,19,,市布宫广场管理处,办公室,参公,1,20201019.0,地市级,汉语言文学,不限,本科及以上,是,,,False,0,False,0,1
19,20,,,,参公,1,20201020.0,地市级,会计学,不限,本科及以上,是,,,False,0,False,0,1
20,21,,城关区,区巡察组,公务员,1,20201021.0,县区级,会计学,不限,本科及以上,是,,,False,0,False,0,1
21,22,,,区教育局,公务员,1,20201022.0,县区级,教育学,不限,本科及以上,是,,,False,0,False,0,1
22,23,,堆龙德庆区,马镇人民政府司法所,公务员,1,20201023.0,乡镇级,法学,不限,本科及以上,是,,,False,0,False,0,1
23,24,,达孜区,区藏语委办,参公,1,20201024.0,县区级,藏语言文学,不限,本科及以上,是,,,False,0,False,0,1
24,25,,曲水县,县扶贫开发办公室,公务员,1,20201025.0,县区级,统计学,不限,本科及以上,是,,,False,0,False,0,1
25,26,,墨竹工卡县,县文化和旅游局,公务员,1,20201026.0,县区级,旅游管理类,不限,本科及以上,是,,,False,0,False,0,1
26,27,,,县检察院,公务员,1,20201027.0,县区级,藏语言文学（藏汉翻译方向）,不限,本科及以上,是,,,False,0,False,0,1
27,28,,,日多乡党群综合办公室,公务员,1,20201028.0,乡镇级,汉语言文学,不限,本科及以上,是,,,False,0,False,0,1
28,29,,,扎雪乡政务综合办公室,公务员,1,20201029.0,乡镇级,藏语言文学（藏汉翻译方向）,不限,本科及以上,是,,,False,0,False,0,1
29,30,,林周县,阿朗乡人民政府,公务员,1,20201030.0,乡镇级,马克思主义哲学,不限,本科及以上,是,,,False,0,False,0,1
30,31,,,旁多乡人民政府,公务员,1,20201031.0,乡镇级,法学,不限,本科及以上,是,,,False,0,False,0,1
31,32,,,,公务员,1,20201032.0,乡镇级,经济学类,不限,本科及以上,是,,,False,0,False,0,1
32,33,,,唐古乡人民政府,公务员,1,20201033.0,乡镇级,藏语言文学（藏汉翻译方向）,不限,本科及以上,是,,,False,0,False,0,1
33,34,,,,公务员,1,20201034.0,乡镇级,计算机类,不限,本科及以上,是,,,False,0,False,0,1
34,35,,尼木县,县退役军人事务局,公务员,1,20201035.0,县区级,汉语言文学,不限,本科及以上,是,,,False,0,False,0,1
35,36,,,县医疗保障局,公务员,1,20201036.0,县区级,会计学,不限,本科及以上,是,,,False,0,False,0,1
36,37,,,县人民法院续迈乡派出法庭,公务员,1,20201037.0,县区级,侦查学,不限,本科及以上,是,,,False,0,False,0,1
37,38,,,县检察院,公务员,1,20201038.0,县区级,法学,不限,本科及以上,是,,具有法律职业资格证书（C级及以上）,False,0,False,0,1
38,39,,,帕古乡人民政府,公务员,1,20201039.0,乡镇级,经济学类,不限,本科及以上,是,,,False,0,False,0,1
39,40,,当雄县,羊八井镇派出人民法庭,公务员,1,20201040.0,乡镇级,法学,不限,本科及以上,是,,,False,0,False,0,1
40,41,日喀则市,定日县,曲洛人民法庭,公务员,1,20201041.0,乡镇级,法学,不限,本科及以上,是,,,False,0,False,0,1
41,42,,,绒辖乡,公务员,2,20201042.0,乡镇级,财会、文秘、水利,不限,本科及以上,是,,,False,0,False,0,2
42,43,,,盆吉乡,公务员,1,20201043.0,乡镇级,法学,不限,本科及以上,是,,,False,0,False,0,1
43,44,,谢通门县,美巴切勤乡,公务员,1,20201044.0,乡镇级,文秘、经济学,不限,本科及以上,是,,,False,0,False,0,1
44,45,,定结县,日屋镇,公务员,1,20201045.0,乡镇级,文秘、经济学,不限,大专及以上,否,,仅限服务基层项目人员报考,False,0,False,0,1
45,46,,萨嘎县,雄如人民法庭,公务员,1,20201046.0,乡镇级,文秘、经济学,不限,本科及以上,是,,,False,0,False,0,1
46,47,,仲巴县,琼果乡,公务员,2,20201047.0,乡镇级,法学专业,不限,本科及以上,是,,,False,0,False,0,2
47,48,,,布多乡,公务员,1,20201048.0,乡镇级,藏汉翻译、财会、文秘,不限,本科及以上,是,,,False,0,False,0,1
48,49,,,仁多乡,公务员,1,20201049.0,乡镇级,藏汉翻译、财会、文秘,不限,本科及以上,是,,,False,0,False,0,1
49,50,,,偏吉乡,公务员,2,20201050.0,乡镇级,藏汉翻译、财会、文秘,不限,本科及以上,是,,,False,0,False,0,2
50,51,,,霍尔巴乡,公务员,2,20201051.0,乡镇级,藏汉翻译、财会、文秘,不限,本科及以上,是,,,False,0,False,0,2
51,52,林芝市,巴宜区,区司法局法律援助中心,参公,1,20201052.0,县区级,法学类专业,不限,本科及以上,是,,,False,0,False,0,1
52,53,,,区住建局公积金管理中心,参公,1,20201053.0,县区级,专业不限,不限,本科及以上,是,,,False,0,False,0,1
53,54,,,,参公,1,20201054.0,县区级,经济学类专业,不限,本科及以上,是,,,False,0,False,0,1
54,55,,,区农业农村局草原监理站,参公,1,20201055.0,县区级,专业不限,不限,本科及以上,是,,,False,0,False,0,1
55,56,,工布江达县,县财政局会计核算中心,参公,2,20201056.0,县区级,财务会计、金融学类专业,不限,本科及以上,是,,,False,0,False,0,2
56,57,,,县文化和旅游局风景管理局,参公,1,20201057.0,县区级,服务业管理类专业,不限,本科及以上,是,,,False,0,False,0,1
57,58,,,巴河镇人民政府,公务员,1,20201058.0,乡镇级,专业不限,不限,本科及以上,是,,,False,0,False,0,1
58,59,,,错高乡人民政府,公务员,1,20201059.0,乡镇级,专业不限,不限,本科及以上,是,,,False,0,False,0,1
59,60,,,加兴乡人民政府,公务员,1,20201060.0,乡镇级,专业不限,不限,本科及以上,是,,,False,0,False,0,1
60,61,,,金达镇人民政府,公务员,1,20201061.0,乡镇级,专业不限,不限,本科及以上,是,,,False,0,False,0,1
61,62,,朗县,县宣传部文化市场综合执法大队,参公,1,20201062.0,县区级,法律类专业,不限,本科及以上,是,,,False,0,False,0,1
62,63,,,县文化和旅游局旅游执法大队,参公,2,20201063.0,县区级,旅游类或历史类专业,不限,本科及以上,是,,,False,0,False,0,2
63,64,,,县林业和草原局森林效益补偿办公室,参公,2,20201064.0,县区级,林业类或财会类专业,不限,本科及以上,是,,,False,0,False,0,2
64,65,,波密县,县人民法院易贡乡通麦小集镇人民法庭,公务员,3,20201065.0,县区级,藏汉翻译、计算机、法学、财务会计类专业,不限,本科及以上,是,,,False,0,False,0,3
65,66,,,县人民法院倾多镇人民法庭,公务员,3,20201066.0,县区级,藏汉翻译、计算机、法学、财务会计类专业,不限,本科及以上,是,,,False,0,False,0,3
66,67,,,县人民法院松宗镇人民法庭,公务员,1,20201067.0,县区级,藏汉翻译、计算机、法学、财务会计类专业,不限,本科及以上,是,,,False,0,False,0,1
67,68,,,县人民法院玉许乡人民法庭,公务员,1,20201068.0,县区级,藏汉翻译、计算机、法学、财务会计类专业,不限,本科及以上,是,,,False,0,False,0,1
68,69,,,县公安局古乡派出所,公务员,1,20201069.0,县区级,公安学类专业,不限,本科及以上,是,,须符合公安机关人民警察录用标准，参加体检和体能测评、政审等。,False,0,False,0,1
69,70,,,县公安局松宗镇派出所,公务员,1,20201070.0,县区级,公安学类专业,不限,本科及以上,是,,须符合公安机关人民警察录用标准，参加体检和体能测评、政审等。,False,0,False,0,1
70,71,,,县公安局康玉乡派出所,公务员,1,20201071.0,县区级,公安学类专业,不限,本科及以上,是,,须符合公安机关人民警察录用标准，参加体检和体能测评、政审等。,False,0,False,0,1
71,72,,,县公安局八盖乡派出所,公务员,1,20201072.0,县区级,公安学类专业,不限,本科及以上,是,,须符合公安机关人民警察录用标准，参加体检和体能测评、政审等。,False,0,False,0,1
72,73,,,县司法局易贡乡司法所,公务员,1,20201073.0,县区级,法学类专业,不限,本科及以上,是,,,False,0,False,0,1
73,74,,,县林业和草原局大峡谷救护站（监测站）,参公,2,20201074.0,县区级,文秘、林学类专业,不限,本科及以上,是,,,False,0,False,0,2
74,75,,,县林业和草原局林业工作站,参公,3,20201075.0,县区级,文秘、林学类专业,不限,本科及以上,是,,,False,0,False,0,3
75,76,,,县藏语文工作委员会办公室（编译局）,参公,2,20201076.0,县区级,藏汉翻译、藏语言文学类专业,不限,本科及以上,是,,,False,0,False,0,2
76,77,,,县财政局会计核算中心,参公,2,20201077.0,县区级,财务会计、金融学、文秘类专业,不限,本科及以上,是,,,False,0,False,0,2
77,78,,,县人力资源和社会保障局劳动就业和人才流动服务中心,参公,2,20201078.0,县区级,法学类专业,不限,本科及以上,是,,,False,0,False,0,2
78,79,,,县自然资源局土地储备中心,参公,1,20201079.0,县区级,测绘类专业,不限,本科及以上,是,,,False,0,False,0,1
79,80,,,县农业农村局草原监理站,参公,1,20201080.0,县区级,农业、农学类专业,不限,本科及以上,是,,,False,0,False,0,1
80,81,,,康玉乡人民政府,公务员,3,20201081.0,乡镇级,专业不限,不限,本科及以上,是,,,False,0,False,0,3
81,82,,,八盖乡人民政府,公务员,3,20201082.0,乡镇级,专业不限,不限,本科及以上,是,,,False,0,False,0,3
82,83,,察隅县,县纪律监察委员会机关,公务员,1,20201083.0,县区级,法学、财务会计类专业,不限,本科及以上,是,,,False,0,False,0,1
83,84,,,县卫生健康委员会,公务员,1,20201084.0,县区级,财务会计类专业,不限,本科及以上,是,,,False,0,False,0,1
84,85,,,县人民法院,公务员,2,20201085.0,县区级,法学类专业,不限,本科及以上,是,,,False,0,False,0,2
85,86,,,县人民法院察瓦龙乡人民法庭,公务员,3,20201086.0,县区级,法学类专业,不限,本科及以上,是,,,False,0,False,0,3
86,87,,,县委组织部老干部活动中心,参公,1,20201087.0,县区级,财务会计类专业,不限,本科及以上,是,,,False,0,False,0,1
87,88,,,县财政局会计核算中心,参公,1,20201088.0,县区级,财务会计类专业,不限,本科及以上,是,,,False,0,False,0,1
88,89,,,县住建局城管监察大队,参公,3,20201089.0,县区级,专业不限,不限,本科及以上,是,,,False,0,False,0,3
89,90,,,县水利局水利服务站,参公,1,20201090.0,县区级,水利类专业,不限,本科及以上,是,,,False,0,False,0,1
90,91,,,县市场监督管理局食品药品稽查队,参公,2,20201091.0,县区级,公共卫生、药学类专业,不限,本科及以上,是,,,False,0,False,0,2
91,92,,,县林业和草原局草原监理站,参公,1,20201092.0,县区级,农业、农学类专业,不限,本科及以上,是,,,False,0,False,0,1
92,93,,,古拉乡人民政府,公务员,5,20201093.0,乡镇级,专业不限,不限,本科及以上,是,,,False,0,False,0,5
93,94,,,察瓦龙乡人民政府,公务员,3,20201094.0,乡镇级,专业不限,不限,本科及以上,是,,,False,0,False,0,3
94,95,,墨脱县,县人民政府驻八一办事处,参公,3,20201095.0,县区级,计算机、文秘类专业,不限,本科及以上,是,,,False,0,False,0,3
95,96,,,县藏语文工作委员会办公室,参公,2,20201096.0,县区级,藏汉翻译、藏语言文学类专业,不限,本科及以上,是,,,False,0,False,0,2
96,97,,,县公安局县城派出所,公务员,3,20201097.0,县区级,英语、公安学、财务管理、法学类专业,不限,本科及以上,是,,须符合公安机关人民警察录用标准，参加体检和体能测评、政审等。,False,0,False,0,3
97,98,,,县公安局贡日便民警务站,公务员,2,20201098.0,县区级,英语、公安学、财务管理、法学类专业,不限,本科及以上,是,,须符合公安机关人民警察录用标准，参加体检和体能测评、政审等。,False,0,False,0,2
98,99,,,县财政局会计核算中心,参公,2,20201099.0,县区级,金融学、财务会计、审计类专业,不限,本科及以上,是,,,False,0,False,0,2
99,100,,,县住房和城乡建设局城管监察大队,参公,2,20201100.0,县区级,工程管理、工程建设、工程检测类专业,不限,本科及以上,是,,,False,0,False,0,2
100,101,,,县人民法院格当乡人民法庭,公务员,1,20201101.0,县区级,法学类专业,不限,本科及以上,是,,,False,0,False,0,1
101,102,,,甘登乡人民政府党群综合办公室,公务员,1,20201102.0,乡镇级,专业不限,不限,大专及以上,否,,仅限服务基层项目人员报考,False,0,False,0,1
102,103,,,甘登乡人民政府政务综合办公室,公务员,1,20201103.0,乡镇级,专业不限,不限,本科及以上,是,,,False,0,False,0,1
103,104,,,甘登乡人民政府经济发展和社会事务办公室,公务员,2,20201104.0,乡镇级,专业不限,不限,本科及以上,是,,,False,0,False,0,2
104,105,,,甘登乡人民政府维护稳定和综合治理办公室,公务员,1,20201105.0,乡镇级,专业不限,不限,本科及以上,是,,,False,0,False,0,1
105,106,,,甘登乡人民政府财务室,公务员,2,20201106.0,乡镇级,财务会计类专业,不限,本科及以上,是,,,False,0,False,0,2
106,107,"昌都市
",市藏语文工作委员会办公室（编译局）,综合科,参公,1,20201107.0,地市级,汉语言文学专业、文秘专业,不限,本科及以上,是,,,False,0,False,0,1
107,108,,市直机关工作委员会,综合科,公务员,1,20201108.0,地市级,会计学专业,不限,本科及以上,是,,,False,0,False,0,1
108,109,,市人民政府研究室,研究一科,公务员,1,20201109.0,地市级,中国语言文学类,不限,本科及以上,是,,,False,0,False,0,1
109,110,,市人民政府办公室,市政务服务中心,参公,1,20201110.0,地市级,计算机类,不限,本科及以上,是,,,False,0,False,0,1
110,111,,,外事服务中心,参公,1,20201111.0,地市级,外国语言文学类,不限,本科及以上,是,,,False,0,False,0,1
111,112,,市住房和城乡建设局,住房公积金管理中心,参公,1,20201112.0,地市级,会计专业、财务管理专业,不限,本科及以上,是,,,False,0,False,0,1
112,113,,市宗教事务局,研究室,参公,2,20201113.0,地市级,专业不限,不限,本科及以上,是,,,False,0,False,0,2
113,114,,市发展和改革委员会,建设项目评审中心,参公,1,20201114.0,地市级,工程管理专业、工程造价专业 ,不限,本科及以上,是,,,False,0,False,0,1
114,115,,,项目协调管理中心,参公,3,20201115.0,地市级,工程管理专业,不限,本科及以上,是,,,False,0,False,0,3
115,116,,,价格监测中心,参公,1,20201116.0,地市级,文秘专业,不限,本科及以上,是,,,False,0,False,0,1
116,117,,,铁路建设协调中心,参公,1,20201117.0,地市级,建筑学专业,不限,本科及以上,是,,,False,0,False,0,1
117,118,,,对口援藏项目协调中心,参公,1,20201118.0,地市级,文秘专业、经济学专业,不限,本科及以上,是,,,False,0,False,0,1
118,119,,,救灾物资储备管理站,参公,1,20201119.0,地市级,工程管理专业,不限,本科及以上,是,,,False,0,False,0,1
119,120,,,,参公,1,20201120.0,地市级,公共管理专业,不限,本科及以上,是,,,False,0,False,0,1
120,121,,市自然资源局,经济开发区分局,公务员,1,20201121.0,地市级,土地资源管理专业,不限,本科及以上,是,,,False,0,False,0,1
121,122,,,国土空间规划科,公务员,1,20201122.0,地市级,资源环境与城乡规划管理专业,不限,本科及以上,是,,,False,0,False,0,1
122,123,,,城乡规划编审中心,参公,1,20201123.0,地市级,法学类、土地资源管理专业、城市规划专业,不限,本科及以上,是,,,False,0,False,0,1
123,124,,市扶贫开发办公室,政策法规科,公务员,1,20201124.0,地市级,中国语言文学类,不限,本科及以上,是,,,False,0,False,0,1
124,125,,,计划财务科,公务员,1,20201125.0,地市级,财政学类,不限,本科及以上,是,,,False,0,False,0,1
125,126,,市财政局,国库集中支付中心,参公,1,20201126.0,地市级,工商管理类,不限,本科及以上,是,,,False,0,False,0,1
126,127,,,,参公,2,20201127.0,地市级,汉语言文学专业,不限,本科及以上,是,,,False,0,False,0,2
127,128,,,,参公,1,20201128.0,地市级,经济学专业,不限,本科及以上,是,,,False,0,False,0,1
128,129,,市人力资源和社会保障局,社会保险管理中心,参公,1,20201129.0,地市级,计算机类,不限,本科及以上,是,,,False,0,False,0,1
129,130,,市经济和信息化局,办公室,公务员,1,20201130.0,地市级,会计学专业,不限,本科及以上,是,,具备初级会计资格证,False,0,False,0,1
130,131,,市工商业联合会,业务科,公务员,1,20201131.0,地市级,会计专业,不限,本科及以上,是,,,False,0,False,0,1
131,132,,洛隆县,新荣乡党政综合办公室,公务员,1,20201132.0,乡镇级,专业不限,不限,本科及以上,是,,,False,0,False,0,1
132,133,,左贡县,中林卡乡党政综合办公室,公务员,1,20201133.0,乡镇级,工商管理类、公共管理类、中国语言文学类,不限,本科及以上,是,,中共党员优先,False,0,False,0,1
133,134,,,中林卡乡经济发展办公室,公务员,1,20201134.0,乡镇级,经济学类、工商管理类、公共管理类,不限,本科及以上,是,,中共党员优先,False,0,False,0,1
134,135,,,中林卡乡社会事务办公室,公务员,1,20201135.0,乡镇级,工商管理类、公共管理类、社会学类,不限,本科及以上,是,,中共党员优先,False,0,False,0,1
135,136,,,下林卡乡党政综合办公室,公务员,1,20201136.0,乡镇级,工商管理类、公共管理类、中国语言文学类,不限,本科及以上,是,,中共党员优先,False,0,False,0,1
136,137,,,绕金乡经济发展办公室,公务员,1,20201137.0,乡镇级,经济学类、工商管理类、公共管理类,不限,本科及以上,是,,中共党员优先,False,0,False,0,1
137,138,,,绕金乡财政所,公务员,1,20201138.0,乡镇级,财政学类、工商管理类,不限,本科及以上,是,,中共党员优先,False,0,False,0,1
138,139,,,仁果乡维护稳定办公室,公务员,1,20201139.0,乡镇级,社会学类、法学类、政治学类,不限,本科及以上,是,,中共党员优先,False,0,False,0,1
139,140,,,仁果乡经济发展办公室,公务员,1,20201140.0,乡镇级,经济学类、工商管理类、公共管理类,不限,大专及以上,否,,仅限服务基层项目人员报考，中共党员优先,False,0,False,0,1
140,141,,贡觉县,县委宣传部,公务员,1,20201141.0,县区级,新闻学专业、广播电视学专业、广告学专业、传播学专业、汉语言文学专业,不限,本科及以上,是,,,False,0,False,0,1
141,142,,,县委党校,参公,2,20201142.0,县区级,会计学专业、财务管理专业、审计学专业、资产评估专业、财政学专业,不限,本科及以上,是,,,False,0,False,0,2
142,143,,,县教育局教育督导室,参公,1,20201143.0,县区级,会计学专业、财务管理专业、审计学专业、档案学专业、信息资源管理专业,不限,本科及以上,是,,,False,0,False,0,1
143,144,,,县民政局资源开发安置办公室,参公,1,20201144.0,县区级,会计学专业、财务管理专业、审计学专业、资产评估专业,不限,本科及以上,是,,,False,0,False,0,1
144,145,,,县林业和草原局林业管理站,参公,1,20201145.0,县区级,会计学专业、财务管理专业、审计学专业、资产评估专业,不限,本科及以上,是,,,False,0,False,0,1
145,146,,,县工商业联合会,公务员,1,20201146.0,县区级,会计学专业、财务管理专业、审计学专业、资产评估专业、投资学专业,不限,本科及以上,是,,,False,0,False,0,1
146,147,,,县残疾人联合会,公务员,1,20201147.0,县区级,财政学专业、会计学专业、财务管理专业、审计学专业、资产评估专业、劳动与社会保障专业,不限,本科及以上,是,,,False,0,False,0,1
147,148,,卡若区,县国家安全委员会办公室,公务员,1,20201148.0,县区级,法学专业,不限,本科及以上,是,,,False,0,False,0,1
148,149,,,县退役军人事务局,公务员,1,20201149.0,县区级,行政管理专业,不限,本科及以上,是,,,False,0,False,0,1
149,150,,,县医疗保障局,公务员,1,20201150.0,县区级,会计专业,不限,本科及以上,是,,,False,0,False,0,1
150,151,,,县城市管理和综合执法局,公务员,2,20201151.0,县区级,林学类,不限,本科及以上,是,,,False,0,False,0,2
151,152,,,县工商业联合会,公务员,1,20201152.0,县区级,社会工作专业,不限,本科及以上,是,,,False,0,False,0,1
152,153,,,县残疾人联合会,公务员,1,20201153.0,县区级,社会工作专业,不限,本科及以上,是,,,False,0,False,0,1
153,154,,,县人民检察院,公务员,1,20201154.0,县区级,法学专业,不限,本科及以上,是,,,False,0,False,0,1
154,155,,江达县,县玉龙矿区管委会,公务员,1,20201155.0,县区级,财政学专业,不限,本科及以上,是,,,False,0,False,0,1
155,156,,,汪布顶乡财政所,公务员,1,20201156.0,乡镇级,会计专业、统计专业,不限,本科及以上,是,,,False,0,False,0,1
156,157,,,波罗乡财政所,公务员,1,20201157.0,乡镇级,会计专业、统计专业,不限,本科及以上,是,,,False,0,False,0,1
157,158,,,娘西乡党政综合办公室,公务员,1,20201158.0,乡镇级,文秘学专业,不限,本科及以上,是,,,False,0,False,0,1
158,159,,,江达镇社会事务办公室,公务员,1,20201159.0,乡镇级,会计专业、统计专业,不限,本科及以上,是,,,False,0,False,0,1
159,160,,类乌齐县,县人民法院加桑卡乡人民法庭,公务员,3,20201160.0,县区级,法学类,不限,本科及以上,是,,,False,0,False,0,3
160,161,,,县司法局岗色乡司法所,公务员,1,20201161.0,县区级,法学类,不限,本科及以上,是,,,False,0,False,0,1
161,162,,,县司法局加桑卡乡司法所,公务员,1,20201162.0,县区级,法学类,不限,本科及以上,是,,,False,0,False,0,1
162,163,,丁青县,县委党校,参公,1,20201163.0,县区级,工商管理类,不限,本科及以上,是,,,False,0,False,0,1
163,164,,,县人民法院尺牍镇人民法庭,公务员,3,20201164.0,县区级,法学类,不限,本科及以上,是,,,False,0,False,0,3
164,165,,,尺牍镇维护稳定办公室,公务员,1,20201165.0,乡镇级,法学类,不限,本科及以上,是,,,False,0,False,0,1
165,166,,芒康县,县人民法院宗西乡人民法庭,公务员,3,20201166.0,县区级,法学类,不限,本科及以上,是,,,False,0,False,0,3
166,167,,,昂多乡党政综合办公室,公务员,1,20201167.0,乡镇级,文秘学专业,不限,本科及以上,是,,,False,0,False,0,1
167,168,,,徐中乡财务室,公务员,1,20201168.0,乡镇级,会计专业,不限,本科及以上,是,,,False,0,False,0,1
168,169,,边坝县,县工商业联合会,公务员,1,20201169.0,县区级,中国语言文学类,不限,本科及以上,是,,,False,0,False,0,1
169,170,,,县委党校,参公,3,20201170.0,县区级,思想政治教育专业,不限,本科及以上,是,,,False,0,False,0,3
170,171,,,县民政局资源开发安置办公室,参公,1,20201171.0,县区级,中国语言文学类,不限,本科及以上,是,,,False,0,False,0,1
171,172,,,县财政局财政国库集中支付中心,参公,1,20201172.0,县区级,财政学类,不限,本科及以上,是,,,False,0,False,0,1
172,173,,,县住房和城乡建设局城市管理执法大队,参公,3,20201173.0,县区级,管理科学与工程类,不限,本科及以上,是,,,False,0,False,0,3
173,174,,,县司法局加贡乡司法所,公务员,1,20201174.0,县区级,司法执行及技术类,不限,本科及以上,是,,,False,0,False,0,1
174,175,,,县司法局热玉乡司法所,公务员,1,20201175.0,县区级,司法执行及技术类,不限,本科及以上,是,,,False,0,False,0,1
175,176,,,县人民法院金岭乡人民法庭,公务员,3,20201176.0,县区级,法学类,不限,本科及以上,是,,,False,0,False,0,3
176,177,,,热玉乡党政综合办公室,公务员,2,20201177.0,乡镇级,财政学类,不限,本科及以上,是,,,False,0,False,0,2
177,178,,,金岭乡党政综合办公室,公务员,2,20201178.0,乡镇级,中国语言文学类,不限,本科及以上,是,,,False,0,False,0,2
178,179,,,都瓦乡党政综合办公室,公务员,2,20201179.0,乡镇级,中国语言文学类,不限,本科及以上,是,,,False,0,False,0,2
179,180,,八宿县,县人大法制司法民族宗教委员会,公务员,1,20201180.0,县区级,法学专业、法律专业,不限,本科及以上,是,,,False,0,False,0,1
180,181,,,县人大财经农牧城建环保委员会,公务员,1,20201181.0,县区级,会计学专业、财务管理专业,不限,本科及以上,是,,,False,0,False,0,1
181,182,,,县司法局,公务员,1,20201182.0,县区级,法学专业、法律专业,不限,本科及以上,是,,,False,0,False,0,1
182,183,,,然乌湖景区开发建设管理委员会综合管理科,参公,1,20201183.0,县区级,旅游管理专业,不限,本科及以上,是,,,False,0,False,0,1
183,184,,,然乌湖景区开发建设管理委员会规划建设科,参公,1,20201184.0,县区级,旅游管理专业,不限,本科及以上,是,,,False,0,False,0,1
184,185,,,然乌湖景区开发建设管理委员会经济发展科,参公,2,20201185.0,县区级,旅游管理专业,不限,本科及以上,是,,,False,0,False,0,2
185,186,,,县人民法院,公务员,1,20201186.0,县区级,法学专业、法律专业,不限,本科及以上,是,,具有法律职业资格证书（C级及以上）,False,0,False,0,1
186,187,,,县工商业联合会,公务员,1,20201187.0,县区级,文秘专业、汉语言文学专业,不限,本科及以上,是,,,False,0,False,0,1
187,188,,,邦达镇党政综合办公室,公务员,1,20201188.0,乡镇级,文秘专业、汉语言文学专业,不限,本科及以上,是,,,False,0,False,0,1
188,189,,,邦达镇经济发展办公室,公务员,1,20201189.0,乡镇级,专业不限,不限,本科及以上,是,,,False,0,False,0,1
189,190,,,邦达镇维护稳定办公室,公务员,1,20201190.0,乡镇级,专业不限,不限,大专及以上,否,,仅限服务基层项目人员报考,False,0,False,0,1
190,191,,,邦达镇社会事务办公室,公务员,1,20201191.0,乡镇级,专业不限,不限,本科及以上,是,,,False,0,False,0,1
191,192,,,卡瓦白庆乡党政综合办公室,公务员,1,20201192.0,乡镇级,文秘专业、汉语言文学专业,不限,本科及以上,是,,,False,0,False,0,1
192,193,,,卡瓦白庆乡财政所,公务员,1,20201193.0,乡镇级,会计学专业、财务管理专业,不限,本科及以上,是,,,False,0,False,0,1
193,194,,,吉中乡党政综合办公室,公务员,1,20201194.0,乡镇级,文秘专业、汉语言文学专业,不限,本科及以上,是,,,False,0,False,0,1
194,195,,,益青乡党政综合办公室,公务员,1,20201195.0,乡镇级,文秘专业、汉语言文学专业,不限,本科及以上,是,,,False,0,False,0,1
195,196,,,郭庆乡党政综合办公室,公务员,2,20201196.0,乡镇级,文秘专业、汉语言文学专业,不限,本科及以上,是,,,False,0,False,0,2
196,197,,,同卡镇党政综合办公室,公务员,1,20201197.0,乡镇级,专业不限,不限,本科及以上,是,,,False,0,False,0,1
197,198,"那曲市
",色尼区,尼玛乡,公务员,3,20201198.0,乡镇级,工程管理类、财务会计类,不限,本科及以上,是,,,False,0,False,0,3
198,199,,安多县,强玛镇,公务员,1,20201199.0,乡镇级,工程管理类、财务会计类,不限,本科及以上,否,,,False,0,False,0,1
199,200,,,雁石坪镇,公务员,1,20201200.0,乡镇级,工程管理类、财务会计类,不限,本科及以上,否,,,False,0,False,0,1
200,201,,,玛曲乡,公务员,2,20201201.0,乡镇级,工程管理类、财务会计类,不限,本科及以上,否,,,False,0,False,0,2
201,202,,,色务乡,公务员,1,20201202.0,乡镇级,工程管理类、财务会计类,不限,本科及以上,否,,,False,0,False,0,1
202,203,,,多玛乡,公务员,1,20201203.0,乡镇级,工程管理类、财务会计类,不限,本科及以上,否,,,False,0,False,0,1
203,204,,索县,嘎木乡,公务员,2,20201204.0,乡镇级,行政管理类,不限,本科及以上,是,,,False,0,False,0,2
204,205,,,江达乡,公务员,2,20201205.0,乡镇级,文秘类、档案管理类,不限,本科及以上,是,,,False,0,False,0,2
205,206,,巴青县,贡日乡,公务员,2,20201206.0,乡镇级,藏汉翻译专业,不限,本科及以上,是,,,False,0,False,0,2
206,207,,尼玛县,吉瓦乡,公务员,1,20201207.0,乡镇级,新闻传播学类、计算机相关专业,不限,本科及以上,否,,,False,0,False,0,1
207,208,"阿里地区
",地区纪委监委,委机关,公务员,1,20201208.0,地市级,法学专业,不限,本科及以上,是,,,False,0,False,0,1
208,209,,,,公务员,1,20201209.0,地市级,财会专业,不限,本科及以上,是,,,False,0,False,0,1
209,210,,地委巡察办,办机关,公务员,3,20201210.0,地市级,财会专业,不限,本科及以上,是,,,False,0,False,0,3
210,211,,地区教育局,局机关,公务员,1,20201211.0,地市级,财会专业,不限,本科及以上,是,,需持有会计从业资格证,False,0,False,0,1
211,212,,地区中级人民法院,院机关,公务员,2,20201212.0,地市级,法学专业,不限,本科及以上,是,,,False,0,False,0,2
212,213,,日土县,县委巡察办,公务员,2,20201213.0,县区级,法律或财会专业,不限,本科及以上,是,,,False,0,False,0,2
213,214,,,县不动产登记中心,参公,1,20201214.0,县区级,土地资源管理或资产评估相关专业,不限,本科及以上,是,,,False,0,False,0,1
214,215,,,县羌塘野生动物自然保护区管理中心,参公,1,20201215.0,县区级,林学或野生动物保护相关专业,不限,本科及以上,是,,,False,0,False,0,1
215,216,,,东汝乡,公务员,3,20201216.0,乡镇级,专业不限,不限,本科及以上,是,,,False,0,False,0,3
216,217,,措勤县,县国安办,公务员,1,20201217.0,县区级,法学专业,不限,本科及以上,是,,,False,0,False,0,1
217,218,,,达雄乡司法所,公务员,1,20201218.0,乡镇级,法学专业,不限,本科及以上,否,,,False,0,False,0,1
218,219,,改则县,县纪委监委,公务员,1,20201219.0,县区级,文秘专业,不限,本科及以上,是,,,False,0,False,0,1
219,220,,,,公务员,1,20201220.0,县区级,财会专业,不限,本科及以上,是,,,False,0,False,0,1
220,221,,,古姆乡,公务员,1,20201221.0,乡镇级,法学专业,不限,本科及以上,是,,,False,0,False,0,1
221,222,,噶尔县,县巡察办,公务员,1,20201222.0,县区级,文秘专业,不限,本科及以上,是,,,False,0,False,0,1
222,223,,革吉县,县劳动就业（大学生就业创业）服务中心,参公,1,20201223.0,县区级,专业不限,不限,本科及以上,是,,,False,0,False,0,1
223,224,,札达县,县劳动就业（大学生就业创业）服务中心,参公,1,20201224.0,县区级,人力资源专业,不限,本科及以上,是,,,False,0,False,0,1
224,225,,,县司法局,公务员,1,20201225.0,县区级,法学专业,不限,本科及以上,是,,,False,0,False,0,1
225,226,,,萨让乡司法所,公务员,1,20201226.0,乡镇级,法学专业,不限,本科及以上,是,,,False,0,False,0,1
226,227,,普兰县,县纪委监委,公务员,1,20201227.0,县区级,法学专业,不限,本科及以上,是,,,False,0,False,0,1
227,228,,,,公务员,1,20201228.0,县区级,文秘专业,不限,本科及以上,是,,,False,0,False,0,1
228,229,,,县口岸管理委员会,公务员,1,20201229.0,县区级,外事或贸易专业,不限,本科及以上,是,,,False,0,False,0,1
