,职位编码,考区,部门,招录职位,招录人数,学历低限,学位低限,专业,其他条件,gsr_f,gsr_f_no,gsr_m,gsr_m_no,job_no
0,1001001.0,石家庄,井陉矿区乡镇,科员A,3.0,专科,,,男性，石家庄市所辖县（市、区）户籍（或生源地）,False,0,True,3,3
1,1001002.0,石家庄,井陉矿区乡镇,科员B,3.0,专科,,,女性，石家庄市所辖县（市、区）户籍（或生源地）,True,3,False,0,3
2,1002001.0,石家庄,井陉县乡镇,科员A,11.0,专科,,,男性，石家庄市所辖县（市、区）户籍（或生源地）,False,0,True,11,11
3,1002002.0,石家庄,井陉县乡镇,科员B,11.0,专科,,,女性，石家庄市所辖县（市、区）户籍（或生源地）,True,11,False,0,11
4,1002003.0,石家庄,井陉县乡镇,科员C,1.0,本科,学士,,大学生退役士兵，石家庄市所辖县（市、区）户籍（或生源地）,False,0,False,0,1
5,1002004.0,石家庄,井陉县乡镇,科员D,1.0,专科,,,服务基层四项目人员，石家庄市所辖县（市、区）户籍（或生源地）,False,0,False,0,1
6,1003001.0,石家庄,藁城区乡镇,科员A,5.0,专科,,,男性，石家庄市所辖县（市、区）户籍（或生源地）,False,0,True,5,5
7,1003002.0,石家庄,藁城区乡镇,科员B,5.0,专科,,,女性，石家庄市所辖县（市、区）户籍（或生源地）,True,5,False,0,5
8,1004001.0,石家庄,行唐县乡镇,科员A,8.0,专科,,,男性，石家庄市所辖县（市、区）户籍（或生源地）,False,0,True,8,8
9,1004002.0,石家庄,行唐县乡镇,科员B,8.0,专科,,,女性，石家庄市所辖县（市、区）户籍（或生源地）,True,8,False,0,8
10,1004003.0,石家庄,行唐县乡镇,科员C,3.0,专科,,,服务基层四项目人员，石家庄市所辖县（市、区）户籍（或生源地）,False,0,False,0,3
11,1004004.0,石家庄,行唐县乡镇,科员D,1.0,本科,学士,,大学生退役士兵，石家庄市所辖县（市、区）户籍（或生源地）,False,0,False,0,1
12,1004005.0,石家庄,行唐县乡镇,科员E,10.0,专科,,,男性，行唐县户籍（或生源地）,False,0,True,10,10
13,1004006.0,石家庄,行唐县乡镇,科员F,10.0,专科,,,女性，行唐县户籍（或生源地）,True,10,False,0,10
14,1005001.0,石家庄,灵寿县乡镇,科员A,3.0,专科,,,男性，石家庄市所辖县（市、区）户籍（或生源地）,False,0,True,3,3
15,1005002.0,石家庄,灵寿县乡镇,科员B,3.0,专科,,,女性，石家庄市所辖县（市、区）户籍（或生源地）,True,3,False,0,3
16,1005003.0,石家庄,灵寿县乡镇,科员C,1.0,专科,,,服务基层四项目人员，石家庄市所辖县（市、区）户籍（或生源地）,False,0,False,0,1
17,1005004.0,石家庄,灵寿县乡镇,科员D,4.0,专科,,,男性，灵寿县户籍（或生源地）,False,0,True,4,4
18,1005005.0,石家庄,灵寿县乡镇,科员E,3.0,专科,,,女性，灵寿县户籍（或生源地）,True,3,False,0,3
19,1006001.0,石家庄,高邑县乡镇,科员A,3.0,专科,,,男性，石家庄市所辖县（市、区）户籍（或生源地）,False,0,True,3,3
20,1006002.0,石家庄,高邑县乡镇,科员B,3.0,专科,,,女性，石家庄市所辖县（市、区）户籍（或生源地）,True,3,False,0,3
21,1006003.0,石家庄,高邑县乡镇,科员C,1.0,专科,,,服务基层四项目人员，石家庄市所辖县（市、区）户籍（或生源地）,False,0,False,0,1
22,1007001.0,石家庄,深泽县乡镇,科员A,8.0,专科,,,男性，石家庄市所辖县（市、区）户籍（或生源地）,False,0,True,8,8
23,1007002.0,石家庄,深泽县乡镇,科员B,8.0,专科,,,女性，石家庄市所辖县（市、区）户籍（或生源地）,True,8,False,0,8
24,1008001.0,石家庄,赞皇县乡镇,科员A,2.0,专科,,,男性，石家庄市所辖县（市、区）户籍（或生源地）,False,0,True,2,2
25,1008002.0,石家庄,赞皇县乡镇,科员B,1.0,专科,,,女性，石家庄市所辖县（市、区）户籍（或生源地）,True,1,False,0,1
26,1008003.0,石家庄,赞皇县乡镇,科员C,1.0,专科,,,服务基层四项目人员，石家庄市所辖县（市、区）户籍（或生源地）,False,0,False,0,1
27,1008004.0,石家庄,赞皇县乡镇,科员D,1.0,专科,,,男性，赞皇县户籍（或生源地）,False,0,True,1,1
28,1008005.0,石家庄,赞皇县乡镇,科员E,2.0,专科,,,女性，赞皇县户籍（或生源地）,True,2,False,0,2
29,1009001.0,石家庄,无极县乡镇,科员A,9.0,专科,,,男性，石家庄市所辖县（市、区）户籍（或生源地）,False,0,True,9,9
30,1009002.0,石家庄,无极县乡镇,科员B,8.0,专科,,,女性，石家庄市所辖县（市、区）户籍（或生源地）,True,8,False,0,8
31,1009003.0,石家庄,无极县乡镇,科员C,1.0,本科,学士,,大学生退役士兵，石家庄市所辖县（市、区）户籍（或生源地）,False,0,False,0,1
32,1009004.0,石家庄,无极县乡镇,科员D,2.0,专科,,,服务基层四项目人员，石家庄市所辖县（市、区）户籍（或生源地）,False,0,False,0,2
33,1010001.0,石家庄,平山县乡镇,科员A,3.0,专科,,,男性，石家庄市所辖县（市、区）户籍（或生源地）,False,0,True,3,3
34,1010002.0,石家庄,平山县乡镇,科员B,3.0,专科,,,女性，石家庄市所辖县（市、区）户籍（或生源地）,True,3,False,0,3
35,1010003.0,石家庄,平山县乡镇,科员C,3.0,专科,,,男性，平山县户籍（或生源地）,False,0,True,3,3
36,1010004.0,石家庄,平山县乡镇,科员D,3.0,专科,,,女性，平山县户籍（或生源地）,True,3,False,0,3
37,1011001.0,石家庄,元氏县乡镇,科员A,3.0,专科,,,男性，石家庄市所辖县（市、区）户籍（或生源地）,False,0,True,3,3
38,1011002.0,石家庄,元氏县乡镇,科员B,3.0,专科,,,女性，石家庄市所辖县（市、区）户籍（或生源地）,True,3,False,0,3
39,1011003.0,石家庄,元氏县乡镇,科员C,2.0,专科,,,服务基层四项目人员，石家庄市所辖县（市、区）户籍（或生源地）,False,0,False,0,2
40,1012001.0,石家庄,赵县乡镇,科员A,5.0,专科,,,男性，石家庄市所辖县（市、区）户籍（或生源地）,False,0,True,5,5
41,1012002.0,石家庄,赵县乡镇,科员B,5.0,专科,,,女性，石家庄市所辖县（市、区）户籍（或生源地）,True,5,False,0,5
42,1012003.0,石家庄,赵县乡镇,科员C,2.0,专科,,,服务基层四项目人员，石家庄市所辖县（市、区）户籍（或生源地）,False,0,False,0,2
43,1013001.0,石家庄,晋州市乡镇,科员A,10.0,专科,,,男性，石家庄市所辖县（市、区）户籍（或生源地）,False,0,True,10,10
44,1013002.0,石家庄,晋州市乡镇,科员B,10.0,专科,,,女性，石家庄市所辖县（市、区）户籍（或生源地）,True,10,False,0,10
45,1013003.0,石家庄,晋州市乡镇,科员C,1.0,专科,,,服务基层四项目人员，石家庄市所辖县（市、区）户籍（或生源地）,False,0,False,0,1
46,1014001.0,石家庄,新乐市乡镇,科员A,7.0,专科,,,男性，石家庄市所辖县（市、区）户籍（或生源地）,False,0,True,7,7
47,1014002.0,石家庄,新乐市乡镇,科员B,7.0,专科,,,女性，石家庄市所辖县（市、区）户籍（或生源地）,True,7,False,0,7
48,1014003.0,石家庄,新乐市乡镇,科员C,2.0,专科,,,服务基层四项目人员，石家庄市所辖县（市、区）户籍（或生源地）,False,0,False,0,2
49,1015001.0,石家庄,鹿泉区乡镇,科员A,5.0,专科,,,男性，石家庄市所辖县（市、区）户籍（或生源地）,False,0,True,5,5
50,1015002.0,石家庄,鹿泉区乡镇,科员B,5.0,专科,,,女性，石家庄市所辖县（市、区）户籍（或生源地）,True,5,False,0,5
51,2001001.0,承德,承德县乡镇,科员A,2.0,专科,,,承德县户籍（或生源地），男性,False,0,True,2,2
52,2001002.0,承德,承德县乡镇,科员B,1.0,专科,,,承德县户籍（或生源地），女性,True,1,False,0,1
53,2001003.0,承德,承德县乡镇,科员C,1.0,专科,,,承德市所辖县（市、区）户籍（或生源地），男性,False,0,True,1,1
54,2001004.0,承德,承德县乡镇,科员D,1.0,专科,,,承德市所辖县（市、区）户籍（或生源地），女性,True,1,False,0,1
55,2002001.0,承德,兴隆县乡镇,科员A,3.0,专科,,,兴隆县户籍（或生源地），男性,False,0,True,3,3
56,2002002.0,承德,兴隆县乡镇,科员B,3.0,专科,,,兴隆县户籍（或生源地），女性,True,3,False,0,3
57,2002003.0,承德,兴隆县乡镇,科员C,3.0,专科,,,承德市所辖县（市、区）户籍（或生源地），男性,False,0,True,3,3
58,2002004.0,承德,兴隆县乡镇,科员D,2.0,专科,,,承德市所辖县（市、区）户籍（或生源地），女性,True,2,False,0,2
59,2002005.0,承德,兴隆县乡镇,科员E,1.0,专科,,,服务基层四项目人员,False,0,False,0,1
60,2002006.0,承德,兴隆县乡镇,科员F,1.0,本科,学士,,大学生退役士兵,False,0,False,0,1
61,2003001.0,承德,平泉市乡镇,科员A,9.0,专科,,,平泉市户籍（或生源地），男性,False,0,True,9,9
62,2003002.0,承德,平泉市乡镇,科员B,9.0,专科,,,平泉市户籍（或生源地），女性,True,9,False,0,9
63,2003003.0,承德,平泉市乡镇,科员C,8.0,专科,,,承德市所辖县（市、区）户籍（或生源地），男性,False,0,True,8,8
64,2003004.0,承德,平泉市乡镇,科员D,7.0,专科,,,承德市所辖县（市、区）户籍（或生源地），女性,True,7,False,0,7
65,2003005.0,承德,平泉市乡镇,科员E,3.0,专科,,,服务基层四项目人员,False,0,False,0,3
66,2003006.0,承德,平泉市乡镇,科员F,1.0,本科,学士,,大学生退役士兵,False,0,False,0,1
67,2004001.0,承德,滦平县乡镇,科员A,20.0,专科,,,滦平县户籍（或生源地），男性,False,0,True,20,20
68,2004002.0,承德,滦平县乡镇,科员B,18.0,专科,,,滦平县户籍（或生源地），女性,True,18,False,0,18
69,2004003.0,承德,滦平县乡镇,科员C,14.0,专科,,,承德市所辖县（市、区）户籍（或生源地），男性,False,0,True,14,14
70,2004004.0,承德,滦平县乡镇,科员D,14.0,专科,,,承德市所辖县（市、区）户籍（或生源地），女性,True,14,False,0,14
71,2004005.0,承德,滦平县乡镇,科员E,7.0,专科,,,服务基层四项目人员,False,0,False,0,7
72,2004006.0,承德,滦平县乡镇,科员F,1.0,本科,学士,,大学生退役士兵,False,0,False,0,1
73,2005001.0,承德,隆化县乡镇,科员A,9.0,专科,,,隆化县户籍（或生源地），男性,False,0,True,9,9
74,2005002.0,承德,隆化县乡镇,科员B,6.0,专科,,,隆化县户籍（或生源地），女性,True,6,False,0,6
75,2005003.0,承德,隆化县乡镇,科员C,7.0,专科,,,承德市所辖县（市、区）户籍（或生源地），男性,False,0,True,7,7
76,2005004.0,承德,隆化县乡镇,科员D,6.0,专科,,,承德市所辖县（市、区）户籍（或生源地），女性,True,6,False,0,6
77,2005005.0,承德,隆化县乡镇,科员E,3.0,专科,,,服务基层四项目人员,False,0,False,0,3
78,2005006.0,承德,隆化县乡镇,科员F,1.0,本科,学士,,大学生退役士兵,False,0,False,0,1
79,2006001.0,承德,丰宁满族自治县乡镇,科员A,5.0,专科,,,承德市所辖县（市、区）户籍（或生源地），男性,False,0,True,5,5
80,2006002.0,承德,丰宁满族自治县乡镇,科员B,9.0,专科,,,丰宁县户籍（或生源地），男性,False,0,True,9,9
81,2006003.0,承德,丰宁满族自治县乡镇,科员C,5.0,专科,,,承德市所辖县（市、区）户籍（或生源地），女性,True,5,False,0,5
82,2006004.0,承德,丰宁满族自治县乡镇,科员D,9.0,专科,,,丰宁县户籍（或生源地），女性,True,9,False,0,9
83,2006005.0,承德,丰宁满族自治县乡镇,科员E,2.0,专科,,,服务基层四项目人员,False,0,False,0,2
84,2006006.0,承德,丰宁满族自治县乡镇,科员F,2.0,本科,学士,,大学生退役士兵,False,0,False,0,2
85,2007001.0,承德,围场满族蒙古族自治县乡镇,科员A,14.0,专科,,,承德市所辖县（市、区）户籍（或生源地），男性,False,0,True,14,14
86,2007002.0,承德,围场满族蒙古族自治县乡镇,科员B,16.0,专科,,,围场县户籍（或生源地），男性,False,0,True,16,16
87,2007003.0,承德,围场满族蒙古族自治县乡镇,科员C,10.0,专科,,,承德市所辖县（市、区）户籍（或生源地），女性,True,10,False,0,10
88,2007004.0,承德,围场满族蒙古族自治县乡镇,科员D,12.0,专科,,,围场县户籍（或生源地），女性,True,12,False,0,12
89,2007005.0,承德,围场满族蒙古族自治县乡镇,科员E,5.0,专科,,,服务基层四项目人员,False,0,False,0,5
90,2007006.0,承德,围场满族蒙古族自治县乡镇,科员F,2.0,本科,学士,,大学生退役士兵,False,0,False,0,2
91,3001001.0,张家口,宣化区乡镇,科员A,3.0,专科,,,男性，宣化户籍（或生源地）,False,0,True,3,3
92,3001002.0,张家口,宣化区乡镇,科员B,3.0,专科,,,女性，宣化户籍（或生源地）,True,3,False,0,3
93,3001003.0,张家口,宣化区乡镇,科员C,3.0,专科,,,男性，服务基层四项目人员,False,0,True,3,3
94,3001004.0,张家口,宣化区乡镇,科员D,2.0,专科,,,女性，服务基层四项目人员,True,2,False,0,2
95,3001005.0,张家口,宣化区乡镇,科员E,1.0,本科,学士,,大学生退役士兵,False,0,False,0,1
96,3002001.0,张家口,张北县乡镇,科员A,2.0,专科,,,服务基层四项目人员,False,0,False,0,2
97,3002002.0,张家口,张北县乡镇,科员B,6.0,专科,,,张北县县乡事业编制人员,False,0,False,0,6
98,3002003.0,张家口,张北县乡镇,科员C,4.0,专科,,,男性，张北县户籍(或生源地),False,0,True,4,4
99,3002004.0,张家口,张北县乡镇,科员D,4.0,专科,,,女性，张北县户籍(或生源地),True,4,False,0,4
100,3002005.0,张家口,张北县乡镇,科员E,2.0,专科,,,,False,0,False,0,2
101,3003001.0,张家口,康保县乡镇,科员A,2.0,专科,,,男性，张家口市所辖县（市、区）户籍（或生源地）,False,0,True,2,2
102,3003002.0,张家口,康保县乡镇,科员B,2.0,专科,,,女性，张家口市所辖县（市、区）户籍（或生源地）,True,2,False,0,2
103,3003003.0,张家口,康保县乡镇,科员C,3.0,专科,,,男性，康保县户籍（或生源地）,False,0,True,3,3
104,3003004.0,张家口,康保县乡镇,科员D,3.0,专科,,,女性，康保县户籍（或生源地）,True,3,False,0,3
105,3003005.0,张家口,康保县乡镇,科员E,2.0,专科,,,男性，服务基层四项目人员,False,0,True,2,2
106,3003006.0,张家口,康保县乡镇,科员F,2.0,专科,,,女性，服务基层四项目人员,True,2,False,0,2
107,3003007.0,张家口,康保县乡镇,科员G,3.0,专科,,,男性，康保县县乡事业编制人员,False,0,True,3,3
108,3003008.0,张家口,康保县乡镇,科员H,2.0,专科,,,女性，康保县县乡事业编制人员,True,2,False,0,2
109,3004001.0,张家口,沽源县乡镇,科员A,3.0,专科,,,男性，张家口市所辖县（市、区）户籍（或生源地）,False,0,True,3,3
110,3004002.0,张家口,沽源县乡镇,科员B,3.0,专科,,,女性，张家口市所辖县（市、区）户籍（或生源地）,True,3,False,0,3
111,3004003.0,张家口,沽源县乡镇,科员C,3.0,专科,,,男性，沽源县户籍（或生源地）,False,0,True,3,3
112,3004004.0,张家口,沽源县乡镇,科员D,3.0,专科,,,女性，沽源县户籍（或生源地）,True,3,False,0,3
113,3004005.0,张家口,沽源县乡镇,科员E,2.0,专科,,,服务基层四项目人员,False,0,False,0,2
114,3005001.0,张家口,尚义县乡镇,科员A,8.0,专科,,,男性，尚义县户籍（或生源地）,False,0,True,8,8
115,3005002.0,张家口,尚义县乡镇,科员B,6.0,专科,,,女性，尚义县户籍（或生源地）,True,6,False,0,6
116,3005003.0,张家口,尚义县乡镇,科员C,5.0,专科,,,男性，张家口市所辖县（市、区）户籍（或生源地）,False,0,True,5,5
117,3005004.0,张家口,尚义县乡镇,科员D,5.0,专科,,,女性，张家口市所辖县（市、区）户籍（或生源地）,True,5,False,0,5
118,3005005.0,张家口,尚义县乡镇,科员E,2.0,专科,,,服务基层四项目人员,False,0,False,0,2
119,3006001.0,张家口,阳原县乡镇,科员A,3.0,专科,,,阳原县户籍（或生源地）,False,0,False,0,3
120,3006002.0,张家口,阳原县乡镇,科员B,1.0,专科,,,服务基层四项目人员,False,0,False,0,1
121,3006003.0,张家口,阳原县乡镇,科员C,1.0,专科,,,张家口市所辖县（市、区）户籍（或生源地）,False,0,False,0,1
122,3006004.0,张家口,阳原县乡镇,科员D,1.0,专科,,,阳原县县乡事业编制人员,False,0,False,0,1
123,3007001.0,张家口,涿鹿县乡镇,科员A,7.0,专科,,,男性，涿鹿县户籍(或生源地),False,0,True,7,7
124,3007002.0,张家口,涿鹿县乡镇,科员B,7.0,专科,,,女性，涿鹿县户籍(或生源地),True,7,False,0,7
125,3007003.0,张家口,涿鹿县乡镇,科员C,5.0,专科,,,男性,False,0,True,5,5
126,3007004.0,张家口,涿鹿县乡镇,科员D,5.0,专科,,,女性,True,5,False,0,5
127,3007005.0,张家口,涿鹿县乡镇,科员E,2.0,专科,,,男性，服务基层四项目人员,False,0,True,2,2
128,3007006.0,张家口,涿鹿县乡镇,科员F,2.0,专科,,,女性，服务基层四项目人员,True,2,False,0,2
129,3007007.0,张家口,涿鹿县乡镇,科员G,1.0,本科,学士,,大学生退役士兵,False,0,False,0,1
130,3008001.0,张家口,崇礼区乡镇,科员A,4.0,专科,,,,False,0,False,0,4
131,3008002.0,张家口,崇礼区乡镇,科员B,5.0,专科,,,崇礼区户籍（或生源地）,False,0,False,0,5
132,3008003.0,张家口,崇礼区乡镇,科员C,1.0,专科,,,服务基层四项目人员,False,0,False,0,1
133,4001001.0,秦皇岛,青龙满族自治县乡镇党委,科员A,2.0,专科,,,,False,0,False,0,2
134,4001002.0,秦皇岛,青龙满族自治县乡镇党委,科员B,2.0,专科,,,青龙满族自治县户籍（或生源地）,False,0,False,0,2
135,4001003.0,秦皇岛,青龙满族自治县乡镇党委,科员C,1.0,专科,,,服务基层四项目人员,False,0,False,0,1
136,4002001.0,秦皇岛,青龙满族自治县凉水河乡人民政府,社会事务办公室科员,1.0,专科,,,青龙满族自治县户籍（或生源地）,False,0,False,0,1
137,4002002.0,秦皇岛,青龙满族自治县凉水河乡人民政府,经济发展和规划建设办公室科员,1.0,专科,,,青龙满族自治县户籍（或生源地）,False,0,False,0,1
138,4003001.0,秦皇岛,青龙满族自治县官场乡人民政府,社会事务办公室科员,1.0,专科,,,服务基层四项目人员,False,0,False,0,1
139,4004001.0,秦皇岛,青龙满族自治县大石岭乡人民政府,社会事务办公室科员,2.0,专科,,,青龙满族自治县户籍（或生源地）,False,0,False,0,2
140,4004002.0,秦皇岛,青龙满族自治县大石岭乡人民政府,经济发展和规划建设办公室科员,1.0,专科,,,青龙满族自治县户籍（或生源地）,False,0,False,0,1
141,4005001.0,秦皇岛,青龙满族自治县草碾乡人民政府,社会事务办公室科员,1.0,本科,学士,,大学生退役士兵,False,0,False,0,1
142,4006001.0,秦皇岛,青龙满族自治县木头凳镇人民政府,城镇规划建设办公室科员,1.0,专科,,,秦皇岛市所辖县（市、区）户籍（或生源地）,False,0,False,0,1
143,4007001.0,秦皇岛,青龙满族自治县隔河头镇人民政府,社会事务办公室科员,1.0,专科,,,青龙满族自治县户籍（或生源地）,False,0,False,0,1
144,4008001.0,秦皇岛,青龙满族自治县土门子镇人民政府,社会事务办公室科员,1.0,专科,,,青龙满族自治县户籍（或生源地）,False,0,False,0,1
145,4009001.0,秦皇岛,青龙满族自治县祖山镇人民政府,城镇规划建设办公室科员,1.0,专科,,,秦皇岛市所辖县（市、区）户籍（或生源地）,False,0,False,0,1
146,4010001.0,秦皇岛,青龙满族自治县娄杖子镇人民政府,经济发展和规划建设办公室科员,1.0,专科,,,青龙满族自治县户籍（或生源地）,False,0,False,0,1
147,4010002.0,秦皇岛,青龙满族自治县娄杖子镇人民政府,社会事务办公室科员,1.0,专科,,,青龙满族自治县户籍（或生源地）,False,0,False,0,1
148,4011001.0,秦皇岛,昌黎县乡镇,科员A,8.0,专科,,,男性，秦皇岛市所辖县（市、区）户籍（或生源地）,False,0,True,8,8
149,4011002.0,秦皇岛,昌黎县乡镇,科员B,7.0,专科,,,女性，秦皇岛市所辖县（市、区）户籍（或生源地）,True,7,False,0,7
150,4011003.0,秦皇岛,昌黎县乡镇,科员C,2.0,专科,,,男性，服务基层四项目人员，秦皇岛市所辖县（市、区）户籍（或生源地）,False,0,True,2,2
151,4011004.0,秦皇岛,昌黎县乡镇,科员D,2.0,专科,,,女性，服务基层四项目人员，秦皇岛市所辖县（市、区）户籍（或生源地）,True,2,False,0,2
152,4011005.0,秦皇岛,昌黎县乡镇,科员E,1.0,本科,学士,,大学生退役士兵，秦皇岛市所辖县（市、区）户籍（或生源地）,False,0,False,0,1
153,4012001.0,秦皇岛,抚宁区乡镇,科员A,5.0,专科,,,男性，秦皇岛市所辖县（市、区）户籍（或生源地）,False,0,True,5,5
154,4012002.0,秦皇岛,抚宁区乡镇,科员B,4.0,专科,,,女性，秦皇岛市所辖县（市、区）户籍（或生源地）,True,4,False,0,4
155,4012003.0,秦皇岛,抚宁区乡镇,科员C,1.0,专科,,,服务基层四项目人员，秦皇岛市所辖县（市、区）户籍（或生源地）,False,0,False,0,1
156,4012004.0,秦皇岛,抚宁区乡镇,科员D,1.0,本科,学士,,大学生退役士兵，秦皇岛市所辖县（市、区）户籍（或生源地）,False,0,False,0,1
157,4013001.0,秦皇岛,卢龙县乡镇,科员A,4.0,专科,,,男性，秦皇岛市所辖县（市、区）户籍（或生源地）,False,0,True,4,4
158,4013002.0,秦皇岛,卢龙县乡镇,科员B,4.0,专科,,,女性，秦皇岛市所辖县（市、区）户籍（或生源地）,True,4,False,0,4
159,4013003.0,秦皇岛,卢龙县乡镇,科员C,4.0,专科,,,男性,False,0,True,4,4
160,4013004.0,秦皇岛,卢龙县乡镇,科员D,4.0,专科,,,女性,True,4,False,0,4
161,4013005.0,秦皇岛,卢龙县乡镇,科员E,2.0,专科,,,男性，服务基层四项目人员,False,0,True,2,2
162,4013006.0,秦皇岛,卢龙县乡镇,科员F,2.0,专科,,,女性，服务基层四项目人员,True,2,False,0,2
163,5001001.0,唐山,丰南区乡镇,科员A,4.0,专科,,,男性，唐山市所辖县（市、区）户籍（或生源地）,False,0,True,4,4
164,5001002.0,唐山,丰南区乡镇,科员B,4.0,专科,,,女性，唐山市所辖县（市、区）户籍（或生源地）,True,4,False,0,4
165,5001003.0,唐山,丰南区乡镇,科员C,1.0,专科,,,唐山市所辖县（市、区）户籍（或生源地）,False,0,False,0,1
166,5001004.0,唐山,丰南区乡镇,科员D,1.0,专科,,,唐山市所辖县（市、区）户籍（或生源地），服务基层四项目人员,False,0,False,0,1
167,5002001.0,唐山,滦县乡镇,科员A,5.0,专科,,,男性，唐山市所辖县（市、区）户籍（或生源地）,False,0,True,5,5
168,5002002.0,唐山,滦县乡镇,科员B,5.0,专科,,,女性，唐山市所辖县（市、区）户籍（或生源地）,True,5,False,0,5
169,5002003.0,唐山,滦县乡镇,科员C,2.0,专科,,,唐山市所辖县（市、区）户籍（或生源地），服务基层四项目人员,False,0,False,0,2
170,5003001.0,唐山,乐亭县乡镇,科员A,3.0,专科,,,男性，唐山市所辖县（市、区）户籍（或生源地）,False,0,True,3,3
171,5003002.0,唐山,乐亭县乡镇,科员B,3.0,专科,,,女性，唐山市所辖县（市、区）户籍（或生源地）,True,3,False,0,3
172,5003003.0,唐山,乐亭县乡镇,科员C,1.0,本科,学士,,大学生退役士兵，唐山市所辖县（市、区）户籍（或生源地）,False,0,False,0,1
173,5003004.0,唐山,乐亭县乡镇,科员D,1.0,专科,,,唐山市所辖县（市、区）户籍（或生源地），服务基层四项目人员,False,0,False,0,1
174,5004001.0,唐山,玉田县乡镇,科员A,22.0,专科,,,男性，唐山市所辖县（市、区）户籍（或生源地）,False,0,True,22,22
175,5004002.0,唐山,玉田县乡镇,科员B,22.0,专科,,,女性，唐山市所辖县（市、区）户籍（或生源地）,True,22,False,0,22
176,5004003.0,唐山,玉田县乡镇,科员C,2.0,专科,,,男性，唐山市所辖县（市、区）户籍（或生源地），服务基层四项目人员,False,0,True,2,2
177,5004004.0,唐山,玉田县乡镇,科员D,2.0,专科,,,女性，唐山市所辖县（市、区）户籍（或生源地），服务基层四项目人员,True,2,False,0,2
178,5004005.0,唐山,玉田县乡镇,科员E,2.0,本科,学士,,大学生退役士兵，唐山市所辖县（市、区）户籍（或生源地）,False,0,False,0,2
179,5005001.0,唐山,遵化市乡镇,科员A,6.0,专科,,,男性，唐山市所辖县（市、区）户籍（或生源地）,False,0,True,6,6
180,5005002.0,唐山,遵化市乡镇,科员B,6.0,专科,,,女性，唐山市所辖县（市、区）户籍（或生源地）,True,6,False,0,6
181,5005003.0,唐山,遵化市乡镇,科员C,1.0,本科,学士,,大学生退役士兵，唐山市所辖县（市、区）户籍（或生源地）,False,0,False,0,1
182,5005004.0,唐山,遵化市乡镇,科员D,1.0,专科,,,男性，唐山市所辖县（市、区）户籍（或生源地），服务基层四项目人员,False,0,True,1,1
183,5005005.0,唐山,遵化市乡镇,科员E,1.0,专科,,,女性，唐山市所辖县（市、区）户籍（或生源地），服务基层四项目人员,True,1,False,0,1
184,6001001.0,廊坊,永清县乡镇,科员,1.0,专科,,,廊坊市所辖县（市、区）户籍（或生源地）,False,0,False,0,1
185,6002001.0,廊坊,香河县乡镇,科员A,4.0,专科,,,男性，廊坊市所辖县（市、区）户籍（或生源地）,False,0,True,4,4
186,6002002.0,廊坊,香河县乡镇,科员B,3.0,专科,,,女性，廊坊市所辖县（市、区）户籍（或生源地）,True,3,False,0,3
187,6002003.0,廊坊,香河县乡镇,科员C,1.0,专科,,,廊坊市所辖县（市、区）户籍（或生源地），服务基层四项目人员,False,0,False,0,1
188,6002004.0,廊坊,香河县乡镇,科员D,1.0,本科,学士,,大学生退役士兵，廊坊市所辖县（市、区）户籍（或生源地）,False,0,False,0,1
189,6003001.0,廊坊,大城县乡镇,科员A,9.0,专科,,,男性，廊坊市所辖县（市、区）户籍（或生源地）,False,0,True,9,9
190,6003002.0,廊坊,大城县乡镇,科员B,8.0,专科,,,女性，廊坊市所辖县（市、区）户籍（或生源地）,True,8,False,0,8
191,6003003.0,廊坊,大城县乡镇,科员C,1.0,专科,,,男性，廊坊市所辖县（市、区）户籍（或生源地），服务基层四项目人员,False,0,True,1,1
192,6003004.0,廊坊,大城县乡镇,科员D,1.0,专科,,,女性，廊坊市所辖县（市、区）户籍（或生源地），服务基层四项目人员,True,1,False,0,1
193,6003005.0,廊坊,大城县乡镇,科员E,1.0,本科,学士,,大学生退役士兵，廊坊市所辖县（市、区）户籍（或生源地）,False,0,False,0,1
194,6004001.0,廊坊,霸州市乡镇,科员,3.0,专科,,,廊坊市所辖县（市、区）户籍（或生源地）,False,0,False,0,3
195,6005001.0,廊坊,三河市乡镇,科员A,2.0,专科,,,男性，廊坊市所辖县（市、区）户籍（或生源地）,False,0,True,2,2
196,6005002.0,廊坊,三河市乡镇,科员B,2.0,专科,,,女性，廊坊市所辖县（市、区）户籍（或生源地）,True,2,False,0,2
197,6005003.0,廊坊,三河市乡镇,科员C,1.0,专科,,,男性，廊坊市所辖县（市、区）户籍（或生源地），服务基层四项目人员,False,0,True,1,1
198,6005004.0,廊坊,三河市乡镇,科员D,1.0,专科,,,女性，廊坊市所辖县（市、区）户籍（或生源地），服务基层四项目人员,True,1,False,0,1
199,7001001.0,保定,莲池区乡镇,科员A,6.0,专科,,,保定市所辖县（市、区）户籍（或生源地）,False,0,False,0,6
200,7001002.0,保定,莲池区乡镇,科员B,1.0,专科,,,服务基层四项目人员，保定市所辖县（市、区）户籍（或生源地）,False,0,False,0,1
201,7002001.0,保定,满城区乡镇,科员A,4.0,专科,,,男性，保定市所辖县（市、区）户籍（或生源地）,False,0,True,4,4
202,7002002.0,保定,满城区乡镇,科员B,4.0,专科,,,女性，保定市所辖县（市、区）户籍（或生源地）,True,4,False,0,4
203,7002003.0,保定,满城区乡镇,科员C,2.0,专科,,,服务基层四项目人员，保定市所辖县（市、区）户籍（或生源地）,False,0,False,0,2
204,7003001.0,保定,清苑区乡镇,科员A,9.0,专科,,,男性，保定市所辖县（市、区）户籍（或生源地）,False,0,True,9,9
205,7003002.0,保定,清苑区乡镇,科员B,8.0,专科,,,女性，保定市所辖县（市、区）户籍（或生源地）,True,8,False,0,8
206,7003003.0,保定,清苑区乡镇,科员C,2.0,专科,,,男性，服务基层四项目人员，保定市所辖县（市、区）户籍（或生源地）,False,0,True,2,2
207,7003004.0,保定,清苑区乡镇,科员D,2.0,专科,,,女性，服务基层四项目人员，保定市所辖县（市、区）户籍（或生源地）,True,2,False,0,2
208,7003005.0,保定,清苑区乡镇,科员E,1.0,本科,学士,,大学生退役士兵，保定市所辖县（市、区）户籍（或生源地）,False,0,False,0,1
209,7004001.0,保定,徐水区乡镇,科员A,10.0,专科,,,男性，保定市所辖县（市、区）户籍（或生源地）,False,0,True,10,10
210,7004002.0,保定,徐水区乡镇,科员B,10.0,专科,,,女性，保定市所辖县（市、区）户籍（或生源地）,True,10,False,0,10
211,7004003.0,保定,徐水区乡镇,科员C,2.0,专科,,,服务基层四项目人员，保定市所辖县（市、区）户籍（或生源地）,False,0,False,0,2
212,7005001.0,保定,涞水县乡镇,科员A,5.0,专科,,,男性，保定市所辖县（市、区）户籍（或生源地）,False,0,True,5,5
213,7005002.0,保定,涞水县乡镇,科员B,5.0,专科,,,女性，保定市所辖县（市、区）户籍（或生源地）,True,5,False,0,5
214,7005003.0,保定,涞水县乡镇,科员C,2.0,专科,,,服务基层四项目人员，保定市所辖县（市、区）户籍（或生源地）,False,0,False,0,2
215,7006001.0,保定,阜平县乡镇,科员A,2.0,专科,,,男性，保定市所辖县（市、区）户籍（或生源地）,False,0,True,2,2
216,7006002.0,保定,阜平县乡镇,科员B,2.0,专科,,,女性，保定市所辖县（市、区）户籍（或生源地）,True,2,False,0,2
217,7006003.0,保定,阜平县乡镇,科员C,6.0,专科,,,阜平县户籍（或生源地）,False,0,False,0,6
218,7006004.0,保定,阜平县乡镇,科员D,2.0,专科,,,阜平县县乡事业编制人员,False,0,False,0,2
219,7006005.0,保定,阜平县乡镇,科员E,4.0,专科,,,服务基层四项目人员，保定市所辖县（市、区）户籍（或生源地）,False,0,False,0,4
220,7007001.0,保定,定兴县乡镇,科员A,14.0,专科,,,保定市所辖县（市、区）户籍（或生源地）,False,0,False,0,14
221,7007002.0,保定,定兴县乡镇,科员B,5.0,专科,,,服务基层四项目人员，保定市所辖县（市、区）户籍（或生源地）,False,0,False,0,5
222,7007003.0,保定,定兴县乡镇,科员C,1.0,本科,学士,,大学生退役士兵，保定市所辖县（市、区）户籍（或生源地）,False,0,False,0,1
223,7008001.0,保定,唐县乡镇,科员A,4.0,专科,,,男性，保定市所辖县（市、区）户籍（或生源地）,False,0,True,4,4
224,7008002.0,保定,唐县乡镇,科员B,4.0,专科,,,女性，保定市所辖县（市、区）户籍（或生源地）,True,4,False,0,4
225,7008003.0,保定,唐县乡镇,科员C,6.0,专科,,,男性，唐县户籍（或生源地）,False,0,True,6,6
226,7008004.0,保定,唐县乡镇,科员D,6.0,专科,,,女性，唐县户籍（或生源地）,True,6,False,0,6
227,7008005.0,保定,唐县乡镇,科员E,2.0,专科,,,男性，服务基层四项目人员，保定市所辖县（市、区）户籍（或生源地）,False,0,True,2,2
228,7008006.0,保定,唐县乡镇,科员F,2.0,专科,,,女性，服务基层四项目人员，保定市所辖县（市、区）户籍（或生源地）,True,2,False,0,2
229,7009001.0,保定,高阳县乡镇,科员A,3.0,专科,,,男性，保定市所辖县（市、区）户籍（或生源地）,False,0,True,3,3
230,7009002.0,保定,高阳县乡镇,科员B,3.0,专科,,,女性，保定市所辖县（市、区）户籍（或生源地）,True,3,False,0,3
231,7009003.0,保定,高阳县乡镇,科员C,1.0,专科,,,服务基层四项目人员，保定市所辖县（市、区）户籍（或生源地）,False,0,False,0,1
232,7010001.0,保定,涞源县乡镇,科员A,3.0,专科,,,保定市所辖县（市、区）户籍（或生源地）,False,0,False,0,3
233,7010002.0,保定,涞源县乡镇,科员B,2.0,专科,,,男性，涞源县户籍（或生源地）,False,0,True,2,2
234,7010003.0,保定,涞源县乡镇,科员C,2.0,专科,,,女性，涞源县户籍（或生源地）,True,2,False,0,2
235,7010004.0,保定,涞源县乡镇,科员D,1.0,专科,,,服务基层四项目人员，保定市所辖县（市、区）户籍（或生源地）,False,0,False,0,1
236,7011001.0,保定,望都县乡镇,科员A,4.0,专科,,,男性，保定市所辖县（市、区）户籍（或生源地）,False,0,True,4,4
237,7011002.0,保定,望都县乡镇,科员B,4.0,专科,,,女性，保定市所辖县（市、区）户籍（或生源地）,True,4,False,0,4
238,7011003.0,保定,望都县乡镇,科员C,5.0,专科,,,男性，望都县户籍（或生源地）,False,0,True,5,5
239,7011004.0,保定,望都县乡镇,科员D,5.0,专科,,,女性，望都县户籍（或生源地）,True,5,False,0,5
240,7011005.0,保定,望都县乡镇,科员E,2.0,专科,,,服务基层四项目人员，保定市所辖县（市、区）户籍（或生源地）,False,0,False,0,2
241,7012001.0,保定,易县乡镇,科员A,8.0,专科,,,男性，保定市所辖县（市、区）户籍（或生源地）,False,0,True,8,8
242,7012002.0,保定,易县乡镇,科员B,8.0,专科,,,女性，保定市所辖县（市、区）户籍（或生源地）,True,8,False,0,8
243,7012003.0,保定,易县乡镇,科员C,10.0,专科,,,男性，易县户籍（或生源地）,False,0,True,10,10
244,7012004.0,保定,易县乡镇,科员D,10.0,专科,,,女性，易县户籍（或生源地）,True,10,False,0,10
245,7012005.0,保定,易县乡镇,科员E,3.0,专科,,,服务基层四项目人员，保定市所辖县（市、区）户籍（或生源地）,False,0,False,0,3
246,7012006.0,保定,易县乡镇,科员F,1.0,本科,学士,,大学生退役士兵，保定市所辖县（市、区）户籍（或生源地）,False,0,False,0,1
247,7013001.0,保定,曲阳县乡镇,科员A,6.0,专科,,,男性，保定市所辖县（市、区）户籍（或生源地）,False,0,True,6,6
248,7013002.0,保定,曲阳县乡镇,科员B,6.0,专科,,,女性，保定市所辖县（市、区）户籍（或生源地）,True,6,False,0,6
249,7013003.0,保定,曲阳县乡镇,科员C,8.0,专科,,,男性，曲阳县户籍（或生源地）,False,0,True,8,8
250,7013004.0,保定,曲阳县乡镇,科员D,8.0,专科,,,女性，曲阳县户籍（或生源地）,True,8,False,0,8
251,7013005.0,保定,曲阳县乡镇,科员E,2.0,专科,,,男性，服务基层四项目人员，保定市所辖县（市、区）户籍（或生源地）,False,0,True,2,2
252,7013006.0,保定,曲阳县乡镇,科员F,2.0,专科,,,女性，服务基层四项目人员，保定市所辖县（市、区）户籍（或生源地）,True,2,False,0,2
253,7014001.0,保定,蠡县乡镇,科员A,5.0,专科,,,男性，保定市所辖县（市、区）户籍（或生源地）,False,0,True,5,5
254,7014002.0,保定,蠡县乡镇,科员B,5.0,专科,,,女性，保定市所辖县（市、区）户籍（或生源地）,True,5,False,0,5
255,7015001.0,保定,顺平县乡镇,科员A,8.0,专科,,,,False,0,False,0,8
256,7015002.0,保定,顺平县乡镇,科员B,4.0,专科,,,男性，顺平县户籍（或生源地）,False,0,True,4,4
257,7015003.0,保定,顺平县乡镇,科员C,4.0,专科,,,女性，顺平县户籍（或生源地）,True,4,False,0,4
258,7015004.0,保定,顺平县乡镇,科员D,4.0,专科,,,服务基层四项目人员，保定市所辖县（市、区）户籍（或生源地）,False,0,False,0,4
259,7016001.0,保定,博野县乡镇,科员A,2.0,专科,,,保定市所辖县（市、区）户籍（或生源地）,False,0,False,0,2
260,7016002.0,保定,博野县乡镇,科员B,2.0,专科,,,博野县、蠡县、安国市户籍（或生源地）,False,0,False,0,2
261,7016003.0,保定,博野县乡镇,科员C,1.0,专科,,,服务基层四项目人员，保定市所辖县（市、区）户籍（或生源地）,False,0,False,0,1
262,7017001.0,保定,涿州市乡镇,科员A,7.0,专科,,,男性,False,0,True,7,7
263,7017002.0,保定,涿州市乡镇,科员B,7.0,专科,,,女性,True,7,False,0,7
264,7017003.0,保定,涿州市乡镇,科员C,2.0,专科,,,服务基层四项目人员，保定市所辖县（市、区）户籍（或生源地）,False,0,False,0,2
265,7018001.0,保定,安国市乡镇,科员A,4.0,专科,,,男性，保定市所辖县（市、区）户籍（或生源地）,False,0,True,4,4
266,7018002.0,保定,安国市乡镇,科员B,4.0,专科,,,女性，保定市所辖县（市、区）户籍（或生源地）,True,4,False,0,4
267,7018003.0,保定,安国市乡镇,科员C,3.0,专科,,,服务基层四项目人员，保定市所辖县（市、区）户籍（或生源地）,False,0,False,0,3
268,7019001.0,保定,高碑店市乡镇,科员A,6.0,专科,,,男性，保定市所辖县（市、区）户籍（或生源地）,False,0,True,6,6
269,7019002.0,保定,高碑店市乡镇,科员B,6.0,专科,,,女性，保定市所辖县（市、区）户籍（或生源地）,True,6,False,0,6
270,7019003.0,保定,高碑店市乡镇,科员C,2.0,专科,,,服务基层四项目人员，保定市所辖县（市、区）户籍（或生源地）,False,0,False,0,2
271,8001001.0,沧州,青县乡镇,科员A,5.0,专科,,,沧州市所辖县（市、区）户籍（或生源地），男性,False,0,True,5,5
272,8001002.0,沧州,青县乡镇,科员B,4.0,专科,,,沧州市所辖县（市、区）户籍（或生源地），女性,True,4,False,0,4
273,8001003.0,沧州,青县乡镇,科员C,1.0,专科,,,沧州市所辖县（市、区）户籍（或生源地），服务基层四项目人员，女性,True,1,False,0,1
274,8002001.0,沧州,东光县乡镇党委,科员A,2.0,专科,,,,False,0,False,0,2
275,8002002.0,沧州,东光县乡镇党委,科员B,1.0,专科,,,服务基层四项目人员，沧州市所辖县（市、区）户籍（或生源地）,False,0,False,0,1
276,8003001.0,沧州,东光县乡镇政府,科员A,1.0,专科,,,东光县户籍（或生源地）,False,0,False,0,1
277,8003002.0,沧州,东光县乡镇政府,科员B,2.0,专科,,,沧州市所辖县（市、区）户籍（或生源地）,False,0,False,0,2
278,8004001.0,沧州,海兴县高湾镇政府,科员A,1.0,专科,,,海兴县户籍（或生源地）,False,0,False,0,1
279,8004002.0,沧州,海兴县高湾镇政府,科员B,1.0,专科,,,沧州市所辖县（市、区）户籍（或生源地）,False,0,False,0,1
280,8005001.0,沧州,海兴县辛集镇政府,科员,1.0,专科,,,沧州市所辖县（市、区）户籍（或生源地）,False,0,False,0,1
281,8006001.0,沧州,南皮县乡镇,科员A,2.0,专科,,,南皮县户籍（或生源地），男性,False,0,True,2,2
282,8006002.0,沧州,南皮县乡镇,科员B,1.0,专科,,,沧州市所辖县（市、区）户籍（或生源地），女性,True,1,False,0,1
283,8006003.0,沧州,南皮县乡镇,科员C,1.0,专科,,,沧州市所辖县（市、区）户籍（或生源地），服务基层四项目人员，女性,True,1,False,0,1
284,8007001.0,沧州,吴桥县乡镇,科员A,1.0,专科,,,沧州市所辖县（市、区）户籍（或生源地）,False,0,False,0,1
285,8007002.0,沧州,吴桥县乡镇,科员B,1.0,专科,,,沧州市所辖县（市、区）户籍（或生源地），男性,False,0,True,1,1
286,8007003.0,沧州,吴桥县乡镇,科员C,1.0,专科,,,沧州市所辖县（市、区）户籍（或生源地），女性,True,1,False,0,1
287,8007004.0,沧州,吴桥县乡镇,科员D,1.0,专科,,,吴桥县户籍（或生源地），男性,False,0,True,1,1
288,8007005.0,沧州,吴桥县乡镇,科员E,1.0,专科,,,吴桥县户籍（或生源地），女性,True,1,False,0,1
289,8008001.0,沧州,献县乡镇,科员A,1.0,本科,学士,,献县户籍（或生源地），大学生退役士兵,False,0,False,0,1
290,8008002.0,沧州,献县乡镇,科员B,5.0,专科,,,沧州市所辖县（市、区）户籍（或生源地）,False,0,False,0,5
291,8008003.0,沧州,献县乡镇,科员C,3.0,专科,,,献县户籍（或生源地）,False,0,False,0,3
292,8009001.0,沧州,孟村县乡镇,科员A,3.0,专科,,,孟村县户籍（或生源地），男性,False,0,True,3,3
293,8009002.0,沧州,孟村县乡镇,科员B,3.0,专科,,,孟村县户籍（或生源地），女性,True,3,False,0,3
294,8009003.0,沧州,孟村县乡镇,科员C,2.0,专科,,,沧州市所辖县（市、区）户籍（或生源地），男性,False,0,True,2,2
295,8009004.0,沧州,孟村县乡镇,科员D,3.0,专科,,,沧州市所辖县（市、区）户籍（或生源地），女性,True,3,False,0,3
296,8009005.0,沧州,孟村县乡镇,科员E,1.0,专科,,,沧州市所辖县（市、区）户籍（或生源地），服务基层四项目人员，男性,False,0,True,1,1
297,8010001.0,沧州,泊头市泊镇人民政府,科员A,1.0,专科,,,沧州市所辖县（市、区）户籍（或生源地），女性,True,1,False,0,1
298,8010002.0,沧州,泊头市泊镇人民政府,科员B,1.0,专科,,,沧州市所辖县（市、区）户籍（或生源地），服务基层四项目人员，女性,True,1,False,0,1
299,8011001.0,沧州,泊头市郝村镇人民政府,科员,2.0,专科,,,沧州市所辖县（市、区）户籍（或生源地），男性,False,0,True,2,2
300,8012001.0,沧州,泊头市交河镇人民政府,科员,2.0,专科,,,沧州市所辖县（市、区）户籍（或生源地），男性,False,0,True,2,2
301,8013001.0,沧州,泊头市齐桥镇人民政府,科员A,1.0,专科,,,沧州市所辖县（市、区）户籍（或生源地），女性,True,1,False,0,1
302,8013002.0,沧州,泊头市齐桥镇人民政府,科员B,1.0,专科,,,沧州市所辖县（市、区）户籍（或生源地），服务基层四项目人员，女性,True,1,False,0,1
303,8014001.0,沧州,泊头市四营乡人民政府,科员A,1.0,专科,,,沧州市所辖县（市、区）户籍（或生源地），服务基层四项目人员，男性,False,0,True,1,1
304,8014002.0,沧州,泊头市四营乡人民政府,科员B,1.0,本科,学士,,沧州市所辖县（市、区）户籍（或生源地），大学生退役士兵，男性,False,0,True,1,1
305,8015001.0,沧州,泊头市寺门村镇人民政府,科员,2.0,专科,,,沧州市所辖县（市、区）户籍（或生源地），女性,True,2,False,0,2
306,8016001.0,沧州,泊头市王武镇人民政府,科员,2.0,专科,,,沧州市所辖县（市、区）户籍（或生源地），女性,True,2,False,0,2
307,8017001.0,沧州,泊头市文庙镇人民政府,科员,2.0,专科,,,沧州市所辖县（市、区）户籍（或生源地），女性,True,2,False,0,2
308,8018001.0,沧州,泊头市西辛店乡人民政府,科员,2.0,专科,,,沧州市所辖县（市、区）户籍（或生源地），男性,False,0,True,2,2
309,8019001.0,沧州,泊头市营子镇人民政府,科员,2.0,专科,,,沧州市所辖县（市、区）户籍（或生源地），男性,False,0,True,2,2
310,8020001.0,沧州,任丘市乡镇,科员A,29.0,专科,,,沧州市所辖县（市、区）户籍（或生源地）,False,0,False,0,29
311,8020002.0,沧州,任丘市乡镇,科员B,2.0,专科,,,沧州市所辖县（市、区）户籍（或生源地），服务基层四项目人员,False,0,False,0,2
312,8020003.0,沧州,任丘市乡镇,科员C,1.0,本科,学士,,沧州市所辖县（市、区）户籍（或生源地），大学生退役士兵,False,0,False,0,1
313,8021001.0,沧州,河间市北石槽乡人民政府,科员A,1.0,专科,,,沧州市所辖县（市、区）户籍（或生源地），男性,False,0,True,1,1
314,8021002.0,沧州,河间市北石槽乡人民政府,科员B,1.0,专科,,,沧州市所辖县（市、区）户籍（或生源地），女性,True,1,False,0,1
315,8021003.0,沧州,河间市北石槽乡人民政府,科员C,1.0,专科,,,沧州市所辖县（市、区）户籍（或生源地），服务基层四项目人员,False,0,False,0,1
316,8022001.0,沧州,河间市故仙乡人民政府,科员,1.0,专科,,,沧州市所辖县（市、区）户籍（或生源地）,False,0,False,0,1
317,8023001.0,沧州,河间市行别营乡人民政府,科员A,1.0,专科,,,沧州市所辖县（市、区）户籍（或生源地），男性,False,0,True,1,1
318,8023002.0,沧州,河间市行别营乡人民政府,科员B,1.0,专科,,,沧州市所辖县（市、区）户籍（或生源地），女性,True,1,False,0,1
319,8024001.0,沧州,河间市尊祖庄乡人民政府,科员A,1.0,专科,,,沧州市所辖县（市、区）户籍（或生源地），男性,False,0,True,1,1
320,8024002.0,沧州,河间市尊祖庄乡人民政府,科员B,1.0,专科,,,沧州市所辖县（市、区）户籍（或生源地），女性,True,1,False,0,1
321,9001001.0,衡水,枣强县乡镇,科员A,2.0,专科,,,衡水市所辖县（市、区）户籍（或生源地），男性,False,0,True,2,2
322,9001002.0,衡水,枣强县乡镇,科员B,2.0,专科,,,衡水市所辖县（市、区）户籍（或生源地），女性,True,2,False,0,2
323,9001003.0,衡水,枣强县乡镇,科员C,2.0,专科,,,男性，枣强县户籍（或生源地）,False,0,True,2,2
324,9001004.0,衡水,枣强县乡镇,科员D,2.0,专科,,,女性，枣强县户籍（或生源地）,True,2,False,0,2
325,9001005.0,衡水,枣强县乡镇,科员E,2.0,专科,,,服务基层四项目人员，衡水市所辖县（市、区）户籍（或生源地）,False,0,False,0,2
326,9002001.0,衡水,武邑县乡镇,科员A,4.0,专科,,,服务基层四项目人员，武邑县户籍（或生源地）,False,0,False,0,4
327,9002002.0,衡水,武邑县乡镇,科员B,5.0,专科,,,男性，武邑县户籍（或生源地）,False,0,True,5,5
328,9002003.0,衡水,武邑县乡镇,科员C,4.0,专科,,,女性，武邑县户籍（或生源地）,True,4,False,0,4
329,9002004.0,衡水,武邑县乡镇,科员D,7.0,专科,,,男性，衡水市所辖县（市、区）户籍（或生源地）,False,0,True,7,7
330,9002005.0,衡水,武邑县乡镇,科员E,7.0,专科,,,女性，衡水市所辖县（市、区）户籍（或生源地）,True,7,False,0,7
331,9003001.0,衡水,饶阳县乡镇,科员A,6.0,专科,,,男性，衡水市所辖县（市、区）户籍（或生源地）,False,0,True,6,6
332,9003002.0,衡水,饶阳县乡镇,科员B,7.0,专科,,,女性，衡水市所辖县（市、区）户籍（或生源地）,True,7,False,0,7
333,9003003.0,衡水,饶阳县乡镇,科员C,7.0,专科,,,男性，饶阳县户籍（或生源地）,False,0,True,7,7
334,9003004.0,衡水,饶阳县乡镇,科员D,6.0,专科,,,女性，饶阳县户籍（或生源地）,True,6,False,0,6
335,9003005.0,衡水,饶阳县乡镇,科员E,3.0,专科,,,服务基层四项目人员，衡水市所辖县（市、区）户籍（或生源地）,False,0,False,0,3
336,9003006.0,衡水,饶阳县乡镇,科员F,1.0,本科,学士,,衡水市所辖县（市、区）户籍（或生源地），大学生退役士兵,False,0,False,0,1
337,9004001.0,衡水,安平县乡镇,科员A,4.0,专科,,,男性，衡水市所辖县（市、区）户籍（或生源地）,False,0,True,4,4
338,9004002.0,衡水,安平县乡镇,科员B,3.0,专科,,,女性，衡水市所辖县（市、区）户籍（或生源地）,True,3,False,0,3
339,9004003.0,衡水,安平县乡镇,科员C,1.0,专科,,,服务基层四项目人员，衡水市所辖县（市、区）户籍（或生源地）,False,0,False,0,1
340,9005001.0,衡水,阜城县崔庙镇,科员A,1.0,专科,,,衡水市所辖县（市、区）户籍（或生源地），服务基层四项目人员,False,0,False,0,1
341,9005002.0,衡水,阜城县崔庙镇,科员B,1.0,专科,,,阜城县户籍（或生源地），男性,False,0,True,1,1
342,9005003.0,衡水,阜城县崔庙镇,科员C,1.0,专科,,,阜城县户籍（或生源地），女性,True,1,False,0,1
343,9006001.0,衡水,阜城县大白乡,科员A,1.0,专科,,,阜城县户籍（或生源地），男性,False,0,True,1,1
344,9006002.0,衡水,阜城县大白乡,科员B,1.0,专科,,,衡水市所辖县（市、区）户籍（或生源地），女性,True,1,False,0,1
345,9007001.0,衡水,阜城县阜城镇,科员,1.0,专科,,,阜城县户籍（或生源地），男性,False,0,True,1,1
346,9008001.0,衡水,阜城县建桥乡,科员,1.0,本科,学士,,大学生退役士兵,False,0,False,0,1
347,9009001.0,衡水,阜城县蒋坊乡,科员,1.0,专科,,,服务基层四项目人员,False,0,False,0,1
348,9010001.0,衡水,阜城县码头镇,科员A,1.0,专科,,,阜城县户籍（或生源地），男性,False,0,True,1,1
349,9010002.0,衡水,阜城县码头镇,科员B,1.0,专科,,,衡水市所辖县（市、区）户籍（或生源地），女性,True,1,False,0,1
350,9011001.0,衡水,阜城县漫河乡,科员A,1.0,专科,,,阜城县户籍（或生源地），男性,False,0,True,1,1
351,9011002.0,衡水,阜城县漫河乡,科员B,1.0,专科,,,衡水市所辖县（市、区）户籍（或生源地），女性,True,1,False,0,1
352,9012001.0,衡水,阜城县王集乡,科员A,1.0,专科,,,阜城县户籍（或生源地），男性,False,0,True,1,1
353,9012002.0,衡水,阜城县王集乡,科员B,1.0,专科,,,衡水市所辖县（市、区）户籍（或生源地），女性,True,1,False,0,1
354,9013001.0,衡水,阜城县霞口镇,科员A,1.0,专科,,,阜城县户籍（或生源地），男性,False,0,True,1,1
355,9013002.0,衡水,阜城县霞口镇,科员B,1.0,专科,,,衡水市所辖县（市、区）户籍（或生源地），女性,True,1,False,0,1
356,9013003.0,衡水,阜城县霞口镇,科员C,1.0,专科,,,衡水市所辖县（市、区）户籍（或生源地）,False,0,False,0,1
357,9014001.0,衡水,冀州区乡镇,科员A,6.0,专科,,,衡水市所辖县（市、区）户籍（或生源地）,False,0,False,0,6
358,9014002.0,衡水,冀州区乡镇,科员B,2.0,专科,,,服务基层四项目人员，衡水市所辖县（市、区）户籍（或生源地）,False,0,False,0,2
359,9015001.0,衡水,深州市乡镇,科员A,10.0,专科,,,男性，衡水市所辖县（市、区）户籍（或生源地）,False,0,True,10,10
360,9015002.0,衡水,深州市乡镇,科员B,10.0,专科,,,女性，衡水市所辖县（市、区）户籍（或生源地）,True,10,False,0,10
361,9015003.0,衡水,深州市乡镇,科员C,4.0,专科,,,男性，服务基层四项目人员，衡水市所辖县（市、区）户籍（或生源地）,False,0,True,4,4
362,9015004.0,衡水,深州市乡镇,科员D,4.0,专科,,,女性，服务基层四项目人员，衡水市所辖县（市、区）户籍（或生源地）,True,4,False,0,4
363,9015005.0,衡水,深州市乡镇,科员E,2.0,本科,学士,,大学生退役士兵，衡水市所辖县（市、区）户籍（或生源地）,False,0,False,0,2
364,10001001.0,邢台,邢台县乡镇,科员A,7.0,专科,,,男性，邢台市所辖县（市、区）户籍（或生源地）,False,0,True,7,7
365,10001002.0,邢台,邢台县乡镇,科员B,7.0,专科,,,女性，邢台市所辖县（市、区）户籍（或生源地）,True,7,False,0,7
366,10001003.0,邢台,邢台县乡镇,科员C,2.0,专科,,,男性，服务基层四项目人员，邢台市所辖县（市、区）户籍（或生源地）,False,0,True,2,2
367,10001004.0,邢台,邢台县乡镇,科员D,2.0,专科,,,女性，服务基层四项目人员，邢台市所辖县（市、区）户籍（或生源地）,True,2,False,0,2
368,10002001.0,邢台,临城县乡镇,科员A,4.0,专科,,,男性，邢台市所辖县（市、区）户籍（或生源地）,False,0,True,4,4
369,10002002.0,邢台,临城县乡镇,科员B,5.0,专科,,,女性，邢台市所辖县（市、区）户籍（或生源地）,True,5,False,0,5
370,10002003.0,邢台,临城县乡镇,科员C,6.0,专科,,,男性，临城县户籍（或生源地）,False,0,True,6,6
371,10002004.0,邢台,临城县乡镇,科员D,6.0,专科,,,女性，临城县户籍（或生源地）,True,6,False,0,6
372,10002005.0,邢台,临城县乡镇,科员E,2.0,专科,,,男性，服务基层四项目人员，邢台市所辖县（市、区）户籍（或生源地）,False,0,True,2,2
373,10002006.0,邢台,临城县乡镇,科员F,1.0,专科,,,女性，服务基层四项目人员，邢台市所辖县（市、区）户籍（或生源地）,True,1,False,0,1
374,10003001.0,邢台,内丘县乡镇,科员A,1.0,专科,,,男性，内丘县户籍（或生源地）,False,0,True,1,1
375,10003002.0,邢台,内丘县乡镇,科员B,1.0,专科,,,女性，内丘县户籍（或生源地）,True,1,False,0,1
376,10003003.0,邢台,内丘县乡镇,科员C,1.0,专科,,,服务基层四项目人员，邢台市所辖县（市、区）户籍（或生源地）,False,0,False,0,1
377,10004001.0,邢台,隆尧县乡镇,科员A,10.0,专科,,,男性，邢台市所辖县（市、区）户籍（或生源地）,False,0,True,10,10
378,10004002.0,邢台,隆尧县乡镇,科员B,10.0,专科,,,女性，邢台市所辖县（市、区）户籍（或生源地）,True,10,False,0,10
379,10004003.0,邢台,隆尧县乡镇,科员C,4.0,专科,,,男性，服务基层四项目人员，邢台市所辖县（市、区）户籍（或生源地）,False,0,True,4,4
380,10004004.0,邢台,隆尧县乡镇,科员D,3.0,专科,,,女性，服务基层四项目人员，邢台市所辖县（市、区）户籍（或生源地）,True,3,False,0,3
381,10004005.0,邢台,隆尧县乡镇,科员E,1.0,本科,学士,,大学生退役士兵，邢台市所辖县（市、区）户籍（或生源地）,False,0,False,0,1
382,10005001.0,邢台,任县乡镇,科员A,3.0,专科,,,男性，任县户籍（或生源地）,False,0,True,3,3
383,10005002.0,邢台,任县乡镇,科员B,2.0,专科,,,女性，任县户籍（或生源地）,True,2,False,0,2
384,10005003.0,邢台,任县乡镇,科员C,2.0,专科,,,男性，邢台市所辖县（市、区）户籍（或生源地）,False,0,True,2,2
385,10005004.0,邢台,任县乡镇,科员D,2.0,专科,,,女性，邢台市所辖县（市、区）户籍（或生源地）,True,2,False,0,2
386,10005005.0,邢台,任县乡镇,科员E,1.0,专科,,,服务基层四项目人员，邢台市所辖县（市、区）户籍（或生源地）,False,0,False,0,1
387,10006001.0,邢台,宁晋县乡镇,科员A,5.0,专科,,,男性，邢台市所辖县（市、区）户籍（或生源地）,False,0,True,5,5
388,10006002.0,邢台,宁晋县乡镇,科员B,5.0,专科,,,女性，邢台市所辖县（市、区）户籍（或生源地）,True,5,False,0,5
389,10006003.0,邢台,宁晋县乡镇,科员C,1.0,专科,,,男性，服务基层四项目人员，邢台市所辖县（市、区）户籍（或生源地）,False,0,True,1,1
390,10006004.0,邢台,宁晋县乡镇,科员D,1.0,专科,,,女性，服务基层四项目人员，邢台市所辖县（市、区）户籍（或生源地）,True,1,False,0,1
391,10007001.0,邢台,巨鹿县乡镇,科员A,3.0,专科,,,服务基层四项目人员，邢台市所辖县（市、区）户籍（或生源地）,False,0,False,0,3
392,10007002.0,邢台,巨鹿县乡镇,科员B,6.0,专科,,,男性，巨鹿县户籍（或生源地）,False,0,True,6,6
393,10007003.0,邢台,巨鹿县乡镇,科员C,6.0,专科,,,女性，巨鹿县户籍（或生源地）,True,6,False,0,6
394,10007004.0,邢台,巨鹿县乡镇,科员D,5.0,专科,,,男性，邢台市所辖县（市、区）户籍（或生源地）,False,0,True,5,5
395,10007005.0,邢台,巨鹿县乡镇,科员E,5.0,专科,,,女性，邢台市所辖县（市、区）户籍（或生源地）,True,5,False,0,5
396,10007006.0,邢台,巨鹿县乡镇,科员F,1.0,本科,学士,,大学生退役士兵，邢台市所辖县（市、区）户籍（或生源地）,False,0,False,0,1
397,10008001.0,邢台,新河县乡镇,科员A,3.0,专科,,,邢台市所辖县（市、区）户籍（或生源地）,False,0,False,0,3
398,10008002.0,邢台,新河县乡镇,科员B,2.0,专科,,,新河县户籍（或生源地）,False,0,False,0,2
399,10008003.0,邢台,新河县乡镇,科员C,1.0,专科,,,服务基层四项目人员，邢台市所辖县（市、区）户籍（或生源地）,False,0,False,0,1
400,10009001.0,邢台,广宗县乡镇,科员A,1.0,专科,,,男性，广宗县户籍（或生源地）,False,0,True,1,1
401,10009002.0,邢台,广宗县乡镇,科员B,1.0,专科,,,女性，广宗县户籍（或生源地）,True,1,False,0,1
402,10009003.0,邢台,广宗县乡镇,科员C,1.0,专科,,,服务基层四项目人员，邢台市所辖县（市、区）户籍（或生源地）,False,0,False,0,1
403,10010001.0,邢台,平乡县乡镇,科员A,2.0,专科,,,平乡县户籍（或生源地）,False,0,False,0,2
404,10010002.0,邢台,平乡县乡镇,科员B,1.0,专科,,,邢台市所辖县（市、区）户籍（或生源地）,False,0,False,0,1
405,10010003.0,邢台,平乡县乡镇,科员C,1.0,专科,,,服务基层四项目人员，邢台市所辖县（市、区）户籍（或生源地）,False,0,False,0,1
406,10011001.0,邢台,清河县乡镇,科员A,5.0,专科,,,男性，邢台市所辖县（市、区）户籍（或生源地）,False,0,True,5,5
407,10011002.0,邢台,清河县乡镇,科员B,4.0,专科,,,女性，邢台市所辖县（市、区）户籍（或生源地）,True,4,False,0,4
408,10011003.0,邢台,清河县乡镇,科员C,1.0,专科,,,服务基层四项目人员，邢台市所辖县（市、区）户籍（或生源地）,False,0,False,0,1
409,10012001.0,邢台,临西县乡镇,科员A,3.0,专科,,,临西县户籍（或生源地）,False,0,False,0,3
410,10012002.0,邢台,临西县乡镇,科员B,2.0,专科,,,服务基层四项目人员，邢台市所辖县（市、区）户籍（或生源地）,False,0,False,0,2
411,10012003.0,邢台,临西县乡镇,科员C,2.0,专科,,,邢台市所辖县（市、区）户籍（或生源地）,False,0,False,0,2
412,10013001.0,邢台,南宫市乡镇,科员A,5.0,专科,,,邢台市所辖县（市、区）户籍（或生源地）,False,0,False,0,5
413,10013002.0,邢台,南宫市乡镇,科员B,4.0,专科,,,服务基层四项目人员，邢台市所辖县（市、区）户籍（或生源地）,False,0,False,0,4
414,10013003.0,邢台,南宫市乡镇,科员C,1.0,本科,学士,,大学生退役士兵，邢台市所辖县（市、区）户籍（或生源地）,False,0,False,0,1
415,10014001.0,邢台,沙河市乡镇,科员A,9.0,专科,,,邢台市所辖县（市、区）户籍（或生源地）,False,0,False,0,9
416,10014002.0,邢台,沙河市乡镇,科员B,3.0,专科,,,服务基层四项目人员，邢台市所辖县（市、区）户籍（或生源地）,False,0,False,0,3
417,11001001.0,邯郸,复兴区乡镇,科员,6.0,专科,,,,False,0,False,0,6
418,11002001.0,邯郸,峰峰矿区乡镇,科员A,9.0,专科,,,男性,False,0,True,9,9
419,11002002.0,邯郸,峰峰矿区乡镇,科员B,9.0,专科,,,女性,True,9,False,0,9
420,11002003.0,邯郸,峰峰矿区乡镇,科员C,1.0,专科,,,男性，服务基层四项目人员,False,0,True,1,1
421,11002004.0,邯郸,峰峰矿区乡镇,科员D,1.0,专科,,,女性，服务基层四项目人员,True,1,False,0,1
422,11003001.0,邯郸,永年区乡镇,科员A,4.0,专科,,,男性，邯郸市所辖县（市、区）户籍（或生源地）,False,0,True,4,4
423,11003002.0,邯郸,永年区乡镇,科员B,4.0,专科,,,女性，邯郸市所辖县（市、区）户籍（或生源地）,True,4,False,0,4
424,11003003.0,邯郸,永年区乡镇,科员C,6.0,专科,,,男性，服务基层四项目人员，邯郸市所辖县（市、区）户籍（或生源地）,False,0,True,6,6
425,11003004.0,邯郸,永年区乡镇,科员D,5.0,专科,,,女性，服务基层四项目人员，邯郸市所辖县（市、区）户籍（或生源地）,True,5,False,0,5
426,11003005.0,邯郸,永年区乡镇,科员E,1.0,本科,学士,,大学生退役士兵，邯郸市所辖县（市、区）户籍（或生源地）,False,0,False,0,1
427,11004001.0,邯郸,临漳县乡镇,科员A,7.0,专科,,,邯郸市所辖县（市、区）户籍（或生源地）,False,0,False,0,7
428,11004002.0,邯郸,临漳县乡镇,科员B,3.0,专科,,,邯郸市所辖县（市、区）户籍（或生源地），服务基层四项目人员,False,0,False,0,3
429,11005001.0,邯郸,成安县乡镇,科员A,4.0,专科,,,男性,False,0,True,4,4
430,11005002.0,邯郸,成安县乡镇,科员B,4.0,专科,,,女性,True,4,False,0,4
431,11005003.0,邯郸,成安县乡镇,科员C,2.0,专科,,,服务基层四项目人员,False,0,False,0,2
432,11006001.0,邯郸,大名县乡镇,科员A,10.0,专科,,,邯郸市所辖县（市、区）户籍（或生源地）,False,0,False,0,10
433,11006002.0,邯郸,大名县乡镇,科员B,12.0,专科,,,大名县户籍（或生源地）,False,0,False,0,12
434,11006003.0,邯郸,大名县乡镇,科员C,2.0,专科,,,邯郸市所辖县（市、区）户籍（或生源地），服务基层四项目人员,False,0,False,0,2
435,11007001.0,邯郸,涉县乡镇,科员A,7.0,专科,,,邯郸市所辖县（市、区）户籍（或生源地），男性,False,0,True,7,7
436,11007002.0,邯郸,涉县乡镇,科员B,7.0,专科,,,邯郸市所辖县（市、区）户籍（或生源地），女性,True,7,False,0,7
437,11007003.0,邯郸,涉县乡镇,科员C,2.0,专科,,,服务基层四项目人员,False,0,False,0,2
438,11008001.0,邯郸,磁县乡镇,科员A,9.0,专科,,,邯郸市所辖县（市、区）户籍（或生源地）,False,0,False,0,9
439,11008002.0,邯郸,磁县乡镇,科员B,1.0,专科,,,邯郸市所辖县（市、区）户籍（或生源地），服务基层四项目人员,False,0,False,0,1
440,11009001.0,邯郸,肥乡区乡镇,科员A,7.0,专科,,,邯郸市所辖县（市、区）户籍（或生源地）,False,0,False,0,7
441,11009002.0,邯郸,肥乡区乡镇,科员B,10.0,专科,,,肥乡区户籍（或生源地）,False,0,False,0,10
442,11009003.0,邯郸,肥乡区乡镇,科员C,3.0,专科,,,服务基层四项目人员,False,0,False,0,3
443,11010001.0,邯郸,邱县乡镇,科员A,12.0,专科,,,邯郸市所辖县（市、区）户籍（或生源地）,False,0,False,0,12
444,11010002.0,邯郸,邱县乡镇,科员B,2.0,专科,,,服务基层四项目人员,False,0,False,0,2
445,11011001.0,邯郸,鸡泽县乡镇,科员A,15.0,专科,,,鸡泽县户籍（或生源地）,False,0,False,0,15
446,11011002.0,邯郸,鸡泽县乡镇,科员B,11.0,专科,,,邯郸市所辖县（市、区）户籍（或生源地）,False,0,False,0,11
447,11011003.0,邯郸,鸡泽县乡镇,科员C,3.0,专科,,,服务基层四项目人员,False,0,False,0,3
448,11011004.0,邯郸,鸡泽县乡镇,科员D,1.0,本科,学士,,大学生退役士兵,False,0,False,0,1
449,11012001.0,邯郸,馆陶县乡镇,科员A,7.0,专科,,,馆陶县户籍（或生源地）,False,0,False,0,7
450,11012002.0,邯郸,馆陶县乡镇,科员B,4.0,专科,,,邯郸市所辖县（市、区）户籍（或生源地）,False,0,False,0,4
451,11012003.0,邯郸,馆陶县乡镇,科员C,3.0,专科,,,邯郸市所辖县（市、区）户籍（或生源地），服务基层四项目人员,False,0,False,0,3
452,11012004.0,邯郸,馆陶县乡镇,科员D,1.0,本科,学士,,大学生退役士兵，邯郸市所辖县（市、区）户籍（或生源地）,False,0,False,0,1
453,11013001.0,邯郸,魏县乡镇,科员A,4.0,专科,,,邯郸市所辖县（市、区）户籍（或生源地）,False,0,False,0,4
454,11013002.0,邯郸,魏县乡镇,科员B,5.0,专科,,,魏县户籍（或生源地）,False,0,False,0,5
455,11013003.0,邯郸,魏县乡镇,科员C,1.0,专科,,,服务基层四项目人员,False,0,False,0,1
456,11014001.0,邯郸,曲周县乡镇,科员A,10.0,专科,,,男性，邯郸市所辖县（市、区）户籍（或生源地）,False,0,True,10,10
457,11014002.0,邯郸,曲周县乡镇,科员B,10.0,专科,,,女性，邯郸市所辖县（市、区）户籍（或生源地）,True,10,False,0,10
458,11014003.0,邯郸,曲周县乡镇,科员C,3.0,专科,,,邯郸市所辖县（市、区）户籍（或生源地），服务基层四项目人员,False,0,False,0,3
459,1016001.0,石家庄,辛集市乡镇,科员A,6.0,专科,,,男性，辛集市户籍（或生源地）,False,0,True,6,6
460,1016002.0,石家庄,辛集市乡镇,科员B,5.0,专科,,,女性，辛集市户籍（或生源地）,True,5,False,0,5
461,1016003.0,石家庄,辛集市乡镇,科员C,2.0,专科,,,服务基层四项目人员，辛集市户籍（或生源地）,False,0,False,0,2
462,1016004.0,石家庄,辛集市乡镇,科员D,1.0,本科,学士,,大学生退役士兵，辛集市户籍（或生源地）,False,0,False,0,1
463,7020001.0,保定,雄安新区雄县乡镇,科员A,15.0,专科,,,,False,0,False,0,15
464,7020002.0,保定,雄安新区雄县乡镇,科员B,1.0,本科,学士,,大学生退役士兵,False,0,False,0,1
465,7021001.0,保定,雄安新区容城县乡镇,科员A,3.0,专科,,,男性,False,0,True,3,3
466,7021002.0,保定,雄安新区容城县乡镇,科员B,3.0,专科,,,女性,True,3,False,0,3
