,招录单位,职位代码,招录职位,性别,人数,学历学位,专业类别,2年以上基层工作经历要求,笔试开考比例,体能测评比例,面试比例,其他要求,咨询电话,gsr_f,gsr_f_no,gsr_m,gsr_m_no
0,市一中法院,FY001,法官助理1,男,5.0,研究生学历并取得硕士及以上相应学位,法学类,是,3:1,否,2:1,本科段和研究生段均为全日制普通高等院校法学类专业毕业；具有法律职业资格证书A证,"023-67679021
023-67679022",False,0,True,5
1,,FY002,法官助理2,女,2.0,研究生学历并取得硕士及以上相应学位,法学类,是,3:1,否,2:1,本科段和研究生段均为全日制普通高等院校法学类专业毕业；具有法律职业资格证书A证,,True,2,False,0
2,,FY003,法官助理3,不限,3.0,研究生学历并取得硕士及以上相应学位,法学类,是,3:1,否,2:1,本科段和研究生段均为全日制普通高等院校法学类专业毕业；具有法律职业资格证书A证,,False,0,False,0
3,市二中法院,FY004,法官助理1,男,5.0,研究生学历并取得硕士及以上相应学位,法学类,是,3:1,否,2:1,本科段和研究生段均为全日制普通高等院校毕业；具有法律职业资格证书A证,023-87661597,False,0,True,5
4,,FY005,法官助理2,女,2.0,研究生学历并取得硕士及以上相应学位,法学类,是,3:1,否,2:1,本科段和研究生段均为全日制普通高等院校毕业；具有法律职业资格证书A证,,True,2,False,0
5,,FY006,法官助理3,不限,3.0,研究生学历并取得硕士及以上相应学位,法学类,是,3:1,否,2:1,本科段和研究生段均为全日制普通高等院校毕业；具有法律职业资格证书A证,,False,0,False,0
6,市三中法院,FY007,法官助理1,男,2.0,研究生学历并取得硕士及以上相应学位,法学类,是,3:1,否,2:1,本科段和研究生段均为全日制普通高等院校毕业；具有法律职业资格证书A证,023-72812534,False,0,True,2
7,,FY008,法官助理2,女,2.0,研究生学历并取得硕士及以上相应学位,法学类,是,3:1,否,2:1,本科段和研究生段均为全日制普通高等院校毕业；具有法律职业资格证书A证,,True,2,False,0
8,,FY009,司法行政人员1,男,1.0,本科学士及以上,"本科：图书情报与档案管理类，信息管理与信息系统专业
研究生：图书情报与档案管理类，计算机与信息管理专业",是,3:1,否,2:1,全日制普通高等院校毕业,,False,0,True,1
9,,FY010,司法行政人员2,女,1.0,本科学士及以上,"本科：图书情报与档案管理类，信息管理与信息系统专业
研究生：图书情报与档案管理类，计算机与信息管理专业",是,3:1,否,2:1,全日制普通高等院校毕业,,True,1,False,0
10,,FY011,司法行政人员3,男,1.0,本科学士及以上,"本科：新闻传播学类，汉语言文学专业、汉语言专业、对外汉语专业、汉语言文学教育专业、中国语言文化专业、中国语言文学专业、中文应用专业、应用语言学专业、文学专业、中国文学专业、秘书学专业、文秘专业、文秘学专业、中文秘书教育专业、现代秘书专业
研究生：新闻传播学类，语言学及应用语言学专业、汉语言文字学专业、中国古代文学专业、中国现当代文学专业、文学阅读与文学教育专业、比较文学与世界文学专业",是,3:1,否,2:1,全日制普通高等院校毕业,,False,0,True,1
11,,FY012,司法行政人员4,不限,1.0,本科学士及以上,"本科：会计专业、会计学专业、审计专业、审计学专业、财务会计专业、审计实务专业、会计电算化专业、财务电算化专业、会计与统计核算专业、财务信息管理专业、工业会计专业、企业会计专业、财会专业
研究生：会计学专业、审计学专业、财务管理专业、会计硕士专业",是,3:1,否,2:1,全日制普通高等院校毕业,,False,0,False,0
12,,FY013,司法行政人员5,不限,1.0,本科学士及以上,"本科：政治学类，马克思主义理论类，行政管理专业、行政管理学专业、公共政策学专业、公共管理专业、人力资源管理专业
研究生：政治学类，马克思主义理论类，行政管理专业、公共政策学专业、公共管理硕士专业、人力资源管理专业",是,3:1,否,2:1,全日制普通高等院校毕业,,False,0,False,0
13,市四中法院,FY014,法官助理,不限,1.0,本科学士及以上,法学类,是,3:1,否,2:1,全日制普通高等院校毕业；具有法律职业资格证书A证,023-79312788,False,0,False,0
14,市五中法院,FY015,法官助理1,男,3.0,研究生学历并取得硕士及以上相应学位,法学类,是,3:1,否,2:1,本科段和研究生段均为全日制普通高等院校法学类专业毕业；具有法律职业资格证书A证,023-63905548,False,0,True,3
15,,FY016,法官助理2,女,2.0,研究生学历并取得硕士及以上相应学位,法学类,是,3:1,否,2:1,本科段和研究生段均为全日制普通高等院校法学类专业毕业；具有法律职业资格证书A证,,True,2,False,0
16,重庆两江新区（自贸区）法院,FY017,法官助理1,男,5.0,研究生学历并取得硕士及以上相应学位,民商法学专业、民商法专业、知识产权专业、知识产权法学专业、诉讼法学专业,否,3:1,否,2:1,本科段和研究生段均为全日制普通高等院校法学类专业毕业；具有法律职业资格证书A证,"023-65439013
023-65439011",False,0,True,5
17,,FY018,法官助理2,男,4.0,研究生学历并取得硕士及以上相应学位,经济法学专业、国际法学专业、国际法专业、国际公法专业、国际私法专业、国际经济法专业、国际民事诉讼与仲裁专业、WTO法律制度专业,否,3:1,否,2:1,本科段和研究生段均为全日制普通高等院校法学类专业毕业；具有法律职业资格证书A证,,False,0,True,4
18,,FY019,法官助理3,男,3.0,研究生学历并取得硕士及以上相应学位,法学专业、法律硕士专业、比较法学专业、宪法学与行政法学专业、法学理论专业、法理学专业、法律史专业、法律逻辑专业、法律逻辑学专业,否,3:1,否,2:1,本科段和研究生段均为全日制普通高等院校法学类专业毕业；具有法律职业资格证书A证,,False,0,True,3
19,,FY020,法官助理4,女,3.0,研究生学历并取得硕士及以上相应学位,民商法学专业、民商法专业、知识产权专业、知识产权法学专业、诉讼法学专业,否,3:1,否,2:1,本科段和研究生段均为全日制普通高等院校法学类专业毕业；具有法律职业资格证书A证,,True,3,False,0
20,,FY021,法官助理5,女,3.0,研究生学历并取得硕士及以上相应学位,经济法学专业、国际法学专业、国际法专业、国际公法专业、国际私法专业、国际经济法专业、国际民事诉讼与仲裁专业、WTO法律制度专业,否,3:1,否,2:1,本科段和研究生段均为全日制普通高等院校法学类专业毕业；具有法律职业资格证书A证,,True,3,False,0
21,,FY022,法官助理6,女,1.0,研究生学历并取得硕士及以上相应学位,法学专业、法律硕士专业、比较法学专业、宪法学与行政法学专业、法学理论专业、法理学专业、法律史专业、法律逻辑专业、法律逻辑学专业,否,3:1,否,2:1,本科段和研究生段均为全日制普通高等院校法学类专业毕业；具有法律职业资格证书A证,,True,1,False,0
22,,FY023,司法行政人员1,不限,1.0,研究生学历并取得硕士及以上相应学位,新闻传播学类，语言学及应用语言学专业、汉语言文字学专业、中国古代文学专业、中国现当代文学专业、文学阅读与文学教育专业、比较文学与世界文学专业,否,3:1,否,2:1,本科段和研究生段均为全日制普通高等院校毕业,,False,0,False,0
23,,FY024,司法行政人员2,女,2.0,本科学士及以上,"本科：政治学类，马克思主义理论类，行政管理专业、行政管理学专业、公共政策学专业、公共管理专业、人力资源管理专业
研究生：政治学类，马克思主义理论类，行政管理专业、公共政策学专业、公共管理硕士专业、人力资源管理专业",否,3:1,否,2:1,全日制普通高等院校毕业,,True,2,False,0
24,,FY025,司法行政人员3,女,1.0,本科学士及以上,"本科：会计专业、会计学专业、审计专业、审计学专业、财务会计专业、审计实务专业、会计电算化专业、财务电算化专业、会计与统计核算专业、财务信息管理专业、工业会计专业、企业会计专业、财会专业
研究生：会计学专业、审计学专业、财务管理专业、会计硕士专业",否,3:1,否,2:1,全日制普通高等院校毕业,,True,1,False,0
25,,FY026,司法警察1,男,1.0,本科学士及以上,公安学类、体育学类,否,3:1,3:1,2:1,全日制普通高等院校毕业,,False,0,True,1
26,,FY027,司法警察2,男,1.0,本科及以上,不限,否,3:1,3:1,2:1,面向重庆籍退役军人招录,,False,0,True,1
27,"重庆铁路
运输法院",FY028,法官助理,男,1.0,本科学士及以上,法学类,否,3:1,否,2:1,全日制普通高等院校毕业；具有法律职业资格证书A证,"023-61641028
023-63864333",False,0,True,1
28,,FY029,司法行政人员,不限,1.0,本科学士及以上,"本科：新闻传播学类，汉语言文学专业、汉语言专业、对外汉语专业、汉语言文学教育专业、中国语言文化专业、中国语言文学专业、中文应用专业、应用语言学专业、文学专业、中国文学专业、秘书学专业、文秘专业、文秘学专业、中文秘书教育专业、现代秘书专业
研究生：新闻传播学类，语言学及应用语言学专业、汉语言文字学专业、中国古代文学专业、中国现当代文学专业、文学阅读与文学教育专业、比较文学与世界文学专业",否,3:1,否,2:1,"
全日制普通高等院校毕业
",,False,0,False,0
29,,FY030,司法警察,女,1.0,本科学士及以上,公安学类、体育学类,否,3:1,3:1,2:1,全日制普通高等院校毕业,,True,1,False,0
30,万州区法院,FY031,法官助理1,男,2.0,本科学士及以上,法学类,否,3:1,否,2:1,全日制普通高等院校毕业；具有法律职业资格证书A证,"023-87666019
023-87666021",False,0,True,2
31,,FY032,法官助理2,女,1.0,本科学士及以上,法学类,否,3:1,否,2:1,全日制普通高等院校毕业；具有法律职业资格证书A证,,True,1,False,0
32,黔江区法院,FY033,法官助理1,男,1.0,本科学士及以上,法学类,否,3:1,否,2:1,全日制普通高等院校毕业；具有法律职业资格证书A证,023-79250149,False,0,True,1
33,,FY034,法官助理2,女,1.0,本科学士及以上,法学类,否,3:1,否,2:1,全日制普通高等院校毕业；具有法律职业资格证书A证,,True,1,False,0
34,涪陵区法院,FY035,法官助理1,男,3.0,本科学士及以上,法学类,否,3:1,否,2:1,全日制普通高等院校毕业；具有法律职业资格证书A证,023-72812879,False,0,True,3
35,,FY036,法官助理2,不限,1.0,本科学士及以上,法学类,否,3:1,否,2:1,全日制普通高等院校毕业；具有法律职业资格证书A证,,False,0,False,0
36,,FY037,司法警察,女,1.0,本科学士及以上,公安学类、体育学类,否,3:1,3:1,2:1,全日制普通高等院校毕业,,True,1,False,0
37,渝中区法院,FY038,法官助理1,男,5.0,研究生学历并取得硕士及以上相应学位,法学类,否,3:1,否,2:1,本科段和研究生段均为全日制普通高等院校法学类专业毕业；具有法律职业资格证书A证,023-63695358,False,0,True,5
38,,FY039,法官助理2,女,3.0,研究生学历并取得硕士及以上相应学位,法学类,否,3:1,否,2:1,本科段和研究生段均为全日制普通高等院校法学类专业毕业；具有法律职业资格证书A证,,True,3,False,0
39,,FY040,法官助理3,不限,3.0,研究生学历并取得硕士及以上相应学位,法学类,否,3:1,否,2:1,本科段和研究生段均为全日制普通高等院校法学类专业毕业；具有法律职业资格证书A证,,False,0,False,0
40,大渡口区法院,FY041,法官助理,男,1.0,研究生学历并取得硕士及以上相应学位,法学类,否,3:1,否,2:1,本科段和研究生段均为全日制普通高等院校法学类专业毕业；具有法律职业资格证书A证,023-68901656,False,0,True,1
41,,FY042,司法行政人员1,不限,1.0,研究生学历并取得硕士及以上相应学位,政治学类，马克思主义理论类，行政管理专业、公共政策学专业、公共管理硕士专业、人力资源管理专业,否,3:1,否,2:1,本科段和研究生段均为全日制普通高等院校毕业,,False,0,False,0
42,,FY043,司法行政人员2,女,1.0,本科学士及以上,"本科：图书情报与档案管理类，信息管理与信息系统专业
研究生：图书情报与档案管理类，计算机与信息管理专业",否,3:1,否,2:1,全日制普通高等院校毕业,,True,1,False,0
43,,FY044,司法警察,男,1.0,本科学士及以上,公安学类、体育学类,否,3:1,3:1,2:1,全日制普通高等院校毕业,,False,0,True,1
44,江北区法院,FY045,法官助理1,不限,3.0,研究生学历并取得硕士及以上相应学位,法学类,否,3:1,否,2:1,本科段和研究生段均为全日制普通高等院校法学类专业毕业；具有法律职业资格证书A证,023-67563970,False,0,False,0
45,,FY046,法官助理2,男,4.0,本科学士及以上,法学类,否,3:1,否,2:1,全日制普通高等院校毕业；具有法律职业资格证书A证,,False,0,True,4
46,,FY047,法官助理3,女,2.0,本科学士及以上,法学类,否,3:1,否,2:1,全日制普通高等院校毕业；具有法律职业资格证书A证,,True,2,False,0
47,,FY048,司法行政人员,不限,1.0,本科学士及以上,计算机类,否,3:1,否,2:1,全日制普通高等院校毕业,,False,0,False,0
48,沙坪坝区法院,FY049,法官助理1,男,2.0,研究生学历并取得硕士及以上相应学位,民法学专业、民商法学专业、民商法专业、经济法学专业、国际法学专业、国际经济法专业、法学理论专业、法理学专业、法律史专业、比较法学专业、法律逻辑专业、法律逻辑学专业,否,3:1,否,2:1,本科段和研究生段均为全日制普通高等院校法学类专业毕业；具有法律职业资格证书A证,023-65483355,False,0,True,2
49,,FY050,法官助理2,女,3.0,研究生学历并取得硕士及以上相应学位,民法学专业、民商法学专业、民商法专业、经济法学专业、国际法学专业、国际经济法专业、法学理论专业、法理学专业、法律史专业、比较法学专业、法律逻辑专业、法律逻辑学专业,否,3:1,否,2:1,本科段和研究生段均为全日制普通高等院校法学类专业毕业；具有法律职业资格证书A证,,True,3,False,0
50,,FY051,法官助理3,男,3.0,研究生学历并取得硕士及以上相应学位,刑法学专业、中国刑法学专业、犯罪学专业、经济刑法学专业、比较刑法学专业、宪法学与行政法学专业、诉讼法学专业、刑事诉讼法学专业、行政诉讼法学专业、中国司法制度专业、比较司法制度专业、司法制度专业,否,3:1,否,2:1,本科段和研究生段均为全日制普通高等院校法学类专业毕业；具有法律职业资格证书A证,,False,0,True,3
51,,FY052,法官助理4,男,4.0,研究生学历并取得硕士及以上相应学位,法学类,否,3:1,否,2:1,本科段和研究生段均为全日制普通高等院校法学类专业毕业；具有法律职业资格证书A证,,False,0,True,4
52,,FY053,法官助理5,女,3.0,研究生学历并取得硕士及以上相应学位,法学类,否,3:1,否,2:1,本科段和研究生段均为全日制普通高等院校法学类专业毕业；具有法律职业资格证书A证,,True,3,False,0
53,,FY054,司法行政人员1,不限,1.0,研究生学历并取得硕士及以上相应学位,政治学类，马克思主义理论类，行政管理专业、公共政策学专业、公共管理硕士专业、人力资源管理专业,否,3:1,否,2:1,本科段和研究生段均为全日制普通高等院校毕业,,False,0,False,0
54,,FY055,司法行政人员2,不限,1.0,本科学士及以上,"本科：会计专业、会计学专业、审计专业、审计学专业、财务会计专业、审计实务专业、会计电算化专业、财务电算化专业、会计与统计核算专业、财务信息管理专业、工业会计专业、企业会计专业、财会专业
研究生：会计学专业、审计学专业、财务管理专业、会计硕士专业",否,3:1,否,2:1,全日制普通高等院校毕业,,False,0,False,0
55,,FY056,司法行政人员3,不限,1.0,本科学士及以上,"本科：图书情报与档案管理类，信息管理与信息系统专业
研究生：图书情报与档案管理类，计算机与信息管理专业",否,3:1,否,2:1,全日制普通高等院校毕业,,False,0,False,0
56,九龙坡区法院,FY057,法官助理1,男,5.0,研究生学历并取得硕士及以上相应学位,法学类,否,3:1,否,2:1,本科段和研究生段均为全日制普通高等院校法学类专业毕业；具有法律职业资格证书A证,023-68199370,False,0,True,5
57,,FY058,法官助理2,女,4.0,研究生学历并取得硕士及以上相应学位,法学类,否,3:1,否,2:1,本科段和研究生段均为全日制普通高等院校法学类专业毕业；具有法律职业资格证书A证,,True,4,False,0
58,,FY059,法官助理3,男,2.0,研究生学历并取得硕士及以上相应学位,民商法学专业、民商法专业、经济法学专业、诉讼法学专业,否,3:1,否,2:1,本科段和研究生段均为全日制普通高等院校法学类专业毕业；具有法律职业资格证书A证,,False,0,True,2
59,,FY060,法官助理4,女,2.0,研究生学历并取得硕士及以上相应学位,民商法学专业、民商法专业、经济法学专业、诉讼法学专业,否,3:1,否,2:1,本科段和研究生段均为全日制普通高等院校法学类专业毕业；具有法律职业资格证书A证,,True,2,False,0
60,,FY061,司法行政人员,不限,1.0,本科学士及以上,"本科：新闻传播学类，汉语言文学专业、汉语言专业、对外汉语专业、汉语言文学教育专业、中国语言文化专业、中国语言文学专业、中文应用专业、应用语言学专业、文学专业、中国文学专业、秘书学专业、文秘专业、文秘学专业、中文秘书教育专业、现代秘书专业
研究生：新闻传播学类，语言学及应用语言学专业、汉语言文字学专业、中国古代文学专业、中国现当代文学专业、文学阅读与文学教育专业、比较文学与世界文学专业",否,3:1,否,2:1,全日制普通高等院校毕业,,False,0,False,0
61,,FY062,司法警察,男,1.0,本科学士及以上,公安学类、体育学类,否,3:1,3:1,2:1,全日制普通高等院校毕业,,False,0,True,1
62,南岸区法院,FY063,法官助理1,男,1.0,研究生学历并取得硕士及以上相应学位,法学类,否,3:1,否,2:1,本科段和研究生段均为全日制普通高等院校法学类专业毕业；具有法律职业资格证书A证,023-65589075,False,0,True,1
63,,FY064,法官助理2,女,2.0,研究生学历并取得硕士及以上相应学位,法学类,否,3:1,否,2:1,本科段和研究生段均为全日制普通高等院校法学类专业毕业；具有法律职业资格证书A证,,True,2,False,0
64,,FY065,法官助理3,男,2.0,本科学士及以上,法学类,否,3:1,否,2:1,全日制普通高等院校毕业；具有法律职业资格证书A证,,False,0,True,2
65,,FY066,法官助理4,不限,1.0,本科学士及以上,法学类,否,3:1,否,2:1,全日制普通高等院校毕业；具有法律职业资格证书A证,,False,0,False,0
66,北碚区法院,FY067,法官助理1,男,1.0,研究生学历并取得硕士及以上相应学位,法学类,否,3:1,否,2:1,本科段和研究生段均为全日制普通高等院校法学类专业毕业；具有法律职业资格证书A证,"023-68316753  
023-68316710",False,0,True,1
67,,FY068,法官助理2,女,1.0,研究生学历并取得硕士及以上相应学位,法学类,否,3:1,否,2:1,本科段和研究生段均为全日制普通高等院校法学类专业毕业；具有法律职业资格证书A证,,True,1,False,0
68,,FY069,司法行政人员1,男,2.0,研究生学历并取得硕士及以上相应学位,新闻传播学类，语言学及应用语言学专业、汉语言文字学专业、中国古代文学专业、中国现当代文学专业、文学阅读与文学教育专业、比较文学与世界文学专业,否,3:1,否,2:1,本科段和研究生段均为全日制普通高等院校毕业,,False,0,True,2
69,,FY070,司法行政人员2,不限,1.0,本科学士及以上,"本科：图书情报与档案管理类，信息管理与信息系统专业
研究生：图书情报与档案管理类，计算机与信息管理专业",否,3:1,否,2:1,全日制普通高等院校毕业,,False,0,False,0
70,渝北区法院,FY071,法官助理1,男,5.0,研究生学历并取得硕士及以上相应学位,法学类,否,3:1,否,2:1,本科段和研究生段均为全日制普通高等院校法学类专业毕业；具有法律职业资格证书A证,023-67177529,False,0,True,5
71,,FY072,法官助理2,女,3.0,研究生学历并取得硕士及以上相应学位,法学类,否,3:1,否,2:1,本科段和研究生段均为全日制普通高等院校法学类专业毕业；具有法律职业资格证书A证,,True,3,False,0
72,,FY073,法官助理3,男,2.0,研究生学历并取得硕士及以上相应学位,民法学专业、民商法学专业、民商法专业、经济法学专业,否,3:1,否,2:1,本科段和研究生段均为全日制普通高等院校法学类专业毕业；具有法律职业资格证书A证,,False,0,True,2
73,,FY074,法官助理4,女,1.0,研究生学历并取得硕士及以上相应学位,民法学专业、民商法学专业、民商法专业、经济法学专业,否,3:1,否,2:1,本科段和研究生段均为全日制普通高等院校法学类专业毕业；具有法律职业资格证书A证,,True,1,False,0
74,,FY075,司法行政人员,不限,1.0,本科学士及以上,"本科：会计专业、会计学专业、审计专业、审计学专业、财务会计专业、审计实务专业、会计电算化专业、财务电算化专业、会计与统计核算专业、财务信息管理专业、工业会计专业、企业会计专业、财会专业
研究生：会计学专业、审计学专业、财务管理专业、会计硕士专业",否,3:1,否,2:1,全日制普通高等院校毕业,,False,0,False,0
75,,FY076,司法警察1,男,1.0,本科学士及以上,公安学类、体育学类,否,3:1,3:1,2:1,全日制普通高等院校毕业,,False,0,True,1
76,,FY077,司法警察2,男,1.0,本科及以上,不限,否,3:1,3:1,2:1,面向重庆籍退役军人招录,,False,0,True,1
77,巴南区法院,FY078,法官助理1,男,2.0,本科学士及以上,法学类,否,3:1,否,2:1,全日制普通高等院校毕业；具有法律职业资格证书A证,"023-66234868
023-66226112
023-66214877",False,0,True,2
78,,FY079,法官助理2,女,2.0,本科学士及以上,法学类,否,3:1,否,2:1,全日制普通高等院校毕业；具有法律职业资格证书A证,,True,2,False,0
79,,FY080,司法行政人员1,男,1.0,本科学士及以上,"本科：新闻传播学类，汉语言文学专业、汉语言专业、对外汉语专业、汉语言文学教育专业、中国语言文化专业、中国语言文学专业、中文应用专业、应用语言学专业、文学专业、中国文学专业、秘书学专业、文秘专业、文秘学专业、中文秘书教育专业、现代秘书专业
研究生：新闻传播学类，语言学及应用语言学专业、汉语言文字学专业、中国古代文学专业、中国现当代文学专业、文学阅读与文学教育专业、比较文学与世界文学专业",否,3:1,否,2:1,全日制普通高等院校毕业,,False,0,True,1
80,,FY081,司法行政人员2,不限,1.0,本科学士及以上,"本科：新闻传播学类，汉语言文学专业、汉语言专业、对外汉语专业、汉语言文学教育专业、中国语言文化专业、中国语言文学专业、中文应用专业、应用语言学专业、文学专业、中国文学专业、秘书学专业、文秘专业、文秘学专业、中文秘书教育专业、现代秘书专业
研究生：新闻传播学类，语言学及应用语言学专业、汉语言文字学专业、中国古代文学专业、中国现当代文学专业、文学阅读与文学教育专业、比较文学与世界文学专业",否,3:1,否,2:1,全日制普通高等院校毕业,,False,0,False,0
81,,FY082,司法行政人员3,不限,1.0,本科学士及以上,"本科：图书情报与档案管理类，信息管理与信息系统专业
研究生：图书情报与档案管理类，计算机与信息管理专业",否,3:1,否,2:1,全日制普通高等院校毕业,,False,0,False,0
82,,FY083,司法警察,男,1.0,本科学士及以上,公安学类、体育学类,否,3:1,3:1,2:1,全日制普通高等院校毕业,,False,0,True,1
83,长寿区法院,FY084,法官助理1,男,2.0,本科学士及以上,法学类,否,3:1,否,2:1,全日制普通高等院校毕业；具有法律职业资格证书A证,023-40233260,False,0,True,2
84,,FY085,法官助理2,女,1.0,本科学士及以上,法学类,否,3:1,否,2:1,全日制普通高等院校毕业；具有法律职业资格证书A证,,True,1,False,0
85,,FY086,司法行政人员1,男,1.0,本科学士及以上,"本科：新闻传播学类，汉语言文学专业、汉语言专业、对外汉语专业、汉语言文学教育专业、中国语言文化专业、中国语言文学专业、中文应用专业、应用语言学专业、文学专业、中国文学专业、秘书学专业、文秘专业、文秘学专业、中文秘书教育专业、现代秘书专业
研究生：新闻传播学类，语言学及应用语言学专业、汉语言文字学专业、中国古代文学专业、中国现当代文学专业、文学阅读与文学教育专业、比较文学与世界文学专业",否,3:1,否,2:1,全日制普通高等院校毕业,,False,0,True,1
86,,FY087,司法行政人员2,不限,1.0,本科学士及以上,"本科：新闻传播学类，汉语言文学专业、汉语言专业、对外汉语专业、汉语言文学教育专业、中国语言文化专业、中国语言文学专业、中文应用专业、应用语言学专业、文学专业、中国文学专业、秘书学专业、文秘专业、文秘学专业、中文秘书教育专业、现代秘书专业
研究生：新闻传播学类，语言学及应用语言学专业、汉语言文字学专业、中国古代文学专业、中国现当代文学专业、文学阅读与文学教育专业、比较文学与世界文学专业",否,3:1,否,2:1,全日制普通高等院校毕业,,False,0,False,0
87,江津区法院,FY088,法官助理1,男,3.0,本科学士及以上,法学类,否,3:1,否,2:1,全日制普通高等院校毕业；具有法律职业资格证书A证,023-47586816             023-47586851,False,0,True,3
88,,FY089,法官助理2,女,3.0,本科学士及以上,法学类,否,3:1,否,2:1,全日制普通高等院校毕业；具有法律职业资格证书A证,,True,3,False,0
89,,FY090,司法行政人员,不限,1.0,本科学士及以上,"本科：会计专业、会计学专业、审计专业、审计学专业、财务会计专业、审计实务专业、会计电算化专业、财务电算化专业、会计与统计核算专业、财务信息管理专业、工业会计专业、企业会计专业、财会专业
研究生：会计学专业、审计学专业、财务管理专业、会计硕士专业",否,3:1,否,2:1,全日制普通高等院校毕业,,False,0,False,0
90,合川区法院,FY091,法官助理1,男,2.0,本科学士及以上,法学类,否,3:1,否,2:1,全日制普通高等院校毕业；具有法律职业资格证书A证,"023-64291352
023-64291355",False,0,True,2
91,,FY092,法官助理2,女,1.0,本科学士及以上,法学类,否,3:1,否,2:1,全日制普通高等院校毕业；具有法律职业资格证书A证,,True,1,False,0
92,,FY093,司法行政人员1,男,1.0,本科学士及以上,"本科：政治学类，马克思主义理论类，行政管理专业、行政管理学专业、公共政策学专业、公共管理专业、人力资源管理专业
研究生：政治学类，马克思主义理论类，行政管理专业、公共政策学专业、公共管理硕士专业、人力资源管理专业",否,3:1,否,2:1,全日制普通高等院校毕业,,False,0,True,1
93,,FY094,司法行政人员2,不限,1.0,本科学士及以上,"本科：新闻传播学类，汉语言文学专业、汉语言专业、对外汉语专业、汉语言文学教育专业、中国语言文化专业、中国语言文学专业、中文应用专业、应用语言学专业、文学专业、中国文学专业、秘书学专业、文秘专业、文秘学专业、中文秘书教育专业、现代秘书专业
研究生：新闻传播学类，语言学及应用语言学专业、汉语言文字学专业、中国古代文学专业、中国现当代文学专业、文学阅读与文学教育专业、比较文学与世界文学专业",否,3:1,否,2:1,全日制普通高等院校毕业,,False,0,False,0
94,,FY095,司法警察1,男,1.0,本科学士及以上,公安学类、体育学类,否,3:1,3:1,2:1,全日制普通高等院校毕业,,False,0,True,1
95,,FY096,司法警察2,女,1.0,本科学士及以上,公安学类、体育学类,否,3:1,3:1,2:1,全日制普通高等院校毕业,,True,1,False,0
96,永川区法院,FY097,法官助理1,男,2.0,研究生学历并取得硕士及以上相应学位,法学类,否,3:1,否,2:1,本科段和研究生段均为全日制普通高等院校毕业；具有法律职业资格证书A证,023—49519102,False,0,True,2
97,,FY098,法官助理2,女,3.0,研究生学历并取得硕士及以上相应学位,法学类,否,3:1,否,2:1,本科段和研究生段均为全日制普通高等院校毕业；具有法律职业资格证书A证,,True,3,False,0
98,,FY099,法官助理3,男,3.0,本科学士及以上,法学类,否,3:1,否,2:1,全日制普通高等院校毕业；具有法律职业资格证书A证,,False,0,True,3
99,,FY100,法官助理4,不限,1.0,本科学士及以上,法学类,否,3:1,否,2:1,全日制普通高等院校毕业；具有法律职业资格证书A证,,False,0,False,0
100,南川区法院,FY101,法官助理,不限,1.0,本科学士及以上,法学类,否,3:1,否,2:1,全日制普通高等院校毕业；具有法律职业资格证书A证,023-64567018,False,0,False,0
101,綦江区法院,FY102,法官助理1,男,5.0,本科学士及以上,法学类,否,3:1,否,2:1,全日制普通高等院校毕业；具有法律职业资格证书A证,023—85890515,False,0,True,5
102,,FY103,法官助理2,女,2.0,本科学士及以上,法学类,否,3:1,否,2:1,全日制普通高等院校毕业；具有法律职业资格证书A证,,True,2,False,0
103,,FY104,司法行政人员1,男,1.0,本科学士及以上,"本科：政治学类，马克思主义理论类，行政管理专业、行政管理学专业、公共政策学专业、公共管理专业、人力资源管理专业
研究生：政治学类，马克思主义理论类，行政管理专业、公共政策学专业、公共管理硕士专业、人力资源管理专业",否,3:1,否,2:1,全日制普通高等院校毕业,,False,0,True,1
104,,FY105,司法行政人员2,不限,1.0,本科学士及以上,"本科：新闻传播学类，汉语言文学专业、汉语言专业、对外汉语专业、汉语言文学教育专业、中国语言文化专业、中国语言文学专业、中文应用专业、应用语言学专业、文学专业、中国文学专业、秘书学专业、文秘专业、文秘学专业、中文秘书教育专业、现代秘书专业
研究生：新闻传播学类，语言学及应用语言学专业、汉语言文字学专业、中国古代文学专业、中国现当代文学专业、文学阅读与文学教育专业、比较文学与世界文学专业",否,3:1,否,2:1,全日制普通高等院校毕业,,False,0,False,0
105,,FY106,司法警察,女,1.0,本科学士及以上,公安学类、体育学类,否,3:1,3:1,2:1,全日制普通高等院校毕业,,True,1,False,0
106,大足区法院,FY107,法官助理1,女,1.0,研究生学历并取得硕士及以上相应学位,法学类,否,3:1,否,2:1,本科段和研究生段均为全日制普通高等院校毕业；具有法律职业资格证书A证,"023-64386501
023-64386540",True,1,False,0
107,,FY108,法官助理2,男,2.0,本科学士及以上,法学类,否,3:1,否,2:1,全日制普通高等院校毕业；具有法律职业资格证书A证,,False,0,True,2
108,,FY109,法官助理3,女,1.0,本科学士及以上,法学类,否,3:1,否,2:1,全日制普通高等院校毕业；具有法律职业资格证书A证,,True,1,False,0
109,,FY110,司法行政人员,不限,1.0,本科学士及以上,"本科：政治学类，马克思主义理论类，行政管理专业、行政管理学专业、公共政策学专业、公共管理专业、人力资源管理专业
研究生：政治学类，马克思主义理论类，行政管理专业、公共政策学专业、公共管理硕士专业、人力资源管理专业",否,3:1,否,2:1,全日制普通高等院校毕业,,False,0,False,0
110,璧山区法院,FY111,法官助理1,男,1.0,本科学士及以上,法学类,否,3:1,否,2:1,全日制普通高等院校毕业；具有法律职业资格证书A证,"
023-41702020
023-41702004
",False,0,True,1
111,,FY112,法官助理2,女,1.0,本科学士及以上,法学类,否,3:1,否,2:1,全日制普通高等院校毕业；具有法律职业资格证书A证,,True,1,False,0
112,铜梁区法院,FY113,法官助理1,男,4.0,本科学士及以上,法学类,否,3:1,否,2:1,全日制普通高等院校毕业；具有法律职业资格证书A证,023-45659416          023-45659297,False,0,True,4
113,,FY114,法官助理2,女,3.0,本科学士及以上,法学类,否,3:1,否,2:1,全日制普通高等院校毕业；具有法律职业资格证书A证,,True,3,False,0
114,,FY115,司法行政人员,不限,1.0,本科学士及以上,"本科：会计专业、会计学专业、审计专业、审计学专业、财务会计专业、审计实务专业、会计电算化专业、财务电算化专业、会计与统计核算专业、财务信息管理专业、工业会计专业、企业会计专业、财会专业
研究生：会计学专业、审计学专业、财务管理专业、会计硕士专业",否,3:1,否,2:1,全日制普通高等院校毕业,,False,0,False,0
115,潼南区法院,FY116,法官助理1,男,4.0,本科学士及以上,法学类,否,3:1,否,2:1,全日制普通高等院校毕业；具有法律职业资格证书A证,"023-44598005
023-44598017",False,0,True,4
116,,FY117,法官助理2,女,2.0,本科学士及以上,法学类,否,3:1,否,2:1,全日制普通高等院校毕业；具有法律职业资格证书A证,,True,2,False,0
117,,FY118,司法行政人员,不限,1.0,本科学士及以上,"本科：图书情报与档案管理类，信息管理与信息系统专业
研究生：图书情报与档案管理类，计算机与信息管理专业",否,3:1,否,2:1,全日制普通高等院校毕业,,False,0,False,0
118,荣昌区法院,FY119,法官助理1,男,1.0,本科学士及以上,法学类,否,3:1,否,2:1,全日制普通高等院校毕业；具有法律职业资格证书A证,023-46781945,False,0,True,1
119,,FY120,法官助理2,女,1.0,本科学士及以上,法学类,否,3:1,否,2:1,全日制普通高等院校毕业；具有法律职业资格证书A证,,True,1,False,0
120,,FY121,司法行政人员1,不限,1.0,本科学士及以上,"本科：新闻传播学类，汉语言文学专业、汉语言专业、对外汉语专业、汉语言文学教育专业、中国语言文化专业、中国语言文学专业、中文应用专业、应用语言学专业、文学专业、中国文学专业、秘书学专业、文秘专业、文秘学专业、中文秘书教育专业、现代秘书专业
研究生：新闻传播学类，语言学及应用语言学专业、汉语言文字学专业、中国古代文学专业、中国现当代文学专业、文学阅读与文学教育专业、比较文学与世界文学专业",否,3:1,否,2:1,全日制普通高等院校毕业,,False,0,False,0
121,,FY122,司法行政人员2,不限,1.0,本科学士及以上,"本科：会计专业、会计学专业、审计专业、审计学专业、财务会计专业、审计实务专业、会计电算化专业、财务电算化专业、会计与统计核算专业、财务信息管理专业、工业会计专业、企业会计专业、财会专业
研究生：会计学专业、审计学专业、财务管理专业、会计硕士专业",否,3:1,否,2:1,全日制普通高等院校毕业,,False,0,False,0
122,梁平区法院,FY123,法官助理1,男,1.0,本科学士及以上,法学类,否,3:1,否,2:1,全日制普通高等院校毕业；具有法律职业资格证书A证,023-53367616,False,0,True,1
123,,FY124,法官助理2,女,1.0,本科学士及以上,法学类,否,3:1,否,2:1,全日制普通高等院校毕业；具有法律职业资格证书A证,,True,1,False,0
124,,FY125,司法行政人员1,男,2.0,本科学士及以上,"本科：新闻传播学类，汉语言文学专业、汉语言专业、对外汉语专业、汉语言文学教育专业、中国语言文化专业、中国语言文学专业、中文应用专业、应用语言学专业、文学专业、中国文学专业、秘书学专业、文秘专业、文秘学专业、中文秘书教育专业、现代秘书专业
研究生：新闻传播学类，语言学及应用语言学专业、汉语言文字学专业、中国古代文学专业、中国现当代文学专业、文学阅读与文学教育专业、比较文学与世界文学专业",否,3:1,否,2:1,全日制普通高等院校毕业,,False,0,True,2
125,,FY126,司法行政人员2,不限,1.0,本科学士及以上,"本科：新闻传播学类，汉语言文学专业、汉语言专业、对外汉语专业、汉语言文学教育专业、中国语言文化专业、中国语言文学专业、中文应用专业、应用语言学专业、文学专业、中国文学专业、秘书学专业、文秘专业、文秘学专业、中文秘书教育专业、现代秘书专业
研究生：新闻传播学类，语言学及应用语言学专业、汉语言文字学专业、中国古代文学专业、中国现当代文学专业、文学阅读与文学教育专业、比较文学与世界文学专业",否,3:1,否,2:1,全日制普通高等院校毕业,,False,0,False,0
126,,FY127,司法行政人员3,女,1.0,本科学士及以上,"本科：会计专业、会计学专业、审计专业、审计学专业、财务会计专业、审计实务专业、会计电算化专业、财务电算化专业、会计与统计核算专业、财务信息管理专业、工业会计专业、企业会计专业、财会专业
研究生：会计学专业、审计学专业、财务管理专业、会计硕士专业",否,3:1,否,2:1,全日制普通高等院校毕业,,True,1,False,0
127,武隆区法院,FY128,法官助理1,男,1.0,本科学士及以上,法学类,否,3:1,否,2:1,全日制普通高等院校毕业；具有法律职业资格证书A证,023-77823008,False,0,True,1
128,,FY129,法官助理2,女,1.0,本科学士及以上,法学类,否,3:1,否,2:1,全日制普通高等院校毕业；具有法律职业资格证书A证,,True,1,False,0
129,城口县法院,FY130,法官助理1,男,1.0,本科学士及以上,法学类,否,3:1,否,2:1,全日制普通高等院校毕业；具有法律职业资格证书A证,023-59225408,False,0,True,1
130,,FY131,法官助理2,女,1.0,本科学士及以上,法学类,否,3:1,否,2:1,全日制普通高等院校毕业；具有法律职业资格证书A证,,True,1,False,0
131,垫江县法院,FY132,法官助理1,男,1.0,本科学士及以上,法学类,否,3:1,否,2:1,全日制普通高等院校毕业；具有法律职业资格证书A证,023-74637237,False,0,True,1
132,,FY133,法官助理2,女,1.0,本科学士及以上,法学类,否,3:1,否,2:1,全日制普通高等院校毕业；具有法律职业资格证书A证,,True,1,False,0
133,忠县法院,FY134,司法行政人员,不限,1.0,本科学士及以上,"本科：新闻传播学类，汉语言文学专业、汉语言专业、对外汉语专业、汉语言文学教育专业、中国语言文化专业、中国语言文学专业、中文应用专业、应用语言学专业、文学专业、中国文学专业、秘书学专业、文秘专业、文秘学专业、中文秘书教育专业、现代秘书专业
研究生：新闻传播学类，语言学及应用语言学专业、汉语言文字学专业、中国古代文学专业、中国现当代文学专业、文学阅读与文学教育专业、比较文学与世界文学专业",否,3:1,否,2:1,全日制普通高等院校毕业,023-54219603,False,0,False,0
134,云阳县法院,FY135,法官助理1,男,1.0,本科学士及以上,法学类,否,3:1,否,2:1,全日制普通高等院校毕业；具有法律职业资格证书A证,023-55166829,False,0,True,1
135,,FY136,法官助理2,女,1.0,本科学士及以上,法学类,否,3:1,否,2:1,全日制普通高等院校毕业；具有法律职业资格证书A证,,True,1,False,0
136,奉节县法院,FY137,法官助理1,男,1.0,本科学士及以上,法学类,否,3:1,否,2:1,全日制普通高等院校毕业；具有法律职业资格证书A证,023-81760837,False,0,True,1
137,,FY138,法官助理2,女,1.0,本科学士及以上,法学类,否,3:1,否,2:1,全日制普通高等院校毕业；具有法律职业资格证书A证,,True,1,False,0
138,,FY139,法官助理3,不限,1.0,本科学士及以上,法学类,否,3:1,否,2:1,全日制普通高等院校毕业；具有法律职业资格证书A证,,False,0,False,0
139,,FY140,司法行政人员,男,1.0,本科学士及以上,"本科：新闻传播学类，汉语言文学专业、汉语言专业、对外汉语专业、汉语言文学教育专业、中国语言文化专业、中国语言文学专业、中文应用专业、应用语言学专业、文学专业、中国文学专业、秘书学专业、文秘专业、文秘学专业、中文秘书教育专业、现代秘书专业
研究生：新闻传播学类，语言学及应用语言学专业、汉语言文字学专业、中国古代文学专业、中国现当代文学专业、文学阅读与文学教育专业、比较文学与世界文学专业",否,3:1,否,2:1,全日制普通高等院校毕业,,False,0,True,1
140,,FY141,司法警察,男,1.0,本科学士及以上,公安学类、体育学类,否,3:1,3:1,2:1,全日制普通高等院校毕业,,False,0,True,1
141,巫山县法院,FY142,法官助理1,男,3.0,本科学士及以上,法学类,否,3:1,否,2:1,全日制普通高等院校毕业；具有法律职业资格证书A证,023-57651004,False,0,True,3
142,,FY143,法官助理2,女,1.0,本科学士及以上,法学类,否,3:1,否,2:1,全日制普通高等院校毕业；具有法律职业资格证书A证,,True,1,False,0
143,巫溪县法院,FY144,法官助理1,男,1.0,本科学士及以上,法学类,否,3:1,否,2:1,全日制普通高等院校毕业；具有法律职业资格证书A证,023-51515142,False,0,True,1
144,,FY145,法官助理2,女,2.0,本科学士及以上,法学类,否,3:1,否,2:1,全日制普通高等院校毕业；具有法律职业资格证书A证,,True,2,False,0
145,,FY146,司法行政人员,不限,1.0,本科学士及以上,"本科：会计专业、会计学专业、审计专业、审计学专业、财务会计专业、审计实务专业、会计电算化专业、财务电算化专业、会计与统计核算专业、财务信息管理专业、工业会计专业、企业会计专业、财会专业
研究生：会计学专业、审计学专业、财务管理专业、会计硕士专业",否,3:1,否,2:1,全日制普通高等院校毕业,,False,0,False,0
146,,FY147,司法警察,男,2.0,本科学士及以上,公安学类、体育学类,否,3:1,3:1,2:1,全日制普通高等院校毕业,,False,0,True,2
147,石柱县法院,FY148,法官助理1,女,1.0,研究生学历并取得硕士及以上相应学位,刑法学专业、比较刑法学专业、中国刑法学专业、刑事诉讼法学专业,否,3:1,否,2:1,本科段和研究生段均为全日制普通高等院校毕业；具有法律职业资格证书,023-73335454,True,1,False,0
148,,FY149,法官助理2,男,1.0,本科学士及以上,法学类,否,3:1,否,2:1,全日制普通高等院校毕业；具有法律职业资格证书,,False,0,True,1
149,秀山县法院,FY150,法官助理1,男,4.0,本科学士及以上,法学类,否,3:1,否,2:1,全日制普通高等院校毕业；具有法律职业资格证书,023-76606880,False,0,True,4
150,,FY151,法官助理2,女,2.0,本科学士及以上,法学类,否,3:1,否,2:1,全日制普通高等院校毕业；具有法律职业资格证书,,True,2,False,0
151,酉阳县法院,FY152,法官助理1,男,2.0,本科学士及以上,法学类,否,3:1,否,2:1,全日制普通高等院校毕业；具有法律职业资格证书,023-75315804,False,0,True,2
152,,FY153,法官助理2,女,1.0,本科学士及以上,法学类,否,3:1,否,2:1,全日制普通高等院校毕业；具有法律职业资格证书,,True,1,False,0
153,,FY154,司法行政人员,不限,1.0,本科学士及以上,"本科：新闻传播学类，汉语言文学专业、汉语言专业、对外汉语专业、汉语言文学教育专业、中国语言文化专业、中国语言文学专业、中文应用专业、应用语言学专业、文学专业、中国文学专业、秘书学专业、文秘专业、文秘学专业、中文秘书教育专业、现代秘书专业
研究生：新闻传播学类，语言学及应用语言学专业、汉语言文字学专业、中国古代文学专业、中国现当代文学专业、文学阅读与文学教育专业、比较文学与世界文学专业",否,3:1,否,2:1,全日制普通高等院校毕业,,False,0,False,0
154,彭水县法院,FY155,法官助理1,男,1.0,本科学士及以上,法学类,否,3:1,否,2:1,全日制普通高等院校毕业；具有法律职业资格证书,023-78493916,False,0,True,1
155,,FY156,法官助理2,女,1.0,本科学士及以上,法学类,否,3:1,否,2:1,全日制普通高等院校毕业；具有法律职业资格证书,,True,1,False,0
156,"备注：1.报考人员所填报专业以毕业证书上载明的专业为准。
            2.2018年参加国家统一法律职业资格考试成绩达到重庆市合格线的，视为取得相应法律职业资格证书。 ",,,,,,,,,,,,,False,0,False,0
157,市检察院一分院,JC001,检察官助理,不限,8.0,本科学士,法学专业、知识产权专业、知识产权法专业、诉讼法专业、法律专业、刑事司法专业、经济法律事务专业、大法学专业、经济法学专业、行政法专业、民商法专业,是,3:1,无,2:1,本科段为全日制普通高等院校毕业；具有法律职业资格证书A证,023-67697703,False,0,False,0
158,市检察院二分院,JC002,检察官助理1,男,1.0,研究生学历并取得硕士及以上相应学位,法学类,是,3:1,无,2:1,本科段和研究生段均为全日制普通高等院校法学类专业毕业；具有法律职业资格证书A证,023-58207293,False,0,True,1
159,,JC003,检察官助理2,女,1.0,本科学士,法学类,是,3:1,无,2:1,本科段为全日制普通高等院校毕业；具有法律职业资格证书A证,,True,1,False,0
160,,JC004,检察官助理3,不限,1.0,本科学士,法学类,是,3:1,无,2:1,本科段为全日制普通高等院校毕业；具有法律职业资格证书A证,,False,0,False,0
161,市检察院三分院,JC005,司法行政人员1,男,1.0,本科学士及以上,"本科：政治学与行政学专业、政治学专业、经济学与哲学专业、科学社会主义专业、思想政治教育专业、科学社会主义与国际共产主义运动专业、中国共产党党史专业
研究生：马克思主义理论与思想政治教育专业、思想政治教育专业、政治学理论专业、中共党史专业、科学社会主义与国际共产主义运动专业、马克思主义理论专业                         ",是,3:1,无,2:1,全日制普通高等院校毕业,13896485925,False,0,True,1
162,,JC006,司法行政人员2,男,1.0,本科学士及以上,"本科：汉语言文学专业、汉语言专业、文学专业、中文应用专业、秘书学专业、文秘专业、文秘学专业                                                        
研究生：语言学及应用语言学专业、汉语言文字学专业、中国古典文献学专业、中国古代文学专业、中国现当代文学专业、经济秘书专业",是,3:1,无,2:1,全日制普通高等院校毕业,,False,0,True,1
163,,JC007,司法行政人员3,女,1.0,本科学士及以上,"本科：新闻学专业、广播电视新闻学专业、媒体创意专业、新闻专业、网络与新媒体专业、新媒体与信息网络专业
研究生：新闻学专业、传播学专业、新闻与传播专业、编辑出版学专业、媒体与文化分析专业、国际新闻专业                                                         ",是,3:1,无,2:1,全日制普通高等院校毕业,,True,1,False,0
164,,JC008,司法行政人员4,不限,1.0,本科学士及以上,"本科：会计专业、会计学专业、财务会计专业、财务电算化专业、会计与统计核算专业、财会专业
研究生：会计学专业、财务管理专业、工商管理硕士专业、会计硕士专业、管理硕士专业、管理专业硕士                                                                                                               ",是,3:1,无,2:1,全日制普通高等院校毕业,,False,0,False,0
165,"万州区
检察院",JC009,检察官助理1,男,2.0,本科学士及以上,法学类,否,3:1,无,2:1,全日制普通高等院校毕业；具有法律职业资格证书A证,023-58532131,False,0,True,2
166,,JC010,检察官助理2,不限,2.0,本科学士及以上,法学类,否,3:1,无,2:1,全日制普通高等院校毕业；具有法律职业资格证书A证,,False,0,False,0
167,,JC011,司法行政人员1,男,2.0,本科学士及以上,不限,否,3:1,无,2:1,全日制普通高等院校毕业,,False,0,True,2
168,,JC012,司法行政人员2,女,1.0,本科学士及以上,不限,否,3:1,无,2:1,全日制普通高等院校毕业,,True,1,False,0
169,,JC013,司法行政人员3,不限,1.0,本科学士及以上,计算机类,否,3:1,无,2:1,全日制普通高等院校毕业,,False,0,False,0
170,"黔江区
检察院",JC014,检察官助理,不限,1.0,本科学士及以上,法学类,否,3:1,无,2:1,全日制普通高等院校毕业；具有法律职业资格证书A证,023-79230667,False,0,False,0
171,"涪陵区
检察院",JC015,检察官助理1,男,2.0,本科学士及以上,法学类,否,3:1,无,2:1,全日制普通高等院校毕业；具有法律职业资格证书A证,023-72806022,False,0,True,2
172,,JC016,检察官助理2,女,1.0,本科学士及以上,法学类,否,3:1,无,2:1,全日制普通高等院校毕业；具有法律职业资格证书A证,,True,1,False,0
173,,JC017,检察官助理3,男,1.0,本科学士及以上,"本科：法学类、侦查学专业、侦察学专业、刑事侦查专业、刑事侦察专业、技术侦查专业、经济侦查专业、经济犯罪侦查专业、公安情报学专业
研究生：法学类、侦查学专业、公安情报学专业",否,3:1,无,2:1,全日制普通高等院校毕业；具有法律职业资格证书A证,,False,0,True,1
174,,JC018,检察官助理4,不限,1.0,本科学士及以上,法学类,否,3:1,无,2:1,全日制普通高等院校毕业；具有法律职业资格证书A证,,False,0,False,0
175,"渝中区
检察院",JC019,检察官助理1,男,1.0,本科学士及以上,法学类,否,3:1,无,2:1,全日制普通高等院校毕业；具有法律职业资格证书A证,023-63905079,False,0,True,1
176,,JC020,检察官助理2,女,1.0,本科学士及以上,法学类,否,3:1,无,2:1,全日制普通高等院校毕业；具有法律职业资格证书A证,,True,1,False,0
177,,JC021,司法行政人员,不限,1.0,本科学士及以上,"本科：汉语言文学专业、汉语言专业、文学专业、中国文学专业、新闻学专业、广播电视新闻学专业
研究生：中国语言文学类",否,3:1,无,2:1,全日制普通高等院校毕业,,False,0,False,0
178,"江北区
检察院",JC022,检察官助理1,男,2.0,研究生学历并取得硕士及以上相应学位,法学类,否,3:1,无,2:1,本科段和研究生段均为全日制普通高等院校毕业；具有法律职业资格证书A证,023-67560521,False,0,True,2
179,,JC023,检察官助理2,女,1.0,研究生学历并取得硕士及以上相应学位,法学类,否,3:1,无,2:1,本科段和研究生段均为全日制普通高等院校毕业；具有法律职业资格证书A证,,True,1,False,0
180,沙坪坝区检察院,JC024,检察官助理1,男,3.0,研究生学历并取得硕士及以上相应学位,法学类,否,3:1,无,2:1,本科段和研究生段均为全日制普通高等院校法学类专业毕业；具有法律职业资格证书A证,023-65352465,False,0,True,3
181,,JC025,检察官助理2,女,2.0,研究生学历并取得硕士及以上相应学位,法学类,否,3:1,无,2:1,本科段和研究生段均为全日制普通高等院校法学类专业毕业；具有法律职业资格证书A证,,True,2,False,0
182,,JC026,检察官助理3,不限,2.0,研究生学历并取得硕士及以上相应学位,民法学专业、行政诉讼法学专业、诉讼法学专业、民商法学专业、民商法专业、经济法学专业、环境与资源保护法学专业,否,3:1,无,2:1,本科段和研究生段均为全日制普通高等院校毕业；具有法律职业资格证书A证,,False,0,False,0
183,,JC027,司法行政人员,男,2.0,研究生学历并取得硕士及以上相应学位,法学类,否,3:1,无,2:1,本科段和研究生段均为全日制普通高等院校法学类专业毕业,,False,0,True,2
184,九龙坡区检察院,JC028,检察官助理1,男,5.0,本科学士,法学类,否,3:1,无,2:1,本科段为全日制普通高等院校毕业；具有法律职业资格证书A证,023-63426121,False,0,True,5
185,,JC029,检察官助理2,女,1.0,本科学士,法学类,否,3:1,无,2:1,本科段为全日制普通高等院校毕业；具有法律职业资格证书A证,,True,1,False,0
186,,JC030,检察官助理3,不限,2.0,本科学士,法学类,否,3:1,无,2:1,本科段为全日制普通高等院校毕业；具有法律职业资格证书A证,,False,0,False,0
187,"南岸区
检察院",JC031,检察官助理1,不限,1.0,研究生学历并取得硕士及以上相应学位,法学类,否,3:1,无,2:1,本科段和研究生段均为全日制普通高等院校法学类专业毕业；具有法律职业资格证书A证,023-61753339,False,0,False,0
188,,JC032,检察官助理2,男,1.0,本科学士及以上,"本科：侦查学专业、刑事侦查专业、技术侦查专业、经济侦查专业、经济犯罪侦查专业、公安情报学专业；
研究生：公安情报学专业、侦查学专业",否,3:1,无,2:1,全日制普通高等院校毕业；具有法律职业资格证书A证,,False,0,True,1
189,,JC033,检察技术人员,不限,1.0,本科学士及以上,"本科：计算机网络技术专业、计算机网络工程专业、计算机数据库数据技术专业、智能科学与技术专业、计算机系统维护专业、物联网工程专业、信息管理与信息系统专业；
研究生：计算机应用技术专业，计算机科学与技术专业，计算机与信息管理专业，计算机技术专业，信息安全专业",否,3:1,无,2:1,全日制普通高等院校毕业,,False,0,False,0
190,"北碚区
检察院",JC034,检察官助理,男,1.0,本科学士及以上,本科：法学专业、诉讼法专业、法律专业、刑事司法专业、大法学专业、经济法学专业、行政法专业、民商法专业                                          研究生：民法学专业、民商法专业、民商法学专业、经济法学专业、经济刑法学专业、刑法学专业            ,否,3:1,无,2:1,全日制普通高等院校毕业；具有法律职业资格证书A证,023-68341948,False,0,True,1
191,,JC035,司法行政人员1,不限,1.0,本科学士及以上,本科：会计专业、会计学专业、财务会计专业、会计电算专业、会计与统计核算专业、税务与会计专业                                            研究生：会计学专业、审计理论研究专业、政府审计理论与实务专业、内部控制与内部审计专业、独立审计与实务专业、审计学专业、财务管理管理专业、会计硕士专业                                                                                                                                       ,否,3:1,无,2:1,全日制普通高等院校毕业,,False,0,False,0
192,,JC036,司法行政人员2,女,1.0,本科学士及以上,本科：人力资源管理专业、行政管理专业、行政管理学专业、公共事业管理专业、劳动与社会保障专业、劳动和社会保障专业、公共关系学专业、公共关系专业、劳动关系专业、公共安全管理专业、教育管理专业                                                   研究生 ：行政管理专业、劳动与社会保障专业、社会保障专业、社会保障学专业、管理学专业、公共管理硕士专业                                                                                                    ,否,3:1,无,2:1,全日制普通高等院校毕业,,True,1,False,0
193,"渝北区
检察院",JC037,检察官助理1,男,3.0,研究生学历并取得硕士及以上相应学位,法学类,否,3:1,无,2:1,本科段和研究生段均为全日制普通高等院校法学类专业；具有法律职业资格证书A证,023-67181609,False,0,True,3
194,,JC038,检察官助理2 ,女,1.0,研究生学历并取得硕士及以上相应学位,法学类,否,3:1,无,2:1,本科段和研究生段均为全日制普通高等院校法学类专业；具有法律职业资格证书A证,,True,1,False,0
195,,JC039,检察官助理3,不限,1.0,研究生学历并取得硕士及以上相应学位,法学类,否,3:1,无,2:1,本科段和研究生段均为全日制普通高等院校法学类专业；具有法律职业资格证书A证,,False,0,False,0
196,"巴南区
检察院",JC040,检察官助理1,男,3.0,本科学士及以上,法学类,否,3:1,无,2:1,全日制普通高等院校毕业；具有法律职业资格证书A证,023-66227208,False,0,True,3
197,,JC041,检察官助理2,女,1.0,本科学士及以上,法学类,否,3:1,无,2:1,全日制普通高等院校毕业；具有法律职业资格证书A证,,True,1,False,0
198,"长寿区
检察院",JC042,检察官助理1,男,1.0,本科学士及以上,法学类,否,3:1,无,2:1,全日制普通高等院校毕业；具有法律职业资格证书A证,023-40580564,False,0,True,1
199,,JC043,检察官助理2,女,1.0,本科学士及以上,法学类,否,3:1,无,2:1,全日制普通高等院校毕业；具有法律职业资格证书A证,,True,1,False,0
200,,JC044,司法行政人员,男,1.0,本科学士,本科：汉语言文学专业、中国语言文学专业、文秘学专业、新闻学专业、广播电视新闻学专业、传播学专业、网络与新媒体专业、新媒体与信息网络专业,否,3:1,无,2:1,本科段为全日制普通高等院校毕业,,False,0,True,1
201,"江津区
检察院",JC045,检察官助理1,不限,2.0,研究生学历并取得硕士及以上相应学位,法学类,否,3:1,无,2:1,本科段和研究生段均为全日制普通高等院校法学类专业毕业；具有法律资格证书A证,023-47519051,False,0,False,0
202,,JC046,检察官助理2,男,2.0,本科学士及以上,法学类,否,3:1,无,2:1,全日制普通高等院校毕业；具有法律资格证书A证,,False,0,True,2
203,,JC047,检察官助理3,女,1.0,本科学士及以上,法学类,否,3:1,无,2:1,全日制普通高等院校毕业；具有法律资格证书A证,,True,1,False,0
204,,JC048,检察技术人员,男,1.0,本科学士及以上,计算机类,否,3:1,无,2:1,全日制普通高等院校毕业,,False,0,True,1
205,"永川区
检察院",JC049,检察官助理1,男,2.0,本科学士及以上,法学类,否,3:1,无,2:1,全日制普通高等院校毕业；具有法律职业资格证书A证,023-49585068,False,0,True,2
206,,JC050,检察官助理2,女,1.0,本科学士及以上,法学类,否,3:1,无,2:1,全日制普通高等院校毕业；具有法律职业资格证书A证,,True,1,False,0
207,,JC051,检察技术人员,不限,1.0,本科学士及以上,计算机类,否,3:1,无,2:1,全日制普通高等院校毕业；具有3年以上从事计算机工作经历,,False,0,False,0
208,"南川区
检察院",JC052,检察官助理1,男,1.0,本科学士及以上,法学类,否,3:1,无,2:1,全日制普通高等院校毕业；具有法律职业资格A证,023-64563280,False,0,True,1
209,,JC053,检察官助理2,女,1.0,本科学士及以上,法学类,否,3:1,无,2:1,全日制普通高等院校毕业；具有法律职业资格A证,,True,1,False,0
210,"綦江区
检察院",JC054,检察官助理,不限,2.0,本科学士及以上,法学类,否,3:1,无,2:1,全日制普通高等院校毕业；具有法律职业资格A证,"023-81713132
023-81713123",False,0,False,0
211,,JC055,司法行政人员1,不限,1.0,本科学士及以上,"本科：汉语言文学专业、汉语言专业、语言学专业、编辑学专业、汉语言文学教育专业、中国语言文化专业、中国语言文学专业、中文应用专业、应用语言学专业、文学专业、中国文学专业、秘书学专业、文秘专业、文秘学专业、现代秘书专业、新闻学专业、广播电视新闻学专业、编辑出版学专业、传播学专业、新闻专业、广告学专业、广播电视学专业、网络与新媒体专业、新媒体与信息网络专业
研究生：语言学及应用语言学专业、汉语言文字学专业",否,3:1,无,2:1,全日制普通高等院校毕业,,False,0,False,0
212,,JC056,司法行政人员2,不限,1.0,本科学士及以上,"本科：计算机科学技术专业、计算机网络技术专业、计算机网络工程专业、计算机网络技术工程专业、网络技术专业、网络工程专业、计算机管理专业、计算机应用专业、计算机控制专业、计算机控制技术专业、软件工程专业、信息与计算机科学专业、计算机系统维护专业、计算机应用技术专业、计算机硬件专业、计算机网络专业、计算机科学与技术专业、计算机及应用专业、计算机与信息管理专业、计算机信息管理专业、信息安全专业、信息安全工程专业、科技防卫专业
研究生：计算机类",否,3:1,无,2:1,全日制普通高等院校毕业,,False,0,False,0
213,"大足区
检察院",JC057,检察官助理1,男,2.0,本科学士及以上,法学类,否,3:1,无,2:1,全日制普通高等院校毕业；具有法律职业资格A证,023-64380567,False,0,True,2
214,,JC058,检察官助理2,女,1.0,本科学士及以上,法学类,否,3:1,无,2:1,全日制普通高等院校毕业；具有法律职业资格A证,,True,1,False,0
215,,JC059,司法行政人员,不限,1.0,本科学士及以上,中国语言文学类、新闻传播学类、政治学类,否,3:1,无,2:1,全日制普通高等院校毕业,,False,0,False,0
216,"璧山区
检察院",JC060,检察官助理1,男,2.0,研究生学历并取得硕士及以上相应学位,法学类,否,3:1,无,2:1,本科段和研究生段均为全日制普通高等院校毕业；具有法律职业资格证书A证,023-41777615,False,0,True,2
217,,JC061,检察官助理2,不限,1.0,研究生学历并取得硕士及以上相应学位,法学类,否,3:1,无,2:1,本科段和研究生段均为全日制普通高等院校毕业；具有法律职业资格证书A证,,False,0,False,0
218,,JC062,司法行政人员,女,1.0,本科学士及以上,"新闻传播学类、中国语言文学类、
图书情报与档案管理类、公共管理类、新闻传播学类",否,3:1,无,2:1,全日制普通高等院校毕业,,True,1,False,0
219,"铜梁区
检察院",JC063,检察官助理,不限,2.0,本科学士及以上,法学类、公安学类,否,3:1,无,2:1,全日制普通高等院校毕业；具有法律职业资格证书A证,023-64410669,False,0,False,0
220,,JC064,司法行政人员,不限,1.0,本科学士及以上,新闻传播学类,否,3:1,无,2:1,全日制普通高等院校毕业,,False,0,False,0
221,"潼南区
检察院",JC065,检察官助理1,男,1.0,本科学士,法学专业、诉讼法专业、法律专业、刑事司法专业、大法学专业、民商法专业,否,3:1,无,2:1,本科段为全日制普通高等院校毕业；具有法律职业资格证书A证,023-44591372,False,0,True,1
222,,JC066,检察官助理2,不限,1.0,本科学士,法学专业、诉讼法专业、法律专业、刑事司法专业、大法学专业、民商法专业,否,3:1,无,2:1,本科段为全日制普通高等院校毕业；具有法律职业资格证书A证,,False,0,False,0
223,,JC067,司法行政人员,女,1.0,本科学士,汉语言文学专业、汉语言专业、编辑学专业、汉语言文学教育专业、中国语言文学专业、中文应用专业、应用语言学专业、中国文学专业、文学专业、秘书学专业、文秘学专业、文秘专业、新闻学专业、广播电视新闻学专业、新闻专业、网络与新媒体专业,否,3:1,无,2:1,本科段为全日制普通高等院校毕业,,True,1,False,0
224,"荣昌区
检察院",JC068,检察官助理1,男,2.0,本科学士及以上,法学类,否,3:1,无,2:1,全日制普通高等院校毕业；具有法律职业资格证书A证,023-46235779,False,0,True,2
225,,JC069,检察官助理2,女,1.0,本科学士及以上,法学类,否,3:1,无,2:1,全日制普通高等院校毕业；具有法律职业资格证书A证,,True,1,False,0
226,"开州区
检察院",JC070,检察官助理,不限,1.0,本科学士及以上,法学类,否,3:1,无,2:1,全日制普通高等院校毕业；具有法律职业资格证书A证,023-64973306,False,0,False,0
227,"梁平区
检察院",JC071,检察官助理1,男,1.0,本科学士及以上,法学类,否,3:1,无,2:1,全日制普通高等院校毕业；具有法律职业资格证书A证,023-53239808,False,0,True,1
228,,JC072,检察官助理2,女,1.0,本科学士及以上,法学类,否,3:1,无,2:1,全日制普通高等院校毕业；具有法律职业资格证书A证,,True,1,False,0
229,,JC073,检察官助理3,不限,1.0,本科学士及以上,法学类,否,3:1,无,2:1,全日制普通高等院校毕业；具有法律职业资格证书A证,,False,0,False,0
230,"武隆区
检察院",JC074,检察官助理1,男,2.0,本科学士及以上,"本科：法学专业、诉讼法专业、法律专业、刑事司法专业、行政法专业、民商法专业
研究生：法学类",否,3:1,无,2:1,全日制普通高等院校毕业；具有法律职业资格证书A证,023-77712678,False,0,True,2
231,,JC075,检察官助理2,女,1.0,本科学士及以上,"本科：法学专业、诉讼法专业、法律专业、刑事司法专业、行政法专业、民商法专业
研究生：法学类",否,3:1,无,2:1,全日制普通高等院校毕业；具有法律职业资格证书A证,,True,1,False,0
232,,JC076,司法行政人员,男,1.0,本科学士,财务管理专业、会计专业、会计学专业、财务会计专业、会计与统计核算专业、财会专业,否,3:1,无,2:1,本科段为全日制普通高等院校毕业；具有2年以上会计工作经历,,False,0,True,1
233,"丰都县
检察院",JC077,检察官助理1,男,3.0,本科学士及以上,法学类,否,3:1,无,2:1,全日制普通高等院校毕业；具有法律职业资格证书A证,023-70713531,False,0,True,3
234,,JC078,检察官助理2,女,1.0,本科学士及以上,法学类,否,3:1,无,2:1,全日制普通高等院校毕业；具有法律职业资格证书A证,,True,1,False,0
235,,JC079,检察官助理3,不限,2.0,本科学士及以上,法学类,否,3:1,无,2:1,全日制普通高等院校毕业；具有法律职业资格证书A证,,False,0,False,0
236,,JC080,检察官助理4,男,1.0,本科学士,法学专业、治安学专业、侦查学专业、侦察学专业、刑事侦查专业、刑事侦察专业、经济犯罪侦查专业、经济侦查专业,否,3:1,无,2:1,本科段为全日制普通高等院校毕业；具有法律职业资格证书A证,,False,0,True,1
237,"垫江县
检察院",JC081,检察官助理1,男,1.0,本科学士及以上,法学类,否,3:1,无,2:1,全日制普通高等院校毕业；具有法律职业资格证书A证,023-74693303,False,0,True,1
238,,JC082,检察官助理2,女,1.0,本科学士及以上,法学类,否,3:1,无,2:1,全日制普通高等院校毕业；具有法律职业资格证书A证,,True,1,False,0
239,,JC083,司法行政人员,不限,1.0,本科学士及以上,法学类、新闻传播学类,否,3:1,无,2:1,全日制普通高等院校毕业,,False,0,False,0
240,"奉节县
检察院",JC084,检察官助理1,男,1.0,本科学士及以上,法学类,否,3:1,无,2:1,全日制普通高等院校毕业；具有法律职业资格证书A证,023-56516789,False,0,True,1
241,,JC085,检察官助理2,女,1.0,本科学士及以上,法学类,否,3:1,无,2:1,全日制普通高等院校毕业；具有法律职业资格证书A证,,True,1,False,0
242,"巫山县
检察院",JC086,检察官助理1,男,2.0,本科学士及以上,法学类,否,3:1,无,2:1,全日制普通高等院校毕业；具有法律职业资格证书A证,023-57650897,False,0,True,2
243,,JC087,检察官助理2,女,1.0,本科学士及以上,法学类,否,3:1,无,2:1,全日制普通高等院校毕业；具有法律职业资格证书A证,,True,1,False,0
244,,JC088,司法行政人员,不限,1.0,本科学士及以上,中国语言文学类、哲学类、社会学类,否,3:1,无,2:1,全日制普通高等院校毕业,,False,0,False,0
245,"巫溪县
检察院",JC089,检察官助理1,男,2.0,本科学士及以上,不限,否,3:1,无,2:1,全日制普通高等院校毕业；具有法律职业资格证书A证,023-51527170,False,0,True,2
246,,JC090,检察官助理2,女,1.0,本科学士及以上,不限,否,3:1,无,2:1,全日制普通高等院校毕业；具有法律职业资格证书A证,,True,1,False,0
247,,JC091,检察官助理3,不限,1.0,本科学士及以上,法学类,否,3:1,无,2:1,全日制普通高等院校毕业；具有法律职业资格证书A证,,False,0,False,0
248,,JC092,司法行政人员,男,2.0,本科学士及以上,中国语言文学类,否,3:1,无,2:1,全日制普通高等院校毕业,,False,0,True,2
249,"石柱县
检察院",JC093,司法行政人员,不限,1.0,本科学士,秘书学专业、文秘专业、文秘学专业、新闻学专业、新闻专业、广播电视新闻学专业,否,3:1,无,2:1,本科段为全日制普通高等院校毕业,023-73394133,False,0,False,0
250,"酉阳县
检察院",JC094,检察官助理1,男,2.0,本科学士及以上,法学类,否,3:1,无,2:1,全日制普通高等院校毕业；具有法律职业资格证书C证及以上,023-75559171,False,0,True,2
251,,JC095,检察官助理2,女,2.0,本科学士及以上,法学类,否,3:1,无,2:1,全日制普通高等院校毕业；具有法律职业资格证书C证及以上,,True,2,False,0
252,,JC096,司法行政人员,男,1.0,本科学士及以上,中国语言文学类、新闻传播学类,否,3:1,无,2:1,全日制普通高等院校毕业,,False,0,True,1
253,"彭水县
检察院",JC097,检察官助理1,男,1.0,本科学士及以上,不限,否,3:1,无,2:1,全日制普通高等院校毕业；具有法律职业资格证书C证及以上,023-64704466,False,0,True,1
254,,JC098,检察官助理2,女,1.0,本科学士及以上,不限,否,3:1,无,2:1,全日制普通高等院校毕业；具有法律职业资格证书C证及以上,,True,1,False,0
255,铁路运输检察院,JC099,检察官助理,不限,1.0,本科学士,法学专业、知识产权专业、知识产权法专业、行政法专业、民商法专业、经济法专业,否,3:1,无,2:1,本科段为全日制普通高等院校毕业；具有法律职业资格证书A证,023-61641248,False,0,False,0
256,"备注：1.报考人员所填报专业以毕业证书上载明的专业为准。
            2.2018年参加国家统一法律职业资格考试成绩达到重庆市合格线的，视为取得相应法律职业资格证书。 ",,,,,,,,,,,,,False,0,False,0
